Timestamp,Hold Time,Customer ID,Complaint Type,Agent ID,Call Duration,Resolution Status,start_time,end_time
2025-01-01 00:02:42,05:26,EU62NVUAI6KX6D2,Billing,7OCTF99Y2J,57:49,Pending,2025-01-01 00:08:08,2025-01-01 01:05:57
2025-01-01 01:13:07,06:13,RR6R9H1Z46FQV1E,Technical Support,GNRXZWLKN3,21:27,Resolved,2025-01-01 01:19:20,2025-01-01 01:40:47
2025-01-01 01:55:49,08:03,LEW5NODS1OA9V9Q,Technical Support,8JCHDLU8MR,18:41,Resolved,2025-01-01 02:03:52,2025-01-01 02:22:33
2025-01-01 02:03:33,02:15,ZKVCQ13GOBBJYAQ,Technical Support,1LFL7ED7C7,33:47,Resolved,2025-01-01 02:05:48,2025-01-01 02:39:35
2025-01-01 03:57:31,08:41,UYTW9B1WGAR1YEF,Billing,4T5D6A26PA,55:19,Resolved,2025-01-01 04:06:12,2025-01-01 05:01:31
2025-01-01 04:39:14,06:02,72M7201T5ZE8EY7,Billing,37DNZDU8U3,35:00,Resolved,2025-01-01 04:45:16,2025-01-01 05:20:16
2025-01-01 05:03:07,02:30,N0DREZ762LWKYKX,Account Management,9Q68LCMIE2,04:09,Resolved,2025-01-01 05:05:37,2025-01-01 05:09:46
2025-01-01 09:42:33,07:43,9RCQMM879YR7RJX,Account Management,O8C1FO5MR8,36:23,Resolved,2025-01-01 09:50:16,2025-01-01 10:26:39
2025-01-01 10:18:49,03:16,V7BVRJLGOBJJ8K5,Account Management,GNRXZWLKN3,23:44,Resolved,2025-01-01 10:22:05,2025-01-01 10:45:49
2025-01-01 10:33:48,05:32,1UD6G8JX76AUZ46,Account Management,0761T5NPZW,41:58,Resolved,2025-01-01 10:39:20,2025-01-01 11:21:18
2025-01-01 10:34:26,05:17,HRSSY7XET5THYHI,Account Management,V5V4TS8NDE,52:12,Resolved,2025-01-01 10:39:43,2025-01-01 11:31:55
2025-01-01 10:48:22,09:50,A8NJU0M84ZWZ93N,Technical Support,BPMJS8EW15,22:02,Resolved,2025-01-01 10:58:12,2025-01-01 11:20:14
2025-01-01 10:59:44,05:52,194QEHCNNMQZSQY,Billing,EGGPRLOCG3,43:23,Resolved,2025-01-01 11:05:36,2025-01-01 11:48:59
2025-01-01 12:04:53,05:39,4RB5XKHZWE77XK3,Technical Support,RPT5QREKGU,51:22,Resolved,2025-01-01 12:10:32,2025-01-01 13:01:54
2025-01-01 12:26:47,00:48,Y5CWUP3WFOHFO43,Account Management,1VG1M0PIBT,27:29,Resolved,2025-01-01 12:27:35,2025-01-01 12:55:04
2025-01-01 12:50:00,06:40,86VTPIX81TBHUHT,General Inquiry,A5YQZAZQVF,14:05,Pending,2025-01-01 12:56:40,2025-01-01 13:10:45
2025-01-01 14:20:03,00:42,RAMFBKKO3IYBN09,Technical Support,FWFIHGPQRA,11:53,Resolved,2025-01-01 14:20:45,2025-01-01 14:32:38
2025-01-01 15:24:54,05:03,Z5IUCQQ60E6CV7Y,Billing,UKSG9Z7EZP,31:58,Resolved,2025-01-01 15:29:57,2025-01-01 16:01:55
2025-01-01 16:21:21,03:36,PNXSEEN1HJNRJ8C,Technical Support,XSD3YKA0T1,13:20,Resolved,2025-01-01 16:24:57,2025-01-01 16:38:17
2025-01-01 16:26:19,00:28,KPQX6PSKOAJZDJB,Technical Support,JSA39T01BU,23:33,Resolved,2025-01-01 16:26:47,2025-01-01 16:50:20
2025-01-01 16:55:09,07:37,SXEJN0YOOHLCCJJ,Technical Support,MP7H6OVL7T,22:12,Resolved,2025-01-01 17:02:46,2025-01-01 17:24:58
2025-01-01 18:20:36,05:34,LTM4NXVM43IG95J,Billing,6X3YD9OB2R,09:15,Resolved,2025-01-01 18:26:10,2025-01-01 18:35:25
2025-01-01 20:56:15,02:42,O5UDCGPCN5AL49J,Billing,0Y1E3L6NGJ,10:41,Resolved,2025-01-01 20:58:57,2025-01-01 21:09:38
2025-01-01 22:18:28,06:14,G1OMQN7YD9XWXWM,Technical Support,39FAPH8540,16:39,Resolved,2025-01-01 22:24:42,2025-01-01 22:41:21
2025-01-01 22:26:16,02:28,6DNI3GGQR5IXGM6,General Inquiry,37DNZDU8U3,55:52,Resolved,2025-01-01 22:28:44,2025-01-01 23:24:36
2025-01-01 22:52:15,07:39,5PPKNJXWYBAFBEJ,Technical Support,ADM4GLNMAU,49:31,Resolved,2025-01-01 22:59:54,2025-01-01 23:49:25
2025-01-02 01:02:54,04:38,QF7G98NG1T2O12H,Technical Support,FCT1GG1XFB,35:47,Resolved,2025-01-02 01:07:32,2025-01-02 01:43:19
2025-01-02 01:02:26,05:17,LAIL9AE3EJCLU6G,Billing,X6943R0AP1,37:06,Resolved,2025-01-02 01:07:43,2025-01-02 01:44:49
2025-01-02 02:06:36,01:26,1WFHUI9NTG1QZA9,General Inquiry,PHRUFX08XU,38:25,Resolved,2025-01-02 02:08:02,2025-01-02 02:46:27
2025-01-02 04:07:01,03:29,9NE22R264P2W2GW,Billing,Z7LLIDN5OS,05:41,Resolved,2025-01-02 04:10:30,2025-01-02 04:16:11
2025-01-02 04:44:51,07:28,YOZJGCO1RI7XQ6O,Service Outage,D40MTMDIVI,03:45,Resolved,2025-01-02 04:52:19,2025-01-02 04:56:04
2025-01-02 04:49:35,08:38,G82SOJ1KHU5RVQO,Technical Support,O8C1FO5MR8,43:52,Escalated,2025-01-02 04:58:13,2025-01-02 05:42:05
2025-01-02 05:03:59,02:20,YD0RM75JQII4P34,Technical Support,RPT5QREKGU,35:31,Resolved,2025-01-02 05:06:19,2025-01-02 05:41:50
2025-01-02 07:01:46,04:03,FQRQF03UAIL4NFW,Feedback,1AL9HOBOYN,37:10,Resolved,2025-01-02 07:05:49,2025-01-02 07:42:59
2025-01-02 07:27:01,06:06,795RI1P96NQB3QN,Technical Support,IEGIKR1KA4,40:59,Resolved,2025-01-02 07:33:07,2025-01-02 08:14:06
2025-01-02 07:37:35,03:16,NQLBL686C6TUSLX,General Inquiry,XSD3YKA0T1,41:10,Resolved,2025-01-02 07:40:51,2025-01-02 08:22:01
2025-01-02 08:20:06,07:34,TQIW4BCSOQBDR8V,Cancellation,085B1M387E,06:53,Resolved,2025-01-02 08:27:40,2025-01-02 08:34:33
2025-01-02 10:04:15,01:15,DDBTYK5DCX27XUI,Service Outage,B1P6SR1QFX,26:58,Resolved,2025-01-02 10:05:30,2025-01-02 10:32:28
2025-01-02 11:09:42,08:28,5DY9BEZW090HTLP,Technical Support,8JCHDLU8MR,46:58,Resolved,2025-01-02 11:18:10,2025-01-02 12:05:08
2025-01-02 13:01:00,08:51,073MK9H9KDKL2U4,Technical Support,VC9M3WX8IU,28:18,Resolved,2025-01-02 13:09:51,2025-01-02 13:38:09
2025-01-02 13:13:30,05:11,PIAIJ8ZPPH9US9Z,General Inquiry,7OCTF99Y2J,49:43,Pending,2025-01-02 13:18:41,2025-01-02 14:08:24
2025-01-02 13:53:47,09:26,4BXE7BERSJYGYNX,Technical Support,44JS0VDTJH,02:47,Resolved,2025-01-02 14:03:13,2025-01-02 14:06:00
2025-01-02 13:59:38,05:05,WY1ST0MSES4CTXA,Technical Support,QO059NJJH4,51:54,Resolved,2025-01-02 14:04:43,2025-01-02 14:56:37
2025-01-02 14:35:18,01:41,1TJZEB58MNYQSQH,Technical Support,YPK1BT8J0S,57:13,Resolved,2025-01-02 14:36:59,2025-01-02 15:34:12
2025-01-02 15:22:48,02:31,X3IMXB36ZT087AF,General Inquiry,XDW8DBKKTA,21:13,Resolved,2025-01-02 15:25:19,2025-01-02 15:46:32
2025-01-02 15:22:42,04:05,TP73ITTDAPL31FA,Service Outage,5VNLH19TUN,39:19,Escalated,2025-01-02 15:26:47,2025-01-02 16:06:06
2025-01-02 15:47:31,06:44,BOP86NBBLHAIAD3,Technical Support,LUWWI3OOZ7,37:11,Resolved,2025-01-02 15:54:15,2025-01-02 16:31:26
2025-01-02 16:43:40,08:38,LGDO1QMFGI4QOTI,Billing,XDW8DBKKTA,28:51,Resolved,2025-01-02 16:52:18,2025-01-02 17:21:09
2025-01-02 17:24:40,01:44,5CRD31COP2Q1T4Q,Technical Support,74UIL5DLP5,08:57,Resolved,2025-01-02 17:26:24,2025-01-02 17:35:21
2025-01-02 18:57:18,05:59,3RO6BDWGOVB7OCR,Billing,74UIL5DLP5,17:24,Resolved,2025-01-02 19:03:17,2025-01-02 19:20:41
2025-01-02 19:37:45,07:47,HX0MQX8R5KR6159,Billing,3V48BHVVEW,26:12,Resolved,2025-01-02 19:45:32,2025-01-02 20:11:44
2025-01-02 22:57:49,02:44,B4PKC4W46UZCO5Y,Billing,UKSG9Z7EZP,06:13,Resolved,2025-01-02 23:00:33,2025-01-02 23:06:46
2025-01-02 23:17:11,00:30,KD8L56ZKX0JMO60,Technical Support,S79YBSAU2M,49:40,Resolved,2025-01-02 23:17:41,2025-01-03 00:07:21
2025-01-02 23:38:14,06:32,WHULAD90AOAILG9,Account Management,7MBSDGR63V,12:53,Resolved,2025-01-02 23:44:46,2025-01-02 23:57:39
2025-01-02 23:50:28,05:19,4N2OFAWSX6MKJHM,Feedback,59JLNXQF04,14:59,Resolved,2025-01-02 23:55:47,2025-01-03 00:10:46
2025-01-03 00:39:02,08:18,X3N386FJ4RP5ZL6,Billing,D8OAOCGR0A,57:49,Resolved,2025-01-03 00:47:20,2025-01-03 01:45:09
2025-01-03 01:44:02,07:11,E6CLUNLV5NVVL42,Technical Support,ZO0Y9E4YJE,39:48,Resolved,2025-01-03 01:51:13,2025-01-03 02:31:01
2025-01-03 01:50:00,02:26,3ZVZT4BG4OWMQY7,Cancellation,GML5G1C6G5,57:55,Resolved,2025-01-03 01:52:26,2025-01-03 02:50:21
2025-01-03 02:49:44,08:52,N41VR61WJ85H2KK,General Inquiry,TEDTSF5RDM,32:44,Pending,2025-01-03 02:58:36,2025-01-03 03:31:20
2025-01-03 03:07:10,04:59,GYJ21OKS4BS3BM5,Technical Support,457067XAP5,06:10,Pending,2025-01-03 03:12:09,2025-01-03 03:18:19
2025-01-03 03:36:59,03:37,XKWEH8FI1NKBAX1,Billing,1IXDU7LJ7N,21:26,Resolved,2025-01-03 03:40:36,2025-01-03 04:02:02
2025-01-03 07:20:50,04:10,RBDDCUSCJ8CRMOG,Technical Support,XEWXNQAQ1M,51:39,Resolved,2025-01-03 07:25:00,2025-01-03 08:16:39
2025-01-03 08:08:34,06:45,QOBB26MLHYNSGDE,Technical Support,YUAB483264,41:08,Resolved,2025-01-03 08:15:19,2025-01-03 08:56:27
2025-01-03 09:03:16,01:59,OMP0C0LAIP9CJY0,Technical Support,6X3YD9OB2R,20:46,Resolved,2025-01-03 09:05:15,2025-01-03 09:26:01
2025-01-03 09:32:16,00:34,1VC6RG69H9KMTP7,Technical Support,0Y1E3L6NGJ,47:05,Resolved,2025-01-03 09:32:50,2025-01-03 10:19:55
2025-01-03 10:19:14,03:42,VYRIP1PBB0K4SBH,Technical Support,VK191ROIQA,10:43,Resolved,2025-01-03 10:22:56,2025-01-03 10:33:39
2025-01-03 10:52:30,05:16,ULGZ0JLFCU7YXBY,Technical Support,17UN2SAOKL,02:54,Resolved,2025-01-03 10:57:46,2025-01-03 11:00:40
2025-01-03 11:09:33,02:55,3MET8WZ0043D1ET,Technical Support,54X1HVG1MX,42:17,Resolved,2025-01-03 11:12:28,2025-01-03 11:54:45
2025-01-03 11:10:10,04:56,LRSKIKEOS7BWVDO,Technical Support,3U00VGSYNE,39:11,Resolved,2025-01-03 11:15:06,2025-01-03 11:54:17
2025-01-03 11:43:45,02:33,W005D2MKPNKYR8I,Technical Support,TJDWLI1WIX,33:47,Pending,2025-01-03 11:46:18,2025-01-03 12:20:05
2025-01-03 13:10:38,03:50,GOR02UK16JP38TE,Account Management,S6O4QFAVC5,01:28,Resolved,2025-01-03 13:14:28,2025-01-03 13:15:56
2025-01-03 13:58:03,08:00,0B9ENUU7E6AVNZ9,Service Outage,54X1HVG1MX,44:45,Resolved,2025-01-03 14:06:03,2025-01-03 14:50:48
2025-01-03 14:09:12,00:43,V00Q51VSAJ4IJ9X,Feedback,8ACJRX8UY3,33:48,Pending,2025-01-03 14:09:55,2025-01-03 14:43:43
2025-01-03 14:34:56,04:23,7GZ4J1D1G2LNE1E,Billing,EK8VO248TP,03:36,Pending,2025-01-03 14:39:19,2025-01-03 14:42:55
2025-01-03 15:16:26,01:20,HN49FLSE4UDG1O2,Billing,007NG3XQ3G,42:06,Escalated,2025-01-03 15:17:46,2025-01-03 15:59:52
2025-01-03 16:05:53,09:12,KLNHZB90AXQLLQQ,General Inquiry,PM9YVO7WKX,10:19,Resolved,2025-01-03 16:15:05,2025-01-03 16:25:24
2025-01-03 16:17:55,02:56,ZYCGM75IGP5EQYV,Billing,GNRXZWLKN3,44:16,Resolved,2025-01-03 16:20:51,2025-01-03 17:05:07
2025-01-03 16:12:07,09:39,V96DE7FJ096WD2V,Billing,3ZYBQMTA2D,36:43,Resolved,2025-01-03 16:21:46,2025-01-03 16:58:29
2025-01-03 16:36:09,04:31,XWTJWIOH3E6T76J,Account Management,KW1AUC5UYS,40:47,Resolved,2025-01-03 16:40:40,2025-01-03 17:21:27
2025-01-03 17:52:01,04:34,43OFYUGW9I42SJ4,Service Outage,7X144YH978,55:35,Escalated,2025-01-03 17:56:35,2025-01-03 18:52:10
2025-01-03 18:20:19,04:24,UJE931DPCGVKI3E,Technical Support,1IXDU7LJ7N,26:23,Resolved,2025-01-03 18:24:43,2025-01-03 18:51:06
2025-01-03 18:48:46,09:36,764NUNG77Y318CI,Billing,JSA39T01BU,16:45,Resolved,2025-01-03 18:58:22,2025-01-03 19:15:07
2025-01-03 19:47:22,07:50,DLRI714NOZHLYNU,Technical Support,AT7A0210XJ,06:06,Resolved,2025-01-03 19:55:12,2025-01-03 20:01:18
2025-01-03 20:34:06,01:27,U7JIJ8Z4EAUPVEQ,Technical Support,59JLNXQF04,20:18,Resolved,2025-01-03 20:35:33,2025-01-03 20:55:51
2025-01-03 21:15:17,07:22,B8P7NX519FC0PF1,Technical Support,2AYZTIKJXT,10:52,Resolved,2025-01-03 21:22:39,2025-01-03 21:33:31
2025-01-03 22:35:52,01:17,SRA2XOXTM9XI703,Billing,007NG3XQ3G,06:27,Resolved,2025-01-03 22:37:09,2025-01-03 22:43:36
2025-01-03 23:51:29,06:08,CJAIQXRNIQ1028U,Cancellation,5VEP98O7UQ,10:57,Pending,2025-01-03 23:57:37,2025-01-04 00:08:34
2025-01-03 23:58:53,05:29,YT5V1LPBM5YHM8B,General Inquiry,YEP4P8AQ7E,48:15,Resolved,2025-01-04 00:04:22,2025-01-04 00:52:37
2025-01-04 00:44:10,02:43,QIOHC2QQRXF0TSH,Technical Support,YI15YKJ0XL,58:58,Resolved,2025-01-04 00:46:53,2025-01-04 01:45:51
2025-01-04 00:40:52,08:00,CAJS05Q0BX7YGVU,Billing,S79YBSAU2M,35:55,Resolved,2025-01-04 00:48:52,2025-01-04 01:24:47
2025-01-04 00:42:02,09:41,SOGC95F8DEFJZE9,Billing,V5V4TS8NDE,21:47,Resolved,2025-01-04 00:51:43,2025-01-04 01:13:30
2025-01-04 00:46:59,06:37,2MNXHJE4JZACGXZ,Technical Support,LLH4X2TYCI,18:06,Resolved,2025-01-04 00:53:36,2025-01-04 01:11:42
2025-01-04 01:59:37,05:55,U3ANN7EGJEJ6UGQ,Technical Support,8JCHDLU8MR,33:30,Resolved,2025-01-04 02:05:32,2025-01-04 02:39:02
2025-01-04 02:29:00,02:59,0DODI4Y78375RKX,Technical Support,YPYPG0LW78,09:29,Resolved,2025-01-04 02:31:59,2025-01-04 02:41:28
2025-01-04 02:56:30,05:47,NWARQ7EVNUL9NG9,Billing,U6QDU5HHQQ,42:09,Resolved,2025-01-04 03:02:17,2025-01-04 03:44:26
2025-01-04 03:00:48,03:06,OK29BGNEEUJYV8M,Technical Support,XM8ZK94HBU,15:24,Pending,2025-01-04 03:03:54,2025-01-04 03:19:18
2025-01-04 03:09:09,06:57,T3IIV3UWP1N3XRL,Technical Support,12DTJCOZP9,34:15,Resolved,2025-01-04 03:16:06,2025-01-04 03:50:21
2025-01-04 03:29:38,01:27,65SEADAP0942ZB6,Billing,PEVGAFDH75,44:53,Resolved,2025-01-04 03:31:05,2025-01-04 04:15:58
2025-01-04 03:23:18,09:51,H79T1G6TJUKAAKI,Feedback,S6VZ0HTHQP,34:58,Escalated,2025-01-04 03:33:09,2025-01-04 04:08:07
2025-01-04 03:33:45,00:59,LQHZ6IU6J2OF1QF,Account Management,FCT1GG1XFB,51:48,Resolved,2025-01-04 03:34:44,2025-01-04 04:26:32
2025-01-04 03:54:08,05:37,DRY3TKX22FNO0VN,Technical Support,6HLV8VQK6Q,52:08,Resolved,2025-01-04 03:59:45,2025-01-04 04:51:53
2025-01-04 04:28:12,04:18,DBF5K2DGX49XDFT,Technical Support,XI049RV3AX,48:27,Resolved,2025-01-04 04:32:30,2025-01-04 05:20:57
2025-01-04 05:38:47,02:31,6VN9OZO8268VUBK,Technical Support,D4AJ1PF4A3,09:11,Resolved,2025-01-04 05:41:18,2025-01-04 05:50:29
2025-01-04 06:45:31,07:02,PZ08UOSLLW3A1ML,Technical Support,TVC724P4JN,22:40,Resolved,2025-01-04 06:52:33,2025-01-04 07:15:13
2025-01-04 08:34:14,05:31,4OS20B1FPDS9L4I,Technical Support,COSU7XWCCI,32:42,Resolved,2025-01-04 08:39:45,2025-01-04 09:12:27
2025-01-04 09:48:52,09:41,FSF6OW6227TXM3I,Feedback,YPK1BT8J0S,51:15,Resolved,2025-01-04 09:58:33,2025-01-04 10:49:48
2025-01-04 10:01:43,00:20,NK84CDBHD1YXWC2,Technical Support,YI15YKJ0XL,48:18,Pending,2025-01-04 10:02:03,2025-01-04 10:50:21
2025-01-04 10:33:41,02:50,D0IFFU3DFHTK0PR,Billing,5VNLH19TUN,16:50,Pending,2025-01-04 10:36:31,2025-01-04 10:53:21
2025-01-04 11:02:40,06:52,O1YYGSSC82M8VIZ,Technical Support,RPT5QREKGU,07:13,Resolved,2025-01-04 11:09:32,2025-01-04 11:16:45
2025-01-04 11:33:55,07:32,6989S8ZFA4BIKZS,Technical Support,YA1JOJWQND,30:38,Resolved,2025-01-04 11:41:27,2025-01-04 12:12:05
2025-01-04 12:04:08,03:59,ORQP27N9HYZSECJ,Technical Support,4HX3UNW16M,31:42,Resolved,2025-01-04 12:08:07,2025-01-04 12:39:49
2025-01-04 12:10:57,08:27,FDB04B083X7CMP4,Technical Support,007NG3XQ3G,13:06,Resolved,2025-01-04 12:19:24,2025-01-04 12:32:30
2025-01-04 12:55:03,07:19,CJ8RKQPEY6VRI5Z,Billing,Z5Z0F8NXL7,24:43,Resolved,2025-01-04 13:02:22,2025-01-04 13:27:05
2025-01-04 14:02:59,04:41,ZVH2TPNK1KVGEG0,Billing,7YEQF534VU,24:44,Pending,2025-01-04 14:07:40,2025-01-04 14:32:24
2025-01-04 14:31:15,00:47,06L7ROCPW39C460,Billing,8BG1XV1CR5,17:45,Resolved,2025-01-04 14:32:02,2025-01-04 14:49:47
2025-01-04 16:25:16,07:09,2SL9KU6E4HGI7Y1,Technical Support,37DNZDU8U3,01:25,Escalated,2025-01-04 16:32:25,2025-01-04 16:33:50
2025-01-04 17:15:06,09:27,KI1SAIXTUL2S20S,Technical Support,8ACJRX8UY3,26:55,Resolved,2025-01-04 17:24:33,2025-01-04 17:51:28
2025-01-04 17:23:03,02:48,GL4V34TX10J58BF,Billing,1A4C3UMET3,28:08,Resolved,2025-01-04 17:25:51,2025-01-04 17:53:59
2025-01-04 18:28:42,07:32,JIZPQ0R2EMIEAUM,General Inquiry,3V48BHVVEW,45:45,Resolved,2025-01-04 18:36:14,2025-01-04 19:21:59
2025-01-04 18:36:34,01:59,9GRHH670BJ0D6SD,Billing,OJG75KVJ38,09:30,Resolved,2025-01-04 18:38:33,2025-01-04 18:48:03
2025-01-04 20:34:54,09:40,WXUYGIIYCEKWUZO,Technical Support,8U07NRPZ6W,15:19,Pending,2025-01-04 20:44:34,2025-01-04 20:59:53
2025-01-04 21:02:10,05:56,DNDYB8AP1RH887P,General Inquiry,12DTJCOZP9,11:38,Resolved,2025-01-04 21:08:06,2025-01-04 21:19:44
2025-01-04 21:29:56,02:50,NY86NT6VFQGTX4T,Account Management,5ZHF59CO65,12:59,Resolved,2025-01-04 21:32:46,2025-01-04 21:45:45
2025-01-04 21:26:41,08:51,C8XRFXU53MAAJ1J,General Inquiry,D4AJ1PF4A3,09:02,Resolved,2025-01-04 21:35:32,2025-01-04 21:44:34
2025-01-04 21:29:12,09:03,0ZV4Q2A6EIW78QW,Billing,G708AXCHKB,59:25,Resolved,2025-01-04 21:38:15,2025-01-04 22:37:40
2025-01-04 22:33:52,01:08,K89I3YIUCN62CI8,Billing,PZ03EAIP33,47:19,Resolved,2025-01-04 22:35:00,2025-01-04 23:22:19
2025-01-04 22:33:16,02:23,RH1PQPP8OG7FH7I,Technical Support,ILPNQ5U024,54:56,Resolved,2025-01-04 22:35:39,2025-01-04 23:30:35
2025-01-04 22:47:06,08:25,C3XO2NZ0X4QYU2W,Account Management,2ALL1VH8LI,42:07,Resolved,2025-01-04 22:55:31,2025-01-04 23:37:38
2025-01-04 22:51:35,09:09,FMF4ZZ707OFT4XY,Billing,IXQ62APEP6,50:16,Resolved,2025-01-04 23:00:44,2025-01-04 23:51:00
2025-01-04 23:07:00,03:51,KWJFS7M8Q9XTGFW,Technical Support,085B1M387E,21:48,Resolved,2025-01-04 23:10:51,2025-01-04 23:32:39
2025-01-04 23:14:49,07:48,6E32AJOQDM4GEHY,Technical Support,0R5MVVD23K,04:15,Escalated,2025-01-04 23:22:37,2025-01-04 23:26:52
2025-01-05 00:08:18,00:32,38R9WRLKRG198UC,Billing,407MBTYMFR,27:07,Resolved,2025-01-05 00:08:50,2025-01-05 00:35:57
2025-01-05 00:48:55,05:53,Z0LCR99ER7XOMLU,Billing,V62ER53MJK,06:17,Resolved,2025-01-05 00:54:48,2025-01-05 01:01:05
2025-01-05 01:21:41,09:33,WF5YD0DSIJHGL5S,General Inquiry,84BIZX56CX,38:30,Resolved,2025-01-05 01:31:14,2025-01-05 02:09:44
2025-01-05 02:13:12,02:51,HFJCEM4A8K7HANV,Account Management,XDW8DBKKTA,22:18,Resolved,2025-01-05 02:16:03,2025-01-05 02:38:21
2025-01-05 03:20:12,02:58,MCXD76Y8I2N7HIJ,General Inquiry,0761T5NPZW,26:52,Resolved,2025-01-05 03:23:10,2025-01-05 03:50:02
2025-01-05 03:29:45,05:08,44F116WJRA0YNMS,Service Outage,XTT9VHOD0A,19:06,Resolved,2025-01-05 03:34:53,2025-01-05 03:53:59
2025-01-05 04:04:06,03:35,5BIQONDT4S8PC6H,Technical Support,VD1D20T3OW,10:32,Resolved,2025-01-05 04:07:41,2025-01-05 04:18:13
2025-01-05 05:32:07,00:18,IPRUYVTZ2N0MEHC,Technical Support,0Y1E3L6NGJ,26:36,Resolved,2025-01-05 05:32:25,2025-01-05 05:59:01
2025-01-05 05:35:16,01:48,QODL4AMBGKF8PJS,Technical Support,EK8VO248TP,46:51,Resolved,2025-01-05 05:37:04,2025-01-05 06:23:55
2025-01-05 06:29:42,00:20,GM0Q7A2C3ALQCNK,Billing,IZKBKAZ8RY,50:36,Resolved,2025-01-05 06:30:02,2025-01-05 07:20:38
2025-01-05 07:29:05,05:29,75KAU056YWJKI1R,Technical Support,UU8K4SSRXB,17:44,Escalated,2025-01-05 07:34:34,2025-01-05 07:52:18
2025-01-05 07:36:17,08:09,FRN6HV49B99APPM,Billing,QKJW9MJ1FN,20:18,Resolved,2025-01-05 07:44:26,2025-01-05 08:04:44
2025-01-05 09:48:11,08:09,F2CONM96DQL1XJ4,Billing,BPMJS8EW15,07:46,Resolved,2025-01-05 09:56:20,2025-01-05 10:04:06
2025-01-05 10:23:02,00:38,D5OGSTHPPMBM5UN,Technical Support,S6VZ0HTHQP,09:30,Resolved,2025-01-05 10:23:40,2025-01-05 10:33:10
2025-01-05 10:34:48,01:43,CX82MK9ZWZGEQFA,Technical Support,VK191ROIQA,21:34,Resolved,2025-01-05 10:36:31,2025-01-05 10:58:05
2025-01-05 10:53:46,03:57,AAACYBOHH728QMZ,Account Management,1MB4ZJGMD3,09:28,Resolved,2025-01-05 10:57:43,2025-01-05 11:07:11
2025-01-05 11:54:19,04:34,HRHI9HZ4VN4JRHV,Technical Support,ME4CIBW9U7,35:19,Escalated,2025-01-05 11:58:53,2025-01-05 12:34:12
2025-01-05 12:36:41,01:53,OQKZFHJGQBMEO1H,Technical Support,HA7ZLGSQ93,18:40,Resolved,2025-01-05 12:38:34,2025-01-05 12:57:14
2025-01-05 12:59:28,06:03,LJG93QQ0FQ3VVV8,Technical Support,XI049RV3AX,26:41,Resolved,2025-01-05 13:05:31,2025-01-05 13:32:12
2025-01-05 13:28:41,07:20,6MTWOXWI8M1DBYA,General Inquiry,ZO0Y9E4YJE,43:18,Resolved,2025-01-05 13:36:01,2025-01-05 14:19:19
2025-01-05 14:14:46,09:02,2R230RZOYLOV7R2,Technical Support,KVJV1E2HB9,28:50,Resolved,2025-01-05 14:23:48,2025-01-05 14:52:38
2025-01-05 14:44:03,09:59,6PCCDMDHD2LF3P5,Billing,VD1D20T3OW,17:36,Pending,2025-01-05 14:54:02,2025-01-05 15:11:38
2025-01-05 15:29:40,08:01,O5SS5VEDH6R5F4R,Technical Support,2ALL1VH8LI,07:43,Resolved,2025-01-05 15:37:41,2025-01-05 15:45:24
2025-01-05 17:22:11,00:15,W1UQVYYUWIIXH3P,Billing,LLH4X2TYCI,15:35,Resolved,2025-01-05 17:22:26,2025-01-05 17:38:01
2025-01-05 18:07:42,07:56,0P6ENMUDCESAAUA,Account Management,QZHW5WV8YV,16:19,Resolved,2025-01-05 18:15:38,2025-01-05 18:31:57
2025-01-05 18:15:15,04:50,2RVE6L8Z5D3QBEP,Account Management,NNI0IVHS1M,26:11,Resolved,2025-01-05 18:20:05,2025-01-05 18:46:16
2025-01-05 18:17:29,03:30,R1J39FWNRMHC8JE,Billing,A5YQZAZQVF,12:45,Resolved,2025-01-05 18:20:59,2025-01-05 18:33:44
2025-01-05 19:25:53,07:10,Q1T3KLNYNR42ODB,Technical Support,P0N9BW3KN3,30:48,Resolved,2025-01-05 19:33:03,2025-01-05 20:03:51
2025-01-05 20:25:46,09:09,QYXAMQVVQZLIWLC,Technical Support,2XIHPOZH4B,14:31,Resolved,2025-01-05 20:34:55,2025-01-05 20:49:26
2025-01-05 21:14:18,01:36,9PVJZDI6OFWEO29,Billing,TJDWLI1WIX,34:36,Resolved,2025-01-05 21:15:54,2025-01-05 21:50:30
2025-01-05 21:29:39,02:23,2VLKWRHCLVTR9ND,Billing,RKZOW9FAW4,30:29,Resolved,2025-01-05 21:32:02,2025-01-05 22:02:31
2025-01-05 21:49:02,00:59,JQMU9DWDFRPENDN,Billing,1VG1M0PIBT,27:35,Resolved,2025-01-05 21:50:01,2025-01-05 22:17:36
2025-01-05 22:20:49,02:09,2YOBXPNFBJW7I2Q,Technical Support,ADYOBJZDW6,33:12,Resolved,2025-01-05 22:22:58,2025-01-05 22:56:10
2025-01-05 22:23:43,06:17,966OCIZZARYTP3Q,Billing,KW1AUC5UYS,23:53,Escalated,2025-01-05 22:30:00,2025-01-05 22:53:53
2025-01-05 22:46:09,02:31,4JTY9WHETSZPE1J,General Inquiry,35X3AAFLCD,32:55,Resolved,2025-01-05 22:48:40,2025-01-05 23:21:35
2025-01-06 00:52:06,02:17,1P4TL2IMM7ZJNBA,Billing,2ALL1VH8LI,28:40,Resolved,2025-01-06 00:54:23,2025-01-06 01:23:03
2025-01-06 00:51:01,09:57,JHSSWX05N0VIG1A,General Inquiry,HWCQ2TQ0IY,39:26,Resolved,2025-01-06 01:00:58,2025-01-06 01:40:24
2025-01-06 02:23:42,00:52,A9G43CAPV97P5WL,General Inquiry,2K3P8D3XK4,12:37,Resolved,2025-01-06 02:24:34,2025-01-06 02:37:11
2025-01-06 02:41:17,00:35,73RQ35NS7CDXDYW,General Inquiry,IXQ62APEP6,43:39,Escalated,2025-01-06 02:41:52,2025-01-06 03:25:31
2025-01-06 02:37:38,07:07,GKG4N3K6R9WNISV,General Inquiry,X3A9VTDJEX,06:39,Escalated,2025-01-06 02:44:45,2025-01-06 02:51:24
2025-01-06 02:43:36,02:06,7SOAW4K9W32JJI6,Account Management,V20HMRVLGQ,25:20,Pending,2025-01-06 02:45:42,2025-01-06 03:11:02
2025-01-06 03:56:43,01:49,N6FN28WKFIP6W93,Technical Support,1IXDU7LJ7N,29:03,Resolved,2025-01-06 03:58:32,2025-01-06 04:27:35
2025-01-06 04:15:47,01:47,ZWHCGY40H14VCDX,Billing,A5YQZAZQVF,37:25,Resolved,2025-01-06 04:17:34,2025-01-06 04:54:59
2025-01-06 06:15:29,07:16,Q3XO3LUMVFPJIDJ,Technical Support,X3A9VTDJEX,23:48,Pending,2025-01-06 06:22:45,2025-01-06 06:46:33
2025-01-06 07:44:57,04:37,U6SEXXYO8D9LZBB,Billing,PM9YVO7WKX,09:32,Resolved,2025-01-06 07:49:34,2025-01-06 07:59:06
2025-01-06 08:16:40,01:01,BONRRA4ZQUJ2CUX,Technical Support,Y3QO4LFI83,05:14,Resolved,2025-01-06 08:17:41,2025-01-06 08:22:55
2025-01-06 08:59:41,09:03,YAV2DHT008KRQAR,Billing,A8LBHR4AJZ,57:16,Resolved,2025-01-06 09:08:44,2025-01-06 10:06:00
2025-01-06 10:13:28,02:14,5YLK5FKU2M37LC0,Technical Support,33J1JTE15V,44:48,Resolved,2025-01-06 10:15:42,2025-01-06 11:00:30
2025-01-06 12:22:29,01:52,CQ9AP2PLHXB12OW,Billing,XH7VE1JYPI,51:02,Resolved,2025-01-06 12:24:21,2025-01-06 13:15:23
2025-01-06 12:30:41,01:25,ZMRTGMQ8TA7FMI1,Technical Support,IZKBKAZ8RY,53:58,Resolved,2025-01-06 12:32:06,2025-01-06 13:26:04
2025-01-06 12:55:27,01:13,SJ7BH74D22TFCS3,General Inquiry,QMI4KU7HX7,23:51,Resolved,2025-01-06 12:56:40,2025-01-06 13:20:31
2025-01-06 13:40:40,01:12,9VZTZNZWHP21ZYS,Billing,UQ5NMFD6LQ,28:51,Resolved,2025-01-06 13:41:52,2025-01-06 14:10:43
2025-01-06 14:37:20,02:01,J840PR0HIWKTFEJ,Account Management,EK8VO248TP,53:52,Resolved,2025-01-06 14:39:21,2025-01-06 15:33:13
2025-01-06 14:44:21,04:32,R85PC4UC0D8SVY1,General Inquiry,XC9RIVKYVO,05:54,Resolved,2025-01-06 14:48:53,2025-01-06 14:54:47
2025-01-06 15:02:53,02:20,2APZA0CDZHB8VWD,Account Management,V20HMRVLGQ,32:33,Resolved,2025-01-06 15:05:13,2025-01-06 15:37:46
2025-01-06 16:02:29,02:48,JOT38XPAYET3CX2,Account Management,XH7VE1JYPI,56:54,Resolved,2025-01-06 16:05:17,2025-01-06 17:02:11
2025-01-06 17:12:01,04:17,81WOKUYU4H7D9MH,Billing,HCAJOQF4ID,07:00,Resolved,2025-01-06 17:16:18,2025-01-06 17:23:18
2025-01-06 18:13:44,06:00,9GNIINX227CWT7Y,Account Management,A5YQZAZQVF,17:55,Resolved,2025-01-06 18:19:44,2025-01-06 18:37:39
2025-01-06 19:22:03,04:58,A5WL6VAJ9NHMOEH,General Inquiry,XDW8DBKKTA,44:55,Resolved,2025-01-06 19:27:01,2025-01-06 20:11:56
2025-01-06 19:53:03,08:50,BOTON86QPG01JQL,Technical Support,ADYOBJZDW6,54:40,Pending,2025-01-06 20:01:53,2025-01-06 20:56:33
2025-01-06 21:02:59,00:35,GJVGI1C9BGJSAJL,Billing,EOKEEITLLV,19:21,Resolved,2025-01-06 21:03:34,2025-01-06 21:22:55
2025-01-06 22:30:30,05:32,LKK8DSBE9IO44NY,Technical Support,RPT5QREKGU,22:02,Resolved,2025-01-06 22:36:02,2025-01-06 22:58:04
2025-01-06 23:48:00,07:24,B8VDT67W0G21YRX,Billing,PZ03EAIP33,21:30,Resolved,2025-01-06 23:55:24,2025-01-07 00:16:54
2025-01-07 02:27:47,05:18,V5UVWHLY5UAPXEO,Technical Support,G0ATVS9P7F,17:57,Resolved,2025-01-07 02:33:05,2025-01-07 02:51:02
2025-01-07 03:21:51,01:30,AU5SV5TBHEJRY1L,General Inquiry,D8OAOCGR0A,30:53,Resolved,2025-01-07 03:23:21,2025-01-07 03:54:14
2025-01-07 03:40:28,08:52,W1VA4CQI9N9R0XV,Technical Support,YI15YKJ0XL,30:58,Resolved,2025-01-07 03:49:20,2025-01-07 04:20:18
2025-01-07 03:52:31,08:10,E69PF5817KGYOU6,Technical Support,2ALL1VH8LI,12:34,Resolved,2025-01-07 04:00:41,2025-01-07 04:13:15
2025-01-07 04:29:52,08:53,M6SUE7TRQE46OR9,Feedback,LA6EDSJ032,23:39,Resolved,2025-01-07 04:38:45,2025-01-07 05:02:24
2025-01-07 05:20:58,06:07,J2WC8RJIR2Q169H,Billing,YUAB483264,01:28,Resolved,2025-01-07 05:27:05,2025-01-07 05:28:33
2025-01-07 06:19:40,01:18,VX8NQ7MYSKZX4H9,Technical Support,IEGIKR1KA4,13:27,Resolved,2025-01-07 06:20:58,2025-01-07 06:34:25
2025-01-07 06:35:24,08:08,QOSEFJGMWIL6UZL,General Inquiry,COSU7XWCCI,49:36,Resolved,2025-01-07 06:43:32,2025-01-07 07:33:08
2025-01-07 06:49:12,03:32,ZGP8ZIQ9RZ4GS6Z,General Inquiry,6NLIU8K1UE,29:46,Resolved,2025-01-07 06:52:44,2025-01-07 07:22:30
2025-01-07 07:04:51,01:12,F0KQ77NIPPU2DR2,Billing,YUAB483264,46:16,Resolved,2025-01-07 07:06:03,2025-01-07 07:52:19
2025-01-07 07:21:12,09:50,WPFY1AGQVJJMKG9,Account Management,XTT9VHOD0A,59:58,Resolved,2025-01-07 07:31:02,2025-01-07 08:31:00
2025-01-07 07:27:44,07:25,GIUD7GVWTE7JZTG,General Inquiry,8883INFQI0,42:21,Resolved,2025-01-07 07:35:09,2025-01-07 08:17:30
2025-01-07 08:38:47,02:26,I7PA03C5IMKV2FH,Technical Support,9Q68LCMIE2,28:02,Resolved,2025-01-07 08:41:13,2025-01-07 09:09:15
2025-01-07 08:34:17,07:22,756OIQ8GQRGBHT4,Technical Support,YPK1BT8J0S,53:16,Resolved,2025-01-07 08:41:39,2025-01-07 09:34:55
2025-01-07 10:07:53,07:23,XA8AGWQPQMD8OJE,Technical Support,ADYOBJZDW6,43:21,Resolved,2025-01-07 10:15:16,2025-01-07 10:58:37
2025-01-07 10:24:13,05:52,ZAUXKZSACQQZ1YD,Billing,7X144YH978,08:20,Resolved,2025-01-07 10:30:05,2025-01-07 10:38:25
2025-01-07 11:01:02,01:56,0ZNUFHTYM61HQ3E,General Inquiry,PZW9S611IJ,05:37,Resolved,2025-01-07 11:02:58,2025-01-07 11:08:35
2025-01-07 11:00:46,06:34,CTH92E3KFNWWB1B,Service Outage,37DNZDU8U3,35:50,Resolved,2025-01-07 11:07:20,2025-01-07 11:43:10
2025-01-07 11:28:06,02:02,KV64PMWMP9CWUB1,General Inquiry,IXQ62APEP6,39:33,Resolved,2025-01-07 11:30:08,2025-01-07 12:09:41
2025-01-07 12:37:30,00:57,E9SFLRHDXRVU9AT,Technical Support,80CPEP3UQC,37:45,Resolved,2025-01-07 12:38:27,2025-01-07 13:16:12
2025-01-07 13:17:34,07:17,D43YKE6QWAWS0HE,Billing,Q10PNJQJMC,34:35,Resolved,2025-01-07 13:24:51,2025-01-07 13:59:26
2025-01-07 13:34:16,00:23,1EQ790C1F5Q9OND,Technical Support,7FVFE6CUFZ,22:03,Escalated,2025-01-07 13:34:39,2025-01-07 13:56:42
2025-01-07 13:28:59,08:16,QKYN0755QU67SI5,Cancellation,5ZHF59CO65,01:08,Resolved,2025-01-07 13:37:15,2025-01-07 13:38:23
2025-01-07 15:10:21,09:11,6GHA3J631GUQUGV,Billing,XH7VE1JYPI,46:31,Resolved,2025-01-07 15:19:32,2025-01-07 16:06:03
2025-01-07 15:27:44,06:46,CDNDREGVSB5OV08,Technical Support,Y1HYMXI45H,37:26,Resolved,2025-01-07 15:34:30,2025-01-07 16:11:56
2025-01-07 15:35:40,03:41,ILH17C4WD6VNG7W,Billing,SMDTYF01A6,10:08,Resolved,2025-01-07 15:39:21,2025-01-07 15:49:29
2025-01-07 16:29:31,05:37,LNQJX2GNJDXAF91,Billing,1L5GLHAFEB,44:52,Resolved,2025-01-07 16:35:08,2025-01-07 17:20:00
2025-01-07 16:43:09,04:39,4V961J30L3QIQRF,Service Outage,3V48BHVVEW,01:20,Resolved,2025-01-07 16:47:48,2025-01-07 16:49:08
2025-01-07 17:16:04,04:49,60UX1X2QNW3SU2U,Technical Support,IXQ62APEP6,41:00,Resolved,2025-01-07 17:20:53,2025-01-07 18:01:53
2025-01-07 17:14:25,09:34,8MRPQDFF2LTWT6E,Technical Support,EK8VO248TP,16:20,Escalated,2025-01-07 17:23:59,2025-01-07 17:40:19
2025-01-07 18:21:20,04:03,TCPWOFXKK2RS1I4,Technical Support,OJG75KVJ38,25:07,Resolved,2025-01-07 18:25:23,2025-01-07 18:50:30
2025-01-07 19:39:30,08:28,4EV543KXWOP3MYT,Account Management,AT7A0210XJ,42:31,Resolved,2025-01-07 19:47:58,2025-01-07 20:30:29
2025-01-07 19:49:50,00:24,S3UB0K3PKRPYM3T,Billing,S4XQITBP4P,03:04,Resolved,2025-01-07 19:50:14,2025-01-07 19:53:18
2025-01-07 23:49:24,02:48,27QZUWLRFFNPUS2,Technical Support,EOKEEITLLV,46:25,Resolved,2025-01-07 23:52:12,2025-01-08 00:38:37
2025-01-08 00:15:12,00:18,SVNX2S6O52EQW1S,Billing,80CPEP3UQC,34:24,Escalated,2025-01-08 00:15:30,2025-01-08 00:49:54
2025-01-08 00:23:26,01:51,L53HBPNCDCY7S1J,Account Management,XNFZ8S7SGX,47:56,Escalated,2025-01-08 00:25:17,2025-01-08 01:13:13
2025-01-08 00:25:58,07:12,4R1ASFHPLEIMM5Z,Account Management,VCEXE0YWOO,56:05,Escalated,2025-01-08 00:33:10,2025-01-08 01:29:15
2025-01-08 00:48:43,01:25,RWI222MR8AYV4AD,Technical Support,IQ5EGW2YXB,25:12,Resolved,2025-01-08 00:50:08,2025-01-08 01:15:20
2025-01-08 01:33:26,03:21,Y396XAMNYVIM8H4,Account Management,WWJ8DQZ4IM,53:55,Resolved,2025-01-08 01:36:47,2025-01-08 02:30:42
2025-01-08 01:28:54,08:54,CIOLLW5IMJN993D,Technical Support,XTT9VHOD0A,05:02,Resolved,2025-01-08 01:37:48,2025-01-08 01:42:50
2025-01-08 01:39:37,08:56,QSZCWVAO8PEQ98A,Account Management,YUAB483264,40:21,Resolved,2025-01-08 01:48:33,2025-01-08 02:28:54
2025-01-08 02:34:16,04:19,S63FA9WJY1MAJ1A,General Inquiry,KVJV1E2HB9,39:31,Resolved,2025-01-08 02:38:35,2025-01-08 03:18:06
2025-01-08 02:43:43,07:56,E2M8XOAMH74XNZV,Account Management,4TVJ7VC77N,34:30,Resolved,2025-01-08 02:51:39,2025-01-08 03:26:09
2025-01-08 03:04:37,08:43,LKEBB1LRZSFM4T9,Billing,DOWWGH832F,24:54,Pending,2025-01-08 03:13:20,2025-01-08 03:38:14
2025-01-08 03:38:53,02:04,FUELGAF43OHKIYI,Technical Support,407MBTYMFR,14:46,Resolved,2025-01-08 03:40:57,2025-01-08 03:55:43
2025-01-08 04:48:09,05:53,FEIHZFKZCL9MXEA,Account Management,JTHTSTBZJK,15:19,Resolved,2025-01-08 04:54:02,2025-01-08 05:09:21
2025-01-08 05:34:27,07:23,LHYBGFD49W6TA4J,Technical Support,GPP6YGP8D0,28:57,Resolved,2025-01-08 05:41:50,2025-01-08 06:10:47
2025-01-08 05:43:23,02:04,FQPASRGD15LV8W8,General Inquiry,ILPNQ5U024,32:16,Resolved,2025-01-08 05:45:27,2025-01-08 06:17:43
2025-01-08 06:24:18,01:29,O5G90PR2XZE000Y,General Inquiry,1L5G1X36NW,17:58,Resolved,2025-01-08 06:25:47,2025-01-08 06:43:45
2025-01-08 07:21:21,05:19,GOO7BG3V8HO16PO,Technical Support,XP8FC5XRN6,40:25,Resolved,2025-01-08 07:26:40,2025-01-08 08:07:05
2025-01-08 07:44:11,07:05,MD434DDBU6LRT4M,Billing,NNI0IVHS1M,14:38,Resolved,2025-01-08 07:51:16,2025-01-08 08:05:54
2025-01-08 07:51:27,06:01,P7X20ID9HGR0Y0V,Technical Support,HCAJOQF4ID,37:26,Escalated,2025-01-08 07:57:28,2025-01-08 08:34:54
2025-01-08 08:24:44,05:27,UEC4XLUO725QWYB,Billing,GML5G1C6G5,30:36,Resolved,2025-01-08 08:30:11,2025-01-08 09:00:47
2025-01-08 11:26:11,03:41,YF5KAHAZ490VTRW,Feedback,1AL9HOBOYN,56:45,Resolved,2025-01-08 11:29:52,2025-01-08 12:26:37
2025-01-08 11:56:07,06:35,3CC1EFYZWU2TLSM,Technical Support,9M3ML175YY,16:21,Resolved,2025-01-08 12:02:42,2025-01-08 12:19:03
2025-01-08 11:55:01,08:40,A1AI1FBOIYY2FZE,Technical Support,YA1JOJWQND,23:59,Resolved,2025-01-08 12:03:41,2025-01-08 12:27:40
2025-01-08 12:12:22,04:48,86BGTUWM4BGHARS,Technical Support,XI049RV3AX,32:55,Escalated,2025-01-08 12:17:10,2025-01-08 12:50:05
2025-01-08 12:38:57,01:26,OPZL8FL3EH6XLXK,Billing,PZ03EAIP33,01:27,Resolved,2025-01-08 12:40:23,2025-01-08 12:41:50
2025-01-08 13:04:23,09:48,SKR763EZO56N7HT,Technical Support,80CPEP3UQC,58:34,Resolved,2025-01-08 13:14:11,2025-01-08 14:12:45
2025-01-08 13:11:16,03:24,ZVZ4DI9GJFMVX45,Billing,1LFL7ED7C7,10:30,Resolved,2025-01-08 13:14:40,2025-01-08 13:25:10
2025-01-08 13:58:01,08:47,SNCDG615QERD0VE,Account Management,XC9RIVKYVO,13:46,Resolved,2025-01-08 14:06:48,2025-01-08 14:20:34
2025-01-08 16:02:56,06:00,2NGPMDSCBD6BUYN,Technical Support,IQ5EGW2YXB,34:40,Resolved,2025-01-08 16:08:56,2025-01-08 16:43:36
2025-01-08 16:37:05,00:30,3LI7G5P8T1MWGHL,Account Management,7YEQF534VU,04:26,Resolved,2025-01-08 16:37:35,2025-01-08 16:42:01
2025-01-08 18:20:35,02:13,8WORHWX8YIVO8JO,Technical Support,SUQQIYD01T,03:05,Resolved,2025-01-08 18:22:48,2025-01-08 18:25:53
2025-01-08 19:57:20,04:20,A545V7NM4OHBNAA,Technical Support,0KDZ3PE1CP,10:24,Resolved,2025-01-08 20:01:40,2025-01-08 20:12:04
2025-01-08 20:11:23,08:09,69F9CCW81M6NYWH,Technical Support,8ACJRX8UY3,59:22,Resolved,2025-01-08 20:19:32,2025-01-08 21:18:54
2025-01-08 21:07:08,00:51,QZQF0M7927PAXYB,Billing,G708AXCHKB,13:16,Resolved,2025-01-08 21:07:59,2025-01-08 21:21:15
2025-01-08 21:20:11,04:05,YAU2OLGTTATJPN0,Technical Support,Y3PU7SF7MX,04:16,Resolved,2025-01-08 21:24:16,2025-01-08 21:28:32
2025-01-09 00:35:37,07:51,4X8Q1TSZ9J0UL6T,Technical Support,IQ5EGW2YXB,21:46,Resolved,2025-01-09 00:43:28,2025-01-09 01:05:14
2025-01-09 01:23:45,09:15,ZLQV6HJGHYNPM5Z,Technical Support,R8XXYL17EA,25:49,Resolved,2025-01-09 01:33:00,2025-01-09 01:58:49
2025-01-09 03:34:35,03:49,8Y96LK55R0T89BR,Technical Support,QXHKZ3QHBP,52:45,Resolved,2025-01-09 03:38:24,2025-01-09 04:31:09
2025-01-09 04:45:34,06:35,F5457A2CCMCQX8V,Service Outage,5ZHF59CO65,33:25,Resolved,2025-01-09 04:52:09,2025-01-09 05:25:34
2025-01-09 05:14:14,06:06,BKESFU26Y43T2ZV,Technical Support,OJG75KVJ38,02:06,Resolved,2025-01-09 05:20:20,2025-01-09 05:22:26
2025-01-09 05:28:26,04:34,1II28UW1NJA3MLN,Technical Support,0Y1E3L6NGJ,21:24,Pending,2025-01-09 05:33:00,2025-01-09 05:54:24
2025-01-09 07:58:16,06:21,5MNF38Q1JVTJY3T,Service Outage,Y3QO4LFI83,28:12,Resolved,2025-01-09 08:04:37,2025-01-09 08:32:49
2025-01-09 09:20:31,03:25,A8S7IG9QSMG1CNU,Billing,KCP6C30POO,46:18,Resolved,2025-01-09 09:23:56,2025-01-09 10:10:14
2025-01-09 09:30:46,00:32,LSEBXFQZFLSR6W1,Technical Support,8BG1XV1CR5,16:35,Resolved,2025-01-09 09:31:18,2025-01-09 09:47:53
2025-01-09 09:47:07,07:43,OV2IEGA1IM53T7Z,Account Management,F33U576PJU,34:23,Resolved,2025-01-09 09:54:50,2025-01-09 10:29:13
2025-01-09 10:04:41,01:54,H3RJAJG0SJQ7B0T,Billing,YPYPG0LW78,27:22,Resolved,2025-01-09 10:06:35,2025-01-09 10:33:57
2025-01-09 10:32:00,04:41,6RGYG5SUWA24843,Technical Support,UAD4IIQV37,18:26,Resolved,2025-01-09 10:36:41,2025-01-09 10:55:07
2025-01-09 12:01:57,05:01,69YG2KYCL250CEZ,Technical Support,54X1HVG1MX,32:28,Pending,2025-01-09 12:06:58,2025-01-09 12:39:26
2025-01-09 12:06:54,01:27,7V30Y1J9Y9LACL5,Technical Support,SUQQIYD01T,24:39,Resolved,2025-01-09 12:08:21,2025-01-09 12:33:00
2025-01-09 12:29:41,01:27,3HQVP9SDXBYGNUX,Technical Support,457067XAP5,28:21,Resolved,2025-01-09 12:31:08,2025-01-09 12:59:29
2025-01-09 14:34:03,09:08,I9E19D1MIKVGOL4,Technical Support,VC9M3WX8IU,18:17,Resolved,2025-01-09 14:43:11,2025-01-09 15:01:28
2025-01-09 14:51:11,08:44,U2D2PJZI9I3C6IO,Service Outage,WL0Y0R0O9V,23:22,Resolved,2025-01-09 14:59:55,2025-01-09 15:23:17
2025-01-09 16:09:35,08:14,GBMM3R17TUW6UJ4,Technical Support,1UKGNEP8Q3,47:33,Resolved,2025-01-09 16:17:49,2025-01-09 17:05:22
2025-01-09 18:06:48,04:12,8FCLNHUVB1CZDAQ,Technical Support,8BG1XV1CR5,11:53,Resolved,2025-01-09 18:11:00,2025-01-09 18:22:53
2025-01-09 18:58:04,06:34,IYXL6RSHW3JRWJO,Technical Support,Y81QMU4K4A,55:10,Resolved,2025-01-09 19:04:38,2025-01-09 19:59:48
2025-01-09 20:22:15,02:04,ZH8OXCUJ2CZK8II,General Inquiry,Z5Z0F8NXL7,59:08,Resolved,2025-01-09 20:24:19,2025-01-09 21:23:27
2025-01-09 20:34:50,02:05,0PKMRW0L8P988PI,Technical Support,YA1JOJWQND,35:16,Resolved,2025-01-09 20:36:55,2025-01-09 21:12:11
2025-01-09 21:21:43,09:16,TJCIFGLH8E9FLQ3,Technical Support,5VNLH19TUN,24:21,Resolved,2025-01-09 21:30:59,2025-01-09 21:55:20
2025-01-09 21:54:32,03:58,Z040UJ0VSTRASMN,Technical Support,O8C1FO5MR8,08:03,Resolved,2025-01-09 21:58:30,2025-01-09 22:06:33
2025-01-09 22:04:06,09:50,WPR63ZW0TSKY70V,Technical Support,54X1HVG1MX,25:51,Resolved,2025-01-09 22:13:56,2025-01-09 22:39:47
2025-01-09 22:15:06,08:17,D6Y5E7LAJ0XR9TQ,Cancellation,IIIXK34IJ6,24:24,Resolved,2025-01-09 22:23:23,2025-01-09 22:47:47
2025-01-09 22:55:09,06:20,8ER22GYPYGR455B,General Inquiry,7OCTF99Y2J,17:10,Resolved,2025-01-09 23:01:29,2025-01-09 23:18:39
2025-01-09 22:57:18,08:15,BX481ZI8X6BU7CQ,Technical Support,SMDTYF01A6,53:34,Resolved,2025-01-09 23:05:33,2025-01-09 23:59:07
2025-01-09 23:06:36,03:55,PJWZ9KRQ9E2ANCE,Technical Support,XDW8DBKKTA,27:16,Resolved,2025-01-09 23:10:31,2025-01-09 23:37:47
2025-01-09 23:29:36,01:06,KOM6SRKABX95UGZ,Billing,MP7H6OVL7T,33:31,Resolved,2025-01-09 23:30:42,2025-01-10 00:04:13
2025-01-10 00:16:18,05:31,4894EPJIFGU0Z0V,Billing,KW1AUC5UYS,57:48,Resolved,2025-01-10 00:21:49,2025-01-10 01:19:37
2025-01-10 01:57:20,05:41,3MOXL2WLKI1I835,Feedback,HA7ZLGSQ93,38:06,Resolved,2025-01-10 02:03:01,2025-01-10 02:41:07
2025-01-10 01:57:05,06:40,4RR38ZD1047S5Q6,Technical Support,TMPPSC4TH2,20:08,Resolved,2025-01-10 02:03:45,2025-01-10 02:23:53
2025-01-10 02:34:54,02:19,Y8P442Z6M5I6QUO,Billing,YPK1BT8J0S,19:59,Resolved,2025-01-10 02:37:13,2025-01-10 02:57:12
2025-01-10 03:09:34,06:57,Y7SA0LPJ6WYMFF3,Billing,HA7ZLGSQ93,24:10,Resolved,2025-01-10 03:16:31,2025-01-10 03:40:41
2025-01-10 04:09:06,05:27,XBNR2U6FKRY7GGA,Billing,4HX3UNW16M,03:44,Resolved,2025-01-10 04:14:33,2025-01-10 04:18:17
2025-01-10 04:41:14,03:05,I9PPILKF64SJDBZ,Technical Support,F33U576PJU,17:15,Resolved,2025-01-10 04:44:19,2025-01-10 05:01:34
2025-01-10 05:27:15,02:31,8HNVXVMJK44M09Y,Technical Support,XH7VE1JYPI,43:01,Pending,2025-01-10 05:29:46,2025-01-10 06:12:47
2025-01-10 05:32:31,01:07,Z43WDDCALF88MV5,Technical Support,F33U576PJU,38:05,Resolved,2025-01-10 05:33:38,2025-01-10 06:11:43
2025-01-10 06:08:48,07:44,OBGL58Y408R6RBV,Technical Support,28OUVNJ3FH,33:37,Resolved,2025-01-10 06:16:32,2025-01-10 06:50:09
2025-01-10 07:49:20,08:08,YCS3K0ANRQ6K4NZ,Technical Support,VCEXE0YWOO,08:54,Resolved,2025-01-10 07:57:28,2025-01-10 08:06:22
2025-01-10 08:01:54,05:08,96LQWSNQOZ1QVZ1,Service Outage,GML5G1C6G5,43:17,Resolved,2025-01-10 08:07:02,2025-01-10 08:50:19
2025-01-10 08:31:25,07:26,BDYMR4AQ6F5JG52,Billing,8JCHDLU8MR,55:42,Resolved,2025-01-10 08:38:51,2025-01-10 09:34:33
2025-01-10 08:33:15,09:50,UV2B25LNOYE9VGE,Service Outage,H3AQCCB852,42:49,Resolved,2025-01-10 08:43:05,2025-01-10 09:25:54
2025-01-10 08:55:00,03:35,6367FQ79A8M03I0,General Inquiry,44JS0VDTJH,44:39,Resolved,2025-01-10 08:58:35,2025-01-10 09:43:14
2025-01-10 08:56:29,04:38,RSV52418OB173F7,Technical Support,EGGPRLOCG3,53:46,Pending,2025-01-10 09:01:07,2025-01-10 09:54:53
2025-01-10 10:02:21,08:22,7L04ICVW0H9TNTA,Account Management,LLH4X2TYCI,07:28,Resolved,2025-01-10 10:10:43,2025-01-10 10:18:11
2025-01-10 11:28:37,07:33,SVBSS3L0ZD3WIQH,Billing,28OUVNJ3FH,09:48,Pending,2025-01-10 11:36:10,2025-01-10 11:45:58
2025-01-10 12:08:48,04:42,HHMX7LFOT8K19QE,Account Management,QHQBMUZM7P,14:13,Pending,2025-01-10 12:13:30,2025-01-10 12:27:43
2025-01-10 12:57:10,06:22,KHCLC8R9VK8O3X7,Technical Support,EK00AC446A,10:06,Resolved,2025-01-10 13:03:32,2025-01-10 13:13:38
2025-01-10 15:45:25,02:08,7NDI8U1SRMRYWAV,Technical Support,WWJ8DQZ4IM,10:50,Resolved,2025-01-10 15:47:33,2025-01-10 15:58:23
2025-01-10 15:45:57,05:49,1ZI5C4FW3ZI3YLH,Technical Support,PJDR4E2INL,39:30,Resolved,2025-01-10 15:51:46,2025-01-10 16:31:16
2025-01-10 15:49:26,05:05,O39LCQU7IV6Q57Z,Technical Support,O8C1FO5MR8,38:48,Resolved,2025-01-10 15:54:31,2025-01-10 16:33:19
2025-01-10 16:43:29,05:10,058XXW98CR05ASH,Account Management,RNM7SLMP7W,59:31,Resolved,2025-01-10 16:48:39,2025-01-10 17:48:10
2025-01-10 17:23:52,05:13,VJU83E7J4JH4QC3,Billing,XH7VE1JYPI,59:53,Resolved,2025-01-10 17:29:05,2025-01-10 18:28:58
2025-01-10 17:50:25,08:58,L0WHLO6NFS5Z7KV,Technical Support,D2TZHENPQB,29:21,Resolved,2025-01-10 17:59:23,2025-01-10 18:28:44
2025-01-10 19:54:42,06:15,SOJT1Y0HHSH9P5U,Technical Support,XNFZ8S7SGX,23:33,Resolved,2025-01-10 20:00:57,2025-01-10 20:24:30
2025-01-10 19:58:13,07:37,X1HJ61KH44CNE6Z,Technical Support,54X1HVG1MX,56:30,Resolved,2025-01-10 20:05:50,2025-01-10 21:02:20
2025-01-10 21:03:26,00:41,J74T3ONMGGH2CAH,Feedback,E5O2YP19ZM,11:02,Resolved,2025-01-10 21:04:07,2025-01-10 21:15:09
2025-01-10 21:53:26,00:31,AXNVSCXR14B8Q0O,Billing,42AOT9NYX1,43:12,Resolved,2025-01-10 21:53:57,2025-01-10 22:37:09
2025-01-10 22:22:50,00:20,ED4AIGNMDW3Q2WY,Technical Support,1L5G1X36NW,49:06,Resolved,2025-01-10 22:23:10,2025-01-10 23:12:16
2025-01-11 00:04:23,01:00,45A74VIUIJ5TMBQ,Billing,U6QDU5HHQQ,06:14,Escalated,2025-01-11 00:05:23,2025-01-11 00:11:37
2025-01-11 00:12:23,07:15,D0QA6BV4506AUHO,Technical Support,1A7LSHX07S,31:19,Resolved,2025-01-11 00:19:38,2025-01-11 00:50:57
2025-01-11 00:41:34,04:13,UHQDA1EWH3XJHGO,Billing,DOWWGH832F,57:59,Resolved,2025-01-11 00:45:47,2025-01-11 01:43:46
2025-01-11 01:34:29,06:41,L4UVH7M84XO2KPL,Service Outage,35X3AAFLCD,20:49,Resolved,2025-01-11 01:41:10,2025-01-11 02:01:59
2025-01-11 02:02:08,05:07,87Y3EWAPJJCIRCR,Technical Support,7FVFE6CUFZ,26:25,Resolved,2025-01-11 02:07:15,2025-01-11 02:33:40
2025-01-11 03:08:19,05:43,TXPC1EOBL11TMDQ,Technical Support,8BG1XV1CR5,45:06,Resolved,2025-01-11 03:14:02,2025-01-11 03:59:08
2025-01-11 03:51:10,03:04,WN7N2P55D5JHFJU,Billing,XM8ZK94HBU,26:56,Resolved,2025-01-11 03:54:14,2025-01-11 04:21:10
2025-01-11 04:00:53,04:54,X8IPZC80OCIYVZI,Billing,1MB4ZJGMD3,56:36,Resolved,2025-01-11 04:05:47,2025-01-11 05:02:23
2025-01-11 04:55:58,03:04,C5PSNYAT0UKBS4T,Technical Support,0CT6B8KL4F,45:53,Escalated,2025-01-11 04:59:02,2025-01-11 05:44:55
2025-01-11 06:36:38,02:53,3I4CNGFDQ0GQD5K,Billing,O8C1FO5MR8,58:04,Resolved,2025-01-11 06:39:31,2025-01-11 07:37:35
2025-01-11 06:48:47,09:18,CXKER77AHL0SN94,Technical Support,54X1HVG1MX,10:39,Resolved,2025-01-11 06:58:05,2025-01-11 07:08:44
2025-01-11 07:16:32,01:44,KOQEI62WUDSMH3D,Account Management,6X3YD9OB2R,32:30,Resolved,2025-01-11 07:18:16,2025-01-11 07:50:46
2025-01-11 07:47:20,02:35,XJS1A44D9HUVUL9,Technical Support,0CT6B8KL4F,23:55,Pending,2025-01-11 07:49:55,2025-01-11 08:13:50
2025-01-11 08:31:33,03:03,41CTWAUH47XYX2P,Billing,V20HMRVLGQ,41:30,Resolved,2025-01-11 08:34:36,2025-01-11 09:16:06
2025-01-11 11:00:50,05:13,H7N9AUDAIVISPKX,Technical Support,RNM7SLMP7W,16:16,Resolved,2025-01-11 11:06:03,2025-01-11 11:22:19
2025-01-11 12:21:27,08:48,7RAP1B7F86D8WP9,Technical Support,3ZYBQMTA2D,08:37,Resolved,2025-01-11 12:30:15,2025-01-11 12:38:52
2025-01-11 12:27:42,08:19,3M2LJCTRBH5VPQT,Technical Support,GNRXZWLKN3,33:21,Pending,2025-01-11 12:36:01,2025-01-11 13:09:22
2025-01-11 13:12:34,01:22,M910SDAWP9NW2WM,Technical Support,XP8FC5XRN6,11:21,Resolved,2025-01-11 13:13:56,2025-01-11 13:25:17
2025-01-11 13:40:31,07:01,1452DP1ENNK6IDG,Technical Support,G708AXCHKB,14:55,Resolved,2025-01-11 13:47:32,2025-01-11 14:02:27
2025-01-11 14:16:00,04:28,UVW1ULW1W3XTHAG,Technical Support,KW1AUC5UYS,25:19,Resolved,2025-01-11 14:20:28,2025-01-11 14:45:47
2025-01-11 15:01:33,06:43,A89I9EP4IA3ZAUB,Account Management,Q10PNJQJMC,53:17,Resolved,2025-01-11 15:08:16,2025-01-11 16:01:33
2025-01-11 15:15:25,02:47,K0TXJV9OYM7GIUY,General Inquiry,VK191ROIQA,40:57,Resolved,2025-01-11 15:18:12,2025-01-11 15:59:09
2025-01-11 15:46:27,00:45,ZBQ3D4RGR0HLJ59,Technical Support,PZW9S611IJ,13:18,Resolved,2025-01-11 15:47:12,2025-01-11 16:00:30
2025-01-11 15:54:42,07:56,7GFQZ8U0DNIKL4U,Technical Support,4HX3UNW16M,17:39,Resolved,2025-01-11 16:02:38,2025-01-11 16:20:17
2025-01-11 18:33:59,04:02,BAENQZXI5ODEN1G,Technical Support,8BG1XV1CR5,28:21,Resolved,2025-01-11 18:38:01,2025-01-11 19:06:22
2025-01-11 19:25:55,05:55,WTGBYU62ZD22WB2,Account Management,0Y1E3L6NGJ,34:28,Resolved,2025-01-11 19:31:50,2025-01-11 20:06:18
2025-01-11 21:03:32,08:08,XT4CBCQV6WBF1EA,Account Management,0CT6B8KL4F,18:19,Resolved,2025-01-11 21:11:40,2025-01-11 21:29:59
2025-01-11 21:48:11,00:28,9EVEJOVM8J7MGXW,Account Management,1XGII9RM6R,26:28,Pending,2025-01-11 21:48:39,2025-01-11 22:15:07
2025-01-11 22:31:07,04:20,TM5LGHLHVAWUQDO,Service Outage,8U07NRPZ6W,16:03,Resolved,2025-01-11 22:35:27,2025-01-11 22:51:30
2025-01-11 22:40:16,03:28,ZW0N9IBD3I213UI,General Inquiry,DHDIAGAL5D,15:03,Resolved,2025-01-11 22:43:44,2025-01-11 22:58:47
2025-01-11 23:49:33,04:30,C6XKJISHUXQARKX,Service Outage,RKZOW9FAW4,52:07,Resolved,2025-01-11 23:54:03,2025-01-12 00:46:10
2025-01-12 00:31:24,06:35,GPND1EKJ8NGPGIO,Technical Support,S79YBSAU2M,40:06,Resolved,2025-01-12 00:37:59,2025-01-12 01:18:05
2025-01-12 01:47:22,02:01,JC4DLHEYMTGURSY,General Inquiry,1L5G1X36NW,40:52,Resolved,2025-01-12 01:49:23,2025-01-12 02:30:15
2025-01-12 01:48:35,07:44,TE08422ZRXQFHFT,Account Management,7Y6BBSF2ZJ,36:45,Resolved,2025-01-12 01:56:19,2025-01-12 02:33:04
2025-01-12 02:17:32,01:05,VNLZYHO73EOSD7P,Billing,O5B5LQ9GGE,32:31,Resolved,2025-01-12 02:18:37,2025-01-12 02:51:08
2025-01-12 03:18:04,07:27,RWNXZDHJT9X0T9F,Service Outage,SMDTYF01A6,08:04,Resolved,2025-01-12 03:25:31,2025-01-12 03:33:35
2025-01-12 05:10:09,06:21,56O6O6N6PZ6YSAD,Billing,RKZOW9FAW4,39:43,Resolved,2025-01-12 05:16:30,2025-01-12 05:56:13
2025-01-12 06:02:32,01:00,EDOUU2ESEI9YL9B,Technical Support,RKZOW9FAW4,13:31,Resolved,2025-01-12 06:03:32,2025-01-12 06:17:03
2025-01-12 07:48:02,03:17,EYND37Z6UI16CI2,Account Management,UKSG9Z7EZP,17:41,Pending,2025-01-12 07:51:19,2025-01-12 08:09:00
2025-01-12 09:02:54,06:53,0Z03J7BH22DQ5ZT,Technical Support,2XIHPOZH4B,41:54,Resolved,2025-01-12 09:09:47,2025-01-12 09:51:41
2025-01-12 09:16:20,04:04,86ESGNQFT18TYEQ,Billing,F4UJGWI632,12:41,Resolved,2025-01-12 09:20:24,2025-01-12 09:33:05
2025-01-12 11:15:20,05:06,GK2JR2XER22HQUV,Technical Support,GFAPSA0GZ7,40:20,Resolved,2025-01-12 11:20:26,2025-01-12 12:00:46
2025-01-12 11:28:16,02:54,1WSLD2CYHWVAU81,Technical Support,20I5VYLR6Z,52:00,Pending,2025-01-12 11:31:10,2025-01-12 12:23:10
2025-01-12 14:47:07,04:06,SV87KCGYYZ3LN0S,Technical Support,Z5Z0F8NXL7,04:10,Resolved,2025-01-12 14:51:13,2025-01-12 14:55:23
2025-01-12 14:45:40,08:29,1W8GNB1M4W3JAZ0,Technical Support,SMDTYF01A6,31:28,Resolved,2025-01-12 14:54:09,2025-01-12 15:25:37
2025-01-12 16:23:15,00:54,JP11YTNAOTL79GD,Technical Support,B1P6SR1QFX,23:32,Resolved,2025-01-12 16:24:09,2025-01-12 16:47:41
2025-01-12 17:55:19,09:11,31B3U9F00B8VB3K,Technical Support,BPMJS8EW15,52:37,Escalated,2025-01-12 18:04:30,2025-01-12 18:57:07
2025-01-12 18:06:28,06:52,BDWCPKJQ4UAUVC2,Technical Support,9JZJVY4LYR,24:00,Pending,2025-01-12 18:13:20,2025-01-12 18:37:20
2025-01-12 18:25:26,01:12,71R9U7WQFJV1EKG,Account Management,GPP6YGP8D0,21:33,Resolved,2025-01-12 18:26:38,2025-01-12 18:48:11
2025-01-12 18:36:41,09:40,GHVG7UM3KNKILMN,Technical Support,6HLV8VQK6Q,39:51,Resolved,2025-01-12 18:46:21,2025-01-12 19:26:12
2025-01-12 20:17:49,07:45,Z6KCZ09R92ZHT3W,Technical Support,ADYOBJZDW6,06:26,Resolved,2025-01-12 20:25:34,2025-01-12 20:32:00
2025-01-12 20:22:58,07:40,N84OMU5QLR4466P,Feedback,QO059NJJH4,31:14,Resolved,2025-01-12 20:30:38,2025-01-12 21:01:52
2025-01-12 22:49:04,03:33,0JE132WNEVHZFLY,Account Management,GML5G1C6G5,39:37,Resolved,2025-01-12 22:52:37,2025-01-12 23:32:14
2025-01-12 22:48:35,04:58,KSUSRCGQ5UJBIJK,General Inquiry,31KAB3AA8M,28:40,Resolved,2025-01-12 22:53:33,2025-01-12 23:22:13
2025-01-12 23:13:45,06:36,RX7JWFQ4QS4IU8S,Technical Support,7Y6BBSF2ZJ,49:40,Resolved,2025-01-12 23:20:21,2025-01-13 00:10:01
2025-01-12 23:33:44,01:11,RQHCYSYTMIP84VY,Billing,CUTPTYVKGA,46:33,Resolved,2025-01-12 23:34:55,2025-01-13 00:21:28
2025-01-12 23:27:58,07:54,TX8OTRMHJK5815Z,Technical Support,289K5JYCRI,06:55,Resolved,2025-01-12 23:35:52,2025-01-12 23:42:47
2025-01-12 23:39:59,04:27,AB44SHZINAHU381,General Inquiry,XOHMTMZEUN,56:20,Pending,2025-01-12 23:44:26,2025-01-13 00:40:46
2025-01-13 01:14:52,00:45,8LBMPTZQ9YPIC13,Account Management,1XGII9RM6R,37:29,Resolved,2025-01-13 01:15:37,2025-01-13 01:53:06
2025-01-13 01:13:34,07:25,96HXIK17AOQ0PPI,Technical Support,QHQBMUZM7P,52:36,Resolved,2025-01-13 01:20:59,2025-01-13 02:13:35
2025-01-13 02:11:34,01:45,O3Q6H98NIVKKS6L,Billing,EOKEEITLLV,28:38,Resolved,2025-01-13 02:13:19,2025-01-13 02:41:57
2025-01-13 02:34:43,03:03,WHIU8GFDW8LJPTN,General Inquiry,WWJ8DQZ4IM,10:48,Resolved,2025-01-13 02:37:46,2025-01-13 02:48:34
2025-01-13 02:41:50,06:22,8LRTN4JMB9I9Z02,Technical Support,ILPNQ5U024,01:21,Resolved,2025-01-13 02:48:12,2025-01-13 02:49:33
2025-01-13 03:00:08,08:09,CO48CPC5I5H7CK4,Technical Support,1L5GLHAFEB,09:15,Resolved,2025-01-13 03:08:17,2025-01-13 03:17:32
2025-01-13 04:58:47,07:32,92PDP7P20BX7WAA,Technical Support,Z7LLIDN5OS,43:04,Resolved,2025-01-13 05:06:19,2025-01-13 05:49:23
2025-01-13 05:14:50,03:20,VZCFIFY379JF3SA,Technical Support,FCT1GG1XFB,14:07,Resolved,2025-01-13 05:18:10,2025-01-13 05:32:17
2025-01-13 05:17:55,08:09,I25J718L93LVVAL,Account Management,8U07NRPZ6W,33:56,Resolved,2025-01-13 05:26:04,2025-01-13 06:00:00
2025-01-13 07:10:56,06:24,MKAVRV1ZX4ETFD8,Technical Support,O5B5LQ9GGE,08:51,Resolved,2025-01-13 07:17:20,2025-01-13 07:26:11
2025-01-13 07:17:35,09:32,SUW6IODYLSTBZ8K,Account Management,8U07NRPZ6W,01:10,Resolved,2025-01-13 07:27:07,2025-01-13 07:28:17
2025-01-13 07:33:09,05:39,8MQ8V2963E53XKH,Account Management,LA6EDSJ032,45:51,Resolved,2025-01-13 07:38:48,2025-01-13 08:24:39
2025-01-13 07:53:15,01:07,WVE2SF4R0CRFUQR,Cancellation,Y3QO4LFI83,57:48,Resolved,2025-01-13 07:54:22,2025-01-13 08:52:10
2025-01-13 08:43:23,07:23,J4S6UGK0KJNISP6,Technical Support,H3AQCCB852,20:56,Resolved,2025-01-13 08:50:46,2025-01-13 09:11:42
2025-01-13 10:19:58,03:23,KPSILAKS8C15XAM,Technical Support,E5O2YP19ZM,55:32,Resolved,2025-01-13 10:23:21,2025-01-13 11:18:53
2025-01-13 10:35:25,01:54,3PHK0UEY9TBHF9Q,Technical Support,EGGPRLOCG3,05:25,Resolved,2025-01-13 10:37:19,2025-01-13 10:42:44
2025-01-13 10:38:19,02:26,AB1SZB08LHSP4AI,Technical Support,085B1M387E,16:15,Resolved,2025-01-13 10:40:45,2025-01-13 10:57:00
2025-01-13 10:36:03,06:07,J4E50N7S248E66V,Technical Support,EOKEEITLLV,30:31,Resolved,2025-01-13 10:42:10,2025-01-13 11:12:41
2025-01-13 11:13:25,04:59,JS3M5U1PCCI9KHW,General Inquiry,1A4C3UMET3,31:42,Resolved,2025-01-13 11:18:24,2025-01-13 11:50:06
2025-01-13 11:33:25,04:17,QRPFIBNF9023HQG,Technical Support,BFH41C2K1L,15:45,Resolved,2025-01-13 11:37:42,2025-01-13 11:53:27
2025-01-13 12:08:33,08:26,180HJCDPQ55Y6C7,Technical Support,P2VQ1VBCR9,57:57,Resolved,2025-01-13 12:16:59,2025-01-13 13:14:56
2025-01-13 12:20:13,03:19,GBQWF8JUH3FRQEZ,Service Outage,VC9M3WX8IU,28:52,Resolved,2025-01-13 12:23:32,2025-01-13 12:52:24
2025-01-13 13:15:56,06:46,ZCQPZZGC9ZGAG7A,Technical Support,QKJW9MJ1FN,07:01,Resolved,2025-01-13 13:22:42,2025-01-13 13:29:43
2025-01-13 13:37:22,09:14,TMV8TRDNRODEC52,Account Management,A5YQZAZQVF,46:15,Resolved,2025-01-13 13:46:36,2025-01-13 14:32:51
2025-01-13 14:27:08,08:58,DEKFLML0YYYF2OG,Service Outage,G708AXCHKB,24:42,Resolved,2025-01-13 14:36:06,2025-01-13 15:00:48
2025-01-13 16:12:20,05:27,6HR54HWOBHI3Q8X,Technical Support,XC9RIVKYVO,33:47,Resolved,2025-01-13 16:17:47,2025-01-13 16:51:34
2025-01-13 20:06:48,08:42,TYMFVQ5XI69T9IZ,Technical Support,5ZHF59CO65,58:50,Resolved,2025-01-13 20:15:30,2025-01-13 21:14:20
2025-01-13 21:29:46,08:58,QGL9NGXUMR1S86L,Account Management,Y1HYMXI45H,30:52,Resolved,2025-01-13 21:38:44,2025-01-13 22:09:36
2025-01-13 22:07:51,07:26,LC1DR34PB5JQU2T,Billing,37DNZDU8U3,18:30,Pending,2025-01-13 22:15:17,2025-01-13 22:33:47
2025-01-13 22:47:24,07:48,YQSNTUPDP0BM0CS,Technical Support,5ZHF59CO65,52:59,Resolved,2025-01-13 22:55:12,2025-01-13 23:48:11
2025-01-14 03:19:26,06:12,7DPXHHBRB6LFD26,Technical Support,EK00AC446A,32:56,Pending,2025-01-14 03:25:38,2025-01-14 03:58:34
2025-01-14 03:52:25,03:33,GTIAI2S8Y9B1RFN,Account Management,QKJW9MJ1FN,14:45,Resolved,2025-01-14 03:55:58,2025-01-14 04:10:43
2025-01-14 04:10:09,04:06,NR18ZUNTCH5C89J,Billing,CUTPTYVKGA,44:21,Resolved,2025-01-14 04:14:15,2025-01-14 04:58:36
2025-01-14 04:45:19,04:02,MMLSDT94IHWJG6G,Technical Support,1LFL7ED7C7,25:08,Resolved,2025-01-14 04:49:21,2025-01-14 05:14:29
2025-01-14 05:09:42,00:45,JG1F6WL3X0PM66L,Feedback,IXQ62APEP6,32:17,Pending,2025-01-14 05:10:27,2025-01-14 05:42:44
2025-01-14 07:12:57,07:39,VOI91X8UC8C1T47,Billing,GVLOFG1PYV,45:25,Escalated,2025-01-14 07:20:36,2025-01-14 08:06:01
2025-01-14 07:19:24,04:46,CPQ58RS6OG6UIMT,Billing,3U00VGSYNE,52:41,Resolved,2025-01-14 07:24:10,2025-01-14 08:16:51
2025-01-14 08:05:27,02:44,POYD3PV4ZM9ZA8X,Technical Support,Y1HYMXI45H,51:21,Resolved,2025-01-14 08:08:11,2025-01-14 08:59:32
2025-01-14 08:51:07,04:21,HJU21F7WS9G0UMK,Technical Support,V2TPUT8ER8,44:55,Resolved,2025-01-14 08:55:28,2025-01-14 09:40:23
2025-01-14 09:06:02,08:25,PIQEIZ0LEN75EQI,Feedback,0Y1E3L6NGJ,03:21,Resolved,2025-01-14 09:14:27,2025-01-14 09:17:48
2025-01-14 09:41:24,03:24,LYBF56GYJEP7P8M,Billing,4HX3UNW16M,46:08,Pending,2025-01-14 09:44:48,2025-01-14 10:30:56
2025-01-14 10:13:05,03:34,YFHJPH77PKWM330,Technical Support,9Q68LCMIE2,15:39,Resolved,2025-01-14 10:16:39,2025-01-14 10:32:18
2025-01-14 10:44:47,06:32,K5JINJVKGK6XSYR,Technical Support,YI15YKJ0XL,27:26,Resolved,2025-01-14 10:51:19,2025-01-14 11:18:45
2025-01-14 10:53:13,02:05,YB6KVKM4YKQTGV5,Billing,4WW6XQA6RW,41:02,Resolved,2025-01-14 10:55:18,2025-01-14 11:36:20
2025-01-14 11:20:04,07:56,D8I0OT6HGADPWAD,Billing,1L5GLHAFEB,52:05,Escalated,2025-01-14 11:28:00,2025-01-14 12:20:05
2025-01-14 11:48:23,04:07,RG6HERMCPYTP8IB,Account Management,S79YBSAU2M,13:03,Resolved,2025-01-14 11:52:30,2025-01-14 12:05:33
2025-01-14 12:15:56,01:03,XWW4Q44693DU9CD,Feedback,UO4AZA5ZTW,41:26,Resolved,2025-01-14 12:16:59,2025-01-14 12:58:25
2025-01-14 12:15:39,03:01,G7X27HQKM5UVFY9,Billing,EOKEEITLLV,20:32,Resolved,2025-01-14 12:18:40,2025-01-14 12:39:12
2025-01-14 12:23:55,00:26,GWZ55HM5LQ8LO8R,Technical Support,8ACJRX8UY3,53:30,Resolved,2025-01-14 12:24:21,2025-01-14 13:17:51
2025-01-14 12:55:56,01:04,H4X60TOD0BCHOGE,General Inquiry,A8LBHR4AJZ,04:01,Resolved,2025-01-14 12:57:00,2025-01-14 13:01:01
2025-01-14 14:43:57,06:16,KTSOJDIFJFN0CXH,Technical Support,0CT6B8KL4F,34:29,Resolved,2025-01-14 14:50:13,2025-01-14 15:24:42
2025-01-14 18:38:10,03:43,XJS7SKL76MJPJPE,Technical Support,609A9M75Q7,11:24,Resolved,2025-01-14 18:41:53,2025-01-14 18:53:17
2025-01-14 20:11:46,03:32,SN7PNECKUZE2TIN,Technical Support,AT7A0210XJ,23:31,Resolved,2025-01-14 20:15:18,2025-01-14 20:38:49
2025-01-14 20:18:00,05:19,4Q77KOHCJS9FVN9,Billing,NNI0IVHS1M,48:51,Resolved,2025-01-14 20:23:19,2025-01-14 21:12:10
2025-01-14 22:13:47,04:29,59O5TSPZ6HSGY0V,Billing,39FAPH8540,29:39,Escalated,2025-01-14 22:18:16,2025-01-14 22:47:55
2025-01-14 22:49:12,02:10,IPEHUCT69QMTRKA,Technical Support,R6JTPQKMLX,13:24,Pending,2025-01-14 22:51:22,2025-01-14 23:04:46
2025-01-14 23:55:05,09:04,BVCJD8D2AVGY1OV,Billing,XM8ZK94HBU,56:46,Pending,2025-01-15 00:04:09,2025-01-15 01:00:55
2025-01-15 00:08:36,07:49,NCRW0N8W2J6ETT5,Technical Support,P2VQ1VBCR9,38:53,Escalated,2025-01-15 00:16:25,2025-01-15 00:55:18
2025-01-15 01:01:17,04:04,1SHNW6Y28RCD3W3,Technical Support,7OCTF99Y2J,36:45,Resolved,2025-01-15 01:05:21,2025-01-15 01:42:06
2025-01-15 01:08:21,03:03,AXHY4O9F52YAV4P,Technical Support,7ODCGNJIM6,10:38,Resolved,2025-01-15 01:11:24,2025-01-15 01:22:02
2025-01-15 01:11:11,08:43,HNKEPJT0E1X6709,Account Management,P2VQ1VBCR9,35:08,Resolved,2025-01-15 01:19:54,2025-01-15 01:55:02
2025-01-15 01:45:25,07:45,648XZQJL3ZNBGMO,Billing,O1OIM1SEOR,35:44,Resolved,2025-01-15 01:53:10,2025-01-15 02:28:54
2025-01-15 02:23:00,01:48,LWVZ0BJYU2VG564,Technical Support,7FVFE6CUFZ,25:54,Resolved,2025-01-15 02:24:48,2025-01-15 02:50:42
2025-01-15 04:21:07,05:39,2KU4DJMRF2OKEDI,Billing,CY235VURQU,52:30,Resolved,2025-01-15 04:26:46,2025-01-15 05:19:16
2025-01-15 05:53:56,07:33,NF55ODEEGG6A8MJ,Technical Support,XH7VE1JYPI,22:22,Resolved,2025-01-15 06:01:29,2025-01-15 06:23:51
2025-01-15 06:23:21,08:31,NWDBVCT6NFCG9ZL,General Inquiry,VC9M3WX8IU,30:32,Resolved,2025-01-15 06:31:52,2025-01-15 07:02:24
2025-01-15 08:04:52,07:04,C321C9FA5NOBP0V,Technical Support,XEWXNQAQ1M,29:02,Resolved,2025-01-15 08:11:56,2025-01-15 08:40:58
2025-01-15 08:34:34,05:02,TJ6K5APZOAT7RIC,Account Management,0VWM4OS698,40:03,Resolved,2025-01-15 08:39:36,2025-01-15 09:19:39
2025-01-15 08:43:01,03:23,Y2Y8842UJPU38LO,Account Management,IVCJMO7R6X,31:59,Resolved,2025-01-15 08:46:24,2025-01-15 09:18:23
2025-01-15 09:31:42,04:39,JLHE0K4XYP32UZP,Billing,XNFZ8S7SGX,12:14,Resolved,2025-01-15 09:36:21,2025-01-15 09:48:35
2025-01-15 10:33:03,06:10,VC6UDG86DHTBS1C,Billing,84BIZX56CX,16:32,Pending,2025-01-15 10:39:13,2025-01-15 10:55:45
2025-01-15 10:42:24,05:19,6CZ006TQFHRX8EZ,Billing,IQ5EGW2YXB,43:05,Resolved,2025-01-15 10:47:43,2025-01-15 11:30:48
2025-01-15 13:16:28,05:17,HNRS29VMZA4PD9W,Technical Support,GPP6YGP8D0,24:39,Resolved,2025-01-15 13:21:45,2025-01-15 13:46:24
2025-01-15 13:19:09,05:15,1QG34COISS5V08C,Technical Support,CQIEOPYM2X,35:55,Pending,2025-01-15 13:24:24,2025-01-15 14:00:19
2025-01-15 13:43:02,02:03,S3LXTH8RAOYXUTN,General Inquiry,1A7LSHX07S,10:35,Pending,2025-01-15 13:45:05,2025-01-15 13:55:40
2025-01-15 13:56:37,05:57,S0Q3R52AFHYP4RE,Account Management,KW1AUC5UYS,45:09,Pending,2025-01-15 14:02:34,2025-01-15 14:47:43
2025-01-15 14:05:42,09:23,OPOYT896TAUU92X,Feedback,XEWXNQAQ1M,17:40,Resolved,2025-01-15 14:15:05,2025-01-15 14:32:45
2025-01-15 14:27:43,02:46,RMN9WYSZAHNBZ8T,Technical Support,4T5D6A26PA,39:20,Resolved,2025-01-15 14:30:29,2025-01-15 15:09:49
2025-01-15 15:37:08,03:03,ZX2N7H7J40M861U,Account Management,NWKUZC5IP3,12:41,Resolved,2025-01-15 15:40:11,2025-01-15 15:52:52
2025-01-15 15:39:05,06:01,IW8LZ7XV09U9V0I,Billing,VC9M3WX8IU,48:45,Resolved,2025-01-15 15:45:06,2025-01-15 16:33:51
2025-01-15 16:13:36,03:41,OZJ0B2085Q3XFFO,Cancellation,F4UJGWI632,48:30,Resolved,2025-01-15 16:17:17,2025-01-15 17:05:47
2025-01-15 16:28:13,06:18,80EVA0DFN9XZ92D,Technical Support,YEP4P8AQ7E,32:54,Resolved,2025-01-15 16:34:31,2025-01-15 17:07:25
2025-01-15 17:53:21,07:54,OOILGVFE5KDD2FP,Billing,Z5Z0F8NXL7,26:13,Resolved,2025-01-15 18:01:15,2025-01-15 18:27:28
2025-01-15 18:51:56,07:07,PRG0EFZ8WVA1AS5,Technical Support,XH7VE1JYPI,39:40,Resolved,2025-01-15 18:59:03,2025-01-15 19:38:43
2025-01-15 18:55:41,03:24,RER7KBAH1MCCF45,Technical Support,80CPEP3UQC,05:02,Resolved,2025-01-15 18:59:05,2025-01-15 19:04:07
2025-01-15 18:58:58,03:46,YXV59VOO9ZA1EDJ,Technical Support,ZJPTZCGQML,51:22,Resolved,2025-01-15 19:02:44,2025-01-15 19:54:06
2025-01-15 21:46:55,00:46,8GJ1NHJLP1UQINF,Billing,EOKEEITLLV,06:02,Resolved,2025-01-15 21:47:41,2025-01-15 21:53:43
2025-01-15 23:31:47,08:14,71JVY8CR3HXTKAJ,Technical Support,XNFZ8S7SGX,46:25,Resolved,2025-01-15 23:40:01,2025-01-16 00:26:26
2025-01-16 01:07:59,06:28,8YKJPWEUWZ6D44S,Technical Support,LUWWI3OOZ7,25:55,Resolved,2025-01-16 01:14:27,2025-01-16 01:40:22
2025-01-16 01:21:25,05:00,TLHTP120X37JJJJ,Billing,17UN2SAOKL,24:30,Resolved,2025-01-16 01:26:25,2025-01-16 01:50:55
2025-01-16 01:51:08,08:46,3X27FWEGOF7TMAY,Billing,9JZJVY4LYR,31:39,Resolved,2025-01-16 01:59:54,2025-01-16 02:31:33
2025-01-16 02:20:16,02:06,S2KCB12W5Z1W439,Billing,4T5D6A26PA,51:40,Resolved,2025-01-16 02:22:22,2025-01-16 03:14:02
2025-01-16 02:48:15,04:54,A1CCB1RTM9WJTC6,Billing,XNFZ8S7SGX,17:57,Pending,2025-01-16 02:53:09,2025-01-16 03:11:06
2025-01-16 03:45:38,07:06,LI1WE6IT6Q7NXF8,Technical Support,7FVFE6CUFZ,02:07,Resolved,2025-01-16 03:52:44,2025-01-16 03:54:51
2025-01-16 05:34:45,09:23,L8DLREGKZVTGGA2,Technical Support,44JS0VDTJH,17:10,Pending,2025-01-16 05:44:08,2025-01-16 06:01:18
2025-01-16 06:25:12,04:21,TU7E4N0KRC06PIQ,Account Management,8ACJRX8UY3,40:14,Pending,2025-01-16 06:29:33,2025-01-16 07:09:47
2025-01-16 07:11:10,03:51,Z54JGXSFMJMTOSG,Technical Support,YEP4P8AQ7E,22:34,Resolved,2025-01-16 07:15:01,2025-01-16 07:37:35
2025-01-16 07:19:54,04:23,PAHKP0IVA95CAL9,Technical Support,LUWWI3OOZ7,53:09,Resolved,2025-01-16 07:24:17,2025-01-16 08:17:26
2025-01-16 10:02:22,03:31,R53NNKLMGBGQZBK,Billing,O5B5LQ9GGE,46:52,Resolved,2025-01-16 10:05:53,2025-01-16 10:52:45
2025-01-16 09:58:32,08:11,P5NIBX2LEXQ44QV,Service Outage,QXHKZ3QHBP,13:36,Pending,2025-01-16 10:06:43,2025-01-16 10:20:19
2025-01-16 10:41:12,06:00,FW0J1ZFFK2RIJ6O,Technical Support,IZKBKAZ8RY,26:44,Resolved,2025-01-16 10:47:12,2025-01-16 11:13:56
2025-01-16 11:15:23,09:33,WK8QCUTNKCRVDM9,Account Management,Y1HYMXI45H,42:56,Resolved,2025-01-16 11:24:56,2025-01-16 12:07:52
2025-01-16 13:03:38,07:00,G6GLI2HC5NYSXD1,General Inquiry,12DTJCOZP9,43:49,Resolved,2025-01-16 13:10:38,2025-01-16 13:54:27
2025-01-16 13:10:56,09:46,2BSTWUYU89H8AIW,Technical Support,JSA39T01BU,52:34,Resolved,2025-01-16 13:20:42,2025-01-16 14:13:16
2025-01-16 13:16:51,05:32,IB2MY8KHX0RNZ1H,Technical Support,YUAB483264,32:07,Resolved,2025-01-16 13:22:23,2025-01-16 13:54:30
2025-01-16 13:58:56,04:00,QI8VGARVB6C1564,Billing,0F8YFNUIYL,40:53,Pending,2025-01-16 14:02:56,2025-01-16 14:43:49
2025-01-16 14:06:23,06:24,9B4HNAXP4F01M51,Billing,6X3YD9OB2R,50:08,Resolved,2025-01-16 14:12:47,2025-01-16 15:02:55
2025-01-16 14:53:59,09:49,CR0PDVEFHZDA5DG,Technical Support,CUTPTYVKGA,27:06,Resolved,2025-01-16 15:03:48,2025-01-16 15:30:54
2025-01-16 15:29:38,04:43,YOKZ6DLNU6RI1RG,Service Outage,CUTPTYVKGA,22:25,Resolved,2025-01-16 15:34:21,2025-01-16 15:56:46
2025-01-16 16:04:12,04:36,UJAFO2OBQFFA7SJ,General Inquiry,YZ3STW1DAX,05:02,Resolved,2025-01-16 16:08:48,2025-01-16 16:13:50
2025-01-16 16:41:32,03:42,XH66RJCDT1TS8NR,Billing,37DNZDU8U3,44:44,Resolved,2025-01-16 16:45:14,2025-01-16 17:29:58
2025-01-16 17:04:54,08:35,NCSTHI2RNQ44YF2,Billing,IZKBKAZ8RY,18:10,Resolved,2025-01-16 17:13:29,2025-01-16 17:31:39
2025-01-16 17:25:23,02:32,RPVEXSAFEA1G9WI,General Inquiry,IVCJMO7R6X,31:24,Resolved,2025-01-16 17:27:55,2025-01-16 17:59:19
2025-01-16 17:24:23,03:56,YI0ZHPUWCTU5IEO,Feedback,Y1HYMXI45H,58:44,Resolved,2025-01-16 17:28:19,2025-01-16 18:27:03
2025-01-16 17:36:14,04:02,DDM7WJLJNP3HXXV,Technical Support,XDW8DBKKTA,42:41,Resolved,2025-01-16 17:40:16,2025-01-16 18:22:57
2025-01-16 18:04:08,09:02,BVE691PVOT9PLHL,Technical Support,O1OIM1SEOR,28:22,Escalated,2025-01-16 18:13:10,2025-01-16 18:41:32
2025-01-16 18:48:40,00:53,50B48Z8OTI6LE0U,Billing,NWKUZC5IP3,26:05,Resolved,2025-01-16 18:49:33,2025-01-16 19:15:38
2025-01-16 18:47:09,07:21,K8GAJT7Z8U3S97V,Billing,MJL5QJH840,30:17,Resolved,2025-01-16 18:54:30,2025-01-16 19:24:47
2025-01-16 19:49:24,07:37,UDYSL83VMLERIC2,Billing,ILPNQ5U024,47:49,Resolved,2025-01-16 19:57:01,2025-01-16 20:44:50
2025-01-16 20:08:29,06:07,OL0NSWBM9B213TR,Technical Support,N7UU5OO1DB,08:39,Pending,2025-01-16 20:14:36,2025-01-16 20:23:15
2025-01-16 21:47:05,08:09,CYUMXC66CC3CWJV,Technical Support,39FAPH8540,17:14,Resolved,2025-01-16 21:55:14,2025-01-16 22:12:28
2025-01-16 22:17:17,05:48,LIHG1J0O4XAV6X5,General Inquiry,17UN2SAOKL,18:54,Resolved,2025-01-16 22:23:05,2025-01-16 22:41:59
2025-01-16 22:30:26,04:14,6CWHLFQNYALS7B1,Technical Support,7FVFE6CUFZ,42:14,Resolved,2025-01-16 22:34:40,2025-01-16 23:16:54
2025-01-16 22:54:57,03:11,BB9SAP890MYK83L,Service Outage,17UN2SAOKL,50:42,Pending,2025-01-16 22:58:08,2025-01-16 23:48:50
2025-01-16 23:58:49,09:19,XGKM9OV67N2N9Q7,Technical Support,7OCTF99Y2J,09:02,Pending,2025-01-17 00:08:08,2025-01-17 00:17:10
2025-01-17 00:22:27,04:23,030QPULK6IA4HW0,Billing,17UN2SAOKL,10:50,Resolved,2025-01-17 00:26:50,2025-01-17 00:37:40
2025-01-17 00:25:38,04:04,7KPQ31E8C11PL51,Billing,7FVFE6CUFZ,29:37,Resolved,2025-01-17 00:29:42,2025-01-17 00:59:19
2025-01-17 00:23:47,07:03,U6UQRZNKMGDMBGJ,Technical Support,HCAJOQF4ID,08:10,Resolved,2025-01-17 00:30:50,2025-01-17 00:39:00
2025-01-17 01:46:30,09:04,QI3ODVLCKY1LFQ4,Account Management,HHAMF970JF,10:14,Resolved,2025-01-17 01:55:34,2025-01-17 02:05:48
2025-01-17 01:56:24,04:27,GO2RXWQULZT8NOW,Account Management,6HLV8VQK6Q,17:12,Pending,2025-01-17 02:00:51,2025-01-17 02:18:03
2025-01-17 03:01:56,04:14,LFXX21L6ETVC6HB,Account Management,YUAB483264,47:52,Resolved,2025-01-17 03:06:10,2025-01-17 03:54:02
2025-01-17 03:42:01,03:25,O40EE9MULMGBHFC,Service Outage,YI15YKJ0XL,33:45,Resolved,2025-01-17 03:45:26,2025-01-17 04:19:11
2025-01-17 03:40:48,07:40,LHIS0SDNQA4CMVM,Billing,P2VQ1VBCR9,47:58,Resolved,2025-01-17 03:48:28,2025-01-17 04:36:26
2025-01-17 04:38:22,02:52,FH0OYW9OIQF3JWB,Billing,GVLOFG1PYV,17:20,Resolved,2025-01-17 04:41:14,2025-01-17 04:58:34
2025-01-17 06:17:41,03:47,FJTL2IK7ZW5B7BD,General Inquiry,37DNZDU8U3,41:10,Pending,2025-01-17 06:21:28,2025-01-17 07:02:38
2025-01-17 06:38:26,09:23,KGIT9VW9RUDU9XE,General Inquiry,HE1LT4J38Z,05:24,Resolved,2025-01-17 06:47:49,2025-01-17 06:53:13
2025-01-17 07:12:06,04:03,GN977J42OL8WTUR,Billing,KVJV1E2HB9,38:34,Resolved,2025-01-17 07:16:09,2025-01-17 07:54:43
2025-01-17 07:30:27,08:13,16MKJZ1A0FH0XI3,Service Outage,GFAPSA0GZ7,43:05,Resolved,2025-01-17 07:38:40,2025-01-17 08:21:45
2025-01-17 10:05:59,02:16,3NRET5039SZAIAE,Technical Support,XSD3YKA0T1,39:06,Resolved,2025-01-17 10:08:15,2025-01-17 10:47:21
2025-01-17 11:10:01,07:10,PIU52NSB082CI2S,Billing,1MB4ZJGMD3,47:24,Pending,2025-01-17 11:17:11,2025-01-17 12:04:35
2025-01-17 11:29:04,08:35,NEP825GRHFARVZE,Account Management,0R5MVVD23K,41:57,Resolved,2025-01-17 11:37:39,2025-01-17 12:19:36
2025-01-17 11:37:58,08:32,1YH0UH77AAH20HY,Billing,MP7H6OVL7T,15:02,Resolved,2025-01-17 11:46:30,2025-01-17 12:01:32
2025-01-17 12:28:31,08:11,FJR9M04PEMQN8RE,Technical Support,SMDTYF01A6,01:37,Pending,2025-01-17 12:36:42,2025-01-17 12:38:19
2025-01-17 13:48:03,02:31,AMJ2WFSLAJ94RQB,Technical Support,FCT1GG1XFB,44:47,Pending,2025-01-17 13:50:34,2025-01-17 14:35:21
2025-01-17 14:24:49,06:09,4BZB3A0DA11RPGZ,Billing,8U07NRPZ6W,25:22,Resolved,2025-01-17 14:30:58,2025-01-17 14:56:20
2025-01-17 14:58:58,09:09,1JBA91OZH1PIZ8C,Technical Support,7FVFE6CUFZ,02:23,Resolved,2025-01-17 15:08:07,2025-01-17 15:10:30
2025-01-17 15:10:49,00:37,U1Y8V7X8VFOGVPB,Billing,IQ5EGW2YXB,49:32,Resolved,2025-01-17 15:11:26,2025-01-17 16:00:58
2025-01-17 15:20:16,07:24,EKMTHTM7POX6UF8,Technical Support,PEVGAFDH75,57:39,Resolved,2025-01-17 15:27:40,2025-01-17 16:25:19
2025-01-17 15:31:44,02:21,EX4P5C8P1E78VC0,Technical Support,D2TZHENPQB,31:36,Resolved,2025-01-17 15:34:05,2025-01-17 16:05:41
2025-01-17 15:39:42,02:58,SEKUZ0RDIE7JC9U,Account Management,IIIXK34IJ6,46:12,Resolved,2025-01-17 15:42:40,2025-01-17 16:28:52
2025-01-17 17:05:37,09:56,P7Q81OVNHSSGJAU,Technical Support,QO059NJJH4,30:55,Resolved,2025-01-17 17:15:33,2025-01-17 17:46:28
2025-01-17 17:35:45,00:45,0VKP0YS1J4HXAYZ,Technical Support,PJDR4E2INL,42:06,Resolved,2025-01-17 17:36:30,2025-01-17 18:18:36
2025-01-17 17:38:06,09:03,VN6WUAIWHZ6C7YN,General Inquiry,ZO0Y9E4YJE,17:11,Resolved,2025-01-17 17:47:09,2025-01-17 18:04:20
2025-01-17 19:15:51,01:37,F6ZFJQDQL77MCDD,Billing,UKSG9Z7EZP,07:17,Resolved,2025-01-17 19:17:28,2025-01-17 19:24:45
2025-01-17 19:43:48,04:41,0QJBVHDDC4DNM35,Technical Support,EK8VO248TP,39:48,Resolved,2025-01-17 19:48:29,2025-01-17 20:28:17
2025-01-17 20:09:17,04:35,S9GXF0FU4LWBSUZ,Account Management,HA7ZLGSQ93,07:21,Resolved,2025-01-17 20:13:52,2025-01-17 20:21:13
2025-01-18 00:41:11,04:26,4RB9IYND582VVP9,Service Outage,80CPEP3UQC,27:35,Resolved,2025-01-18 00:45:37,2025-01-18 01:13:12
2025-01-18 01:40:04,03:19,WKPWGM8B4G8AZD3,Technical Support,007NG3XQ3G,48:09,Resolved,2025-01-18 01:43:23,2025-01-18 02:31:32
2025-01-18 01:38:03,06:05,51NRR5C8HM97L2X,Technical Support,GML5G1C6G5,17:25,Resolved,2025-01-18 01:44:08,2025-01-18 02:01:33
2025-01-18 01:47:49,05:08,11XRGYS3VCXUAX5,General Inquiry,HCAJOQF4ID,38:45,Resolved,2025-01-18 01:52:57,2025-01-18 02:31:42
2025-01-18 01:55:15,03:28,ZAM3E91NI6R4DA8,Technical Support,2K3P8D3XK4,36:48,Resolved,2025-01-18 01:58:43,2025-01-18 02:35:31
2025-01-18 02:47:11,07:51,TTPU3MGXDMO6UE7,Technical Support,44JS0VDTJH,02:55,Resolved,2025-01-18 02:55:02,2025-01-18 02:57:57
2025-01-18 03:05:19,07:59,CRLXIM4C20DZZQU,Technical Support,2AYZTIKJXT,57:46,Resolved,2025-01-18 03:13:18,2025-01-18 04:11:04
2025-01-18 04:00:17,03:05,6S0L5F6D43BF14G,Technical Support,6HLV8VQK6Q,22:54,Pending,2025-01-18 04:03:22,2025-01-18 04:26:16
2025-01-18 04:18:30,00:30,KLE9ZRRSSRLLQS3,Billing,20I5VYLR6Z,46:13,Resolved,2025-01-18 04:19:00,2025-01-18 05:05:13
2025-01-18 04:15:52,07:04,C5J9CAPPNZQG8CE,Technical Support,G0ATVS9P7F,29:19,Resolved,2025-01-18 04:22:56,2025-01-18 04:52:15
2025-01-18 04:14:59,07:58,68EVBA7CX4SQITS,Technical Support,D6VZTNH4XH,50:19,Resolved,2025-01-18 04:22:57,2025-01-18 05:13:16
2025-01-18 04:27:09,00:56,2A0E7VJIIBEQVMN,Technical Support,H3AQCCB852,24:50,Resolved,2025-01-18 04:28:05,2025-01-18 04:52:55
2025-01-18 06:22:24,09:30,A1YDUP9KUY0PJFL,Account Management,LLH4X2TYCI,36:00,Resolved,2025-01-18 06:31:54,2025-01-18 07:07:54
2025-01-18 06:35:09,04:10,RLV5W6HSJB4AM9H,Account Management,5ZHF59CO65,15:36,Resolved,2025-01-18 06:39:19,2025-01-18 06:54:55
2025-01-18 06:52:35,01:00,CFLPA8I38Q5AC4Z,Technical Support,IIIXK34IJ6,55:12,Resolved,2025-01-18 06:53:35,2025-01-18 07:48:47
2025-01-18 07:00:03,03:15,R3TH71JXP42AK9U,Account Management,UQ5NMFD6LQ,31:44,Resolved,2025-01-18 07:03:18,2025-01-18 07:35:02
2025-01-18 07:10:34,07:52,XU0ZPUXZ92044RN,General Inquiry,EK00AC446A,19:27,Resolved,2025-01-18 07:18:26,2025-01-18 07:37:53
2025-01-18 07:33:34,04:28,B7Q9C333K0E1CXX,Account Management,QHQBMUZM7P,34:23,Resolved,2025-01-18 07:38:02,2025-01-18 08:12:25
2025-01-18 08:04:30,05:45,6EXDLKN1KFKZEP3,Billing,A5YQZAZQVF,27:19,Resolved,2025-01-18 08:10:15,2025-01-18 08:37:34
2025-01-18 08:30:02,04:45,8CBO8H1GJHVBI1P,Account Management,20I5VYLR6Z,36:12,Resolved,2025-01-18 08:34:47,2025-01-18 09:10:59
2025-01-18 08:57:30,00:18,OKRHPUG5MBCE13I,General Inquiry,ADYOBJZDW6,35:26,Resolved,2025-01-18 08:57:48,2025-01-18 09:33:14
2025-01-18 09:10:10,04:35,ZGWZDPWPLQ03NHT,Technical Support,PHRUFX08XU,48:55,Resolved,2025-01-18 09:14:45,2025-01-18 10:03:40
2025-01-18 09:16:10,01:06,6VQD41P0DTB7ISY,Technical Support,F4UJGWI632,53:27,Resolved,2025-01-18 09:17:16,2025-01-18 10:10:43
2025-01-18 09:51:15,02:54,6AW6H0CZ0GT6XH8,Billing,R8XXYL17EA,35:19,Resolved,2025-01-18 09:54:09,2025-01-18 10:29:28
2025-01-18 10:53:46,08:32,QKUSIJ70RV4FTVJ,Service Outage,0F8YFNUIYL,36:04,Pending,2025-01-18 11:02:18,2025-01-18 11:38:22
2025-01-18 12:07:35,07:25,OHU6TKOMCXJ9WBE,Technical Support,X6943R0AP1,26:48,Resolved,2025-01-18 12:15:00,2025-01-18 12:41:48
2025-01-18 12:35:56,04:43,POL8BIL9VR8CBLF,Cancellation,SUQQIYD01T,03:19,Resolved,2025-01-18 12:40:39,2025-01-18 12:43:58
2025-01-18 13:34:49,06:54,FEAX17HEM7L5E8H,Billing,ZUXH88ENJX,45:41,Resolved,2025-01-18 13:41:43,2025-01-18 14:27:24
2025-01-18 14:53:14,05:40,J3A13EPDMNPRUZ1,Feedback,0OWW4LAOB9,57:20,Resolved,2025-01-18 14:58:54,2025-01-18 15:56:14
2025-01-18 16:35:35,08:19,3FZAQE6CG6FQMX9,Technical Support,XI049RV3AX,44:55,Resolved,2025-01-18 16:43:54,2025-01-18 17:28:49
2025-01-18 16:53:44,06:58,BEBHJ1S3E94F7HV,General Inquiry,IQ5EGW2YXB,55:29,Resolved,2025-01-18 17:00:42,2025-01-18 17:56:11
2025-01-18 17:02:13,02:36,IJER34BPKMDD0ZY,Technical Support,2XIHPOZH4B,55:21,Resolved,2025-01-18 17:04:49,2025-01-18 18:00:10
2025-01-18 17:37:34,06:15,55G7SRVEXMQAZD4,General Inquiry,RKZOW9FAW4,33:42,Resolved,2025-01-18 17:43:49,2025-01-18 18:17:31
2025-01-18 20:40:33,02:11,4QG92YLFRX4SIQA,Technical Support,RKZOW9FAW4,09:07,Resolved,2025-01-18 20:42:44,2025-01-18 20:51:51
2025-01-18 21:51:08,06:45,TA2TXJ15CFX5RTZ,Billing,35X3AAFLCD,18:37,Resolved,2025-01-18 21:57:53,2025-01-18 22:16:30
2025-01-18 22:40:14,01:20,LDHOWGYS3G75113,Account Management,5VNLH19TUN,36:03,Resolved,2025-01-18 22:41:34,2025-01-18 23:17:37
2025-01-18 22:47:05,07:45,0K3TH1OTCAFUOZX,Account Management,QMI4KU7HX7,07:06,Resolved,2025-01-18 22:54:50,2025-01-18 23:01:56
2025-01-18 22:57:10,08:13,UK59F4YASCC11Q1,Billing,AT7A0210XJ,23:53,Resolved,2025-01-18 23:05:23,2025-01-18 23:29:16
2025-01-18 23:44:24,02:51,PMPNB7CT2X5GXS1,Technical Support,QO059NJJH4,51:36,Resolved,2025-01-18 23:47:15,2025-01-19 00:38:51
2025-01-18 23:50:58,01:14,CUCPC1761DA170T,Technical Support,XI049RV3AX,12:19,Resolved,2025-01-18 23:52:12,2025-01-19 00:04:31
2025-01-18 23:58:03,06:45,TGQEA3BBU6PFBJS,Technical Support,GML5G1C6G5,18:14,Resolved,2025-01-19 00:04:48,2025-01-19 00:23:02
2025-01-19 03:25:21,01:13,5RAVPUHJ0SMNYCA,Billing,PJDR4E2INL,40:02,Resolved,2025-01-19 03:26:34,2025-01-19 04:06:36
2025-01-19 03:41:47,08:01,APIXEMQWPZGGV9C,Billing,S6O4QFAVC5,56:33,Resolved,2025-01-19 03:49:48,2025-01-19 04:46:21
2025-01-19 05:55:22,09:08,8NWWEXPFYJPE5O3,General Inquiry,8U07NRPZ6W,03:03,Resolved,2025-01-19 06:04:30,2025-01-19 06:07:33
2025-01-19 06:49:30,03:35,JJIV1568JJPPA5B,Technical Support,S4XQITBP4P,01:49,Resolved,2025-01-19 06:53:05,2025-01-19 06:54:54
2025-01-19 10:25:45,01:07,DF6WOT58NRWHXQ5,Technical Support,2AYZTIKJXT,28:42,Resolved,2025-01-19 10:26:52,2025-01-19 10:55:34
2025-01-19 10:20:23,06:46,F8ZRIQYBRIEYEHG,Technical Support,1A7LSHX07S,34:37,Resolved,2025-01-19 10:27:09,2025-01-19 11:01:46
2025-01-19 10:24:44,03:34,D43JOJX47WCGU57,Service Outage,2ALL1VH8LI,06:27,Resolved,2025-01-19 10:28:18,2025-01-19 10:34:45
2025-01-19 13:16:07,03:45,29V6MOUB8X9V04M,Technical Support,G708AXCHKB,39:44,Resolved,2025-01-19 13:19:52,2025-01-19 13:59:36
2025-01-19 13:19:18,05:23,KJ0Y1S1CFGSWXX4,Technical Support,GNRXZWLKN3,44:33,Resolved,2025-01-19 13:24:41,2025-01-19 14:09:14
2025-01-19 13:28:39,07:54,3AY6JJTOFRKWDB8,Billing,NNI0IVHS1M,10:01,Resolved,2025-01-19 13:36:33,2025-01-19 13:46:34
2025-01-19 15:28:52,04:44,794IDOIWEKW64RW,General Inquiry,6NLIU8K1UE,04:52,Resolved,2025-01-19 15:33:36,2025-01-19 15:38:28
2025-01-19 15:49:13,06:40,HSCF4DNEJW06SV8,General Inquiry,V2TPUT8ER8,22:16,Resolved,2025-01-19 15:55:53,2025-01-19 16:18:09
2025-01-19 16:39:53,00:59,MV2OYBKOD58VBBI,Technical Support,PM9YVO7WKX,12:11,Resolved,2025-01-19 16:40:52,2025-01-19 16:53:03
2025-01-19 18:10:06,05:52,SM7EW3GV6JLT751,Billing,12DTJCOZP9,03:57,Resolved,2025-01-19 18:15:58,2025-01-19 18:19:55
2025-01-19 19:36:17,08:19,4VUJC1V9M3SBZBX,Technical Support,UU8K4SSRXB,03:40,Resolved,2025-01-19 19:44:36,2025-01-19 19:48:16
2025-01-19 19:49:50,09:23,XP0C48B5957OT9B,Billing,3V48BHVVEW,11:38,Resolved,2025-01-19 19:59:13,2025-01-19 20:10:51
2025-01-19 21:05:55,03:01,V2VR2R0EQ0ZU9FM,Billing,5ZHF59CO65,14:03,Resolved,2025-01-19 21:08:56,2025-01-19 21:22:59
2025-01-19 21:48:49,05:53,D3742AL6X5RHSNP,General Inquiry,085B1M387E,47:54,Resolved,2025-01-19 21:54:42,2025-01-19 22:42:36
2025-01-19 22:40:05,08:03,E2HQ87HLO4RTHBL,Technical Support,V62ER53MJK,00:00,Resolved,2025-01-19 22:48:08,2025-01-19 23:48:08
2025-01-19 23:57:22,04:16,4QV1EBJSL9Y3BDH,Technical Support,CUTPTYVKGA,32:19,Resolved,2025-01-20 00:01:38,2025-01-20 00:33:57
2025-01-20 00:13:31,08:35,UR6A42T6CGQ5244,Feedback,7OCTF99Y2J,16:46,Resolved,2025-01-20 00:22:06,2025-01-20 00:38:52
2025-01-20 00:49:59,06:00,75CUTJRCKU1CAU9,General Inquiry,X6943R0AP1,22:51,Resolved,2025-01-20 00:55:59,2025-01-20 01:18:50
2025-01-20 01:13:35,01:24,BS6DHOXRC036W25,Billing,407MBTYMFR,39:45,Resolved,2025-01-20 01:14:59,2025-01-20 01:54:44
2025-01-20 02:04:11,09:54,LHX7Q474PLLJCWA,Technical Support,2K3P8D3XK4,15:48,Resolved,2025-01-20 02:14:05,2025-01-20 02:29:53
2025-01-20 02:27:54,06:46,G95U6A1V3KQS81K,Technical Support,X6943R0AP1,03:15,Pending,2025-01-20 02:34:40,2025-01-20 02:37:55
2025-01-20 03:01:10,01:47,ESP1MD4C293G3I4,Technical Support,Z5Z0F8NXL7,48:06,Resolved,2025-01-20 03:02:57,2025-01-20 03:51:03
2025-01-20 03:29:30,04:13,NE5MBNFWM8E53K9,Billing,QZHW5WV8YV,23:19,Resolved,2025-01-20 03:33:43,2025-01-20 03:57:02
2025-01-20 04:59:37,09:16,7OU0918I13YKNTV,Service Outage,CQIEOPYM2X,30:45,Resolved,2025-01-20 05:08:53,2025-01-20 05:39:38
2025-01-20 08:00:25,05:17,AZ0FCBPVIXLF0S7,Technical Support,XNFZ8S7SGX,42:00,Pending,2025-01-20 08:05:42,2025-01-20 08:47:42
2025-01-20 08:57:51,04:19,DCISBUIAXA2NVPX,Billing,V20HMRVLGQ,44:46,Resolved,2025-01-20 09:02:10,2025-01-20 09:46:56
2025-01-20 10:01:42,07:52,N3TG9R4A65JUZYA,General Inquiry,A8LBHR4AJZ,09:22,Resolved,2025-01-20 10:09:34,2025-01-20 10:18:56
2025-01-20 10:34:13,00:29,I5KDS01CQFTLJEE,Technical Support,42AOT9NYX1,10:42,Resolved,2025-01-20 10:34:42,2025-01-20 10:45:24
2025-01-20 10:53:11,05:57,275GSMS2V38QYSM,Billing,U6QDU5HHQQ,05:09,Resolved,2025-01-20 10:59:08,2025-01-20 11:04:17
2025-01-20 12:08:20,07:21,HX65QGE6PZUC3LF,Account Management,1A4C3UMET3,11:14,Resolved,2025-01-20 12:15:41,2025-01-20 12:26:55
2025-01-20 12:43:15,09:57,0MD0044DF0W9CJQ,General Inquiry,XI049RV3AX,25:25,Escalated,2025-01-20 12:53:12,2025-01-20 13:18:37
2025-01-20 14:26:49,03:24,Y0AHJHO63RTBMPQ,Account Management,AT7A0210XJ,06:54,Resolved,2025-01-20 14:30:13,2025-01-20 14:37:07
2025-01-20 15:01:52,00:15,AFJXGX8CAEOD6UZ,Technical Support,QHQBMUZM7P,42:54,Resolved,2025-01-20 15:02:07,2025-01-20 15:45:01
2025-01-20 15:10:21,08:32,0KZEE6LG5MTDNTH,Technical Support,ADYOBJZDW6,19:22,Resolved,2025-01-20 15:18:53,2025-01-20 15:38:15
2025-01-20 15:43:57,08:37,7ONNY1MJ19URECV,Feedback,IQ5EGW2YXB,05:59,Resolved,2025-01-20 15:52:34,2025-01-20 15:58:33
2025-01-20 15:52:19,08:39,YXEVOPZ8KUG9UJH,Technical Support,7ODCGNJIM6,48:17,Resolved,2025-01-20 16:00:58,2025-01-20 16:49:15
2025-01-20 18:14:35,07:32,XTPH9U2P86O43Y2,Technical Support,QXHKZ3QHBP,08:55,Resolved,2025-01-20 18:22:07,2025-01-20 18:31:02
2025-01-20 19:26:14,07:14,OWJ5KXVFKD0IQ9R,Technical Support,HE1LT4J38Z,10:38,Resolved,2025-01-20 19:33:28,2025-01-20 19:44:06
2025-01-20 19:28:10,09:14,R1W1VER4AMVOUGD,Technical Support,6X3YD9OB2R,50:35,Resolved,2025-01-20 19:37:24,2025-01-20 20:27:59
2025-01-20 20:50:02,02:47,GBNR7UFPBC3C1CC,Billing,HDCBSCKPWK,21:31,Resolved,2025-01-20 20:52:49,2025-01-20 21:14:20
2025-01-20 21:57:49,02:30,6O2G4JXC0DV1HCE,Billing,2AYZTIKJXT,08:11,Resolved,2025-01-20 22:00:19,2025-01-20 22:08:30
2025-01-20 22:18:36,02:03,1BA53STMW3W5GRU,Technical Support,N3QX77XZ3T,59:13,Resolved,2025-01-20 22:20:39,2025-01-20 23:19:52
2025-01-20 23:23:04,01:08,IMPBF36RLWTJZG2,Billing,4HX3UNW16M,37:47,Resolved,2025-01-20 23:24:12,2025-01-21 00:01:59
2025-01-20 23:26:12,07:05,HSSEGIHJ8RRUMVX,Billing,HDCBSCKPWK,37:08,Resolved,2025-01-20 23:33:17,2025-01-21 00:10:25
2025-01-21 01:02:54,08:34,RJXZI4WBRFHLVAN,General Inquiry,NNI0IVHS1M,57:13,Resolved,2025-01-21 01:11:28,2025-01-21 02:08:41
2025-01-21 01:50:51,00:18,FFVYS7FIUSSNI96,Account Management,YUAB483264,44:16,Resolved,2025-01-21 01:51:09,2025-01-21 02:35:25
2025-01-21 03:20:39,02:34,HLLSAO4Z9022II5,Technical Support,28OUVNJ3FH,44:08,Escalated,2025-01-21 03:23:13,2025-01-21 04:07:21
2025-01-21 03:41:05,08:24,YIHQ3U9N1OFUOPJ,Account Management,YPK1BT8J0S,08:45,Resolved,2025-01-21 03:49:29,2025-01-21 03:58:14
2025-01-21 05:40:50,01:45,D301JPURIJ6BYB2,Account Management,XHPLT6KOIS,24:40,Resolved,2025-01-21 05:42:35,2025-01-21 06:07:15
2025-01-21 05:50:30,01:25,9ZE98KZROCC3J1L,Technical Support,ZS56A0DGC5,19:08,Resolved,2025-01-21 05:51:55,2025-01-21 06:11:03
2025-01-21 06:06:30,03:16,ATOO34GSTMOJ9QH,Technical Support,N7UU5OO1DB,33:02,Pending,2025-01-21 06:09:46,2025-01-21 06:42:48
2025-01-21 09:10:02,02:03,1Y2XOD5PZUNC0SL,Cancellation,ADYOBJZDW6,43:39,Resolved,2025-01-21 09:12:05,2025-01-21 09:55:44
2025-01-21 09:40:11,02:55,6MXDTTWY34HA7HT,Technical Support,2AYZTIKJXT,03:57,Pending,2025-01-21 09:43:06,2025-01-21 09:47:03
2025-01-21 10:20:52,06:59,G03TSSQT1AJ3N9Z,Billing,37DNZDU8U3,11:46,Escalated,2025-01-21 10:27:51,2025-01-21 10:39:37
2025-01-21 10:47:36,01:32,3BKR7ONO92EU217,Account Management,F4UJGWI632,07:56,Resolved,2025-01-21 10:49:08,2025-01-21 10:57:04
2025-01-21 10:50:54,08:16,OI5OBGKHMB10GT1,Service Outage,Q10PNJQJMC,49:41,Resolved,2025-01-21 10:59:10,2025-01-21 11:48:51
2025-01-21 11:05:08,00:33,QGD0F2L7V7O2YAR,Technical Support,HOHX6DGGJB,10:56,Escalated,2025-01-21 11:05:41,2025-01-21 11:16:37
2025-01-21 10:59:13,07:23,MXKG42ZVPSA0OM3,Billing,2XIHPOZH4B,55:40,Resolved,2025-01-21 11:06:36,2025-01-21 12:02:16
2025-01-21 11:05:50,06:14,OQ77PHYZEIEWRSN,Billing,ZS56A0DGC5,44:08,Pending,2025-01-21 11:12:04,2025-01-21 11:56:12
2025-01-21 11:11:29,04:42,QV034LJROTGFK48,Technical Support,D0T2KSCXMU,37:50,Resolved,2025-01-21 11:16:11,2025-01-21 11:54:01
2025-01-21 11:15:28,02:30,DUC5BGRFPL5AN6T,General Inquiry,A5YQZAZQVF,09:45,Resolved,2025-01-21 11:17:58,2025-01-21 11:27:43
2025-01-21 11:49:42,08:39,SURNATZFWU9HFG9,Service Outage,MJL5QJH840,09:13,Resolved,2025-01-21 11:58:21,2025-01-21 12:07:34
2025-01-21 12:11:26,02:21,990368ZBPS4LGPJ,Technical Support,7ODCGNJIM6,16:22,Resolved,2025-01-21 12:13:47,2025-01-21 12:30:09
2025-01-21 12:42:33,01:55,OG38PCW49Y265KP,Billing,NNI0IVHS1M,27:42,Resolved,2025-01-21 12:44:28,2025-01-21 13:12:10
2025-01-21 12:54:09,07:23,639OXBXW10BFS4H,Technical Support,HCAJOQF4ID,08:59,Resolved,2025-01-21 13:01:32,2025-01-21 13:10:31
2025-01-21 13:13:48,08:46,CRCGSYI7BMOBHDO,Technical Support,IIIXK34IJ6,51:00,Resolved,2025-01-21 13:22:34,2025-01-21 14:13:34
2025-01-21 14:06:51,02:22,9BE7EC0CFTAQ3MB,General Inquiry,N3QX77XZ3T,32:32,Resolved,2025-01-21 14:09:13,2025-01-21 14:41:45
2025-01-21 14:51:43,02:03,32YGPA1FKMV1FCQ,General Inquiry,ZS56A0DGC5,22:58,Resolved,2025-01-21 14:53:46,2025-01-21 15:16:44
2025-01-21 16:33:22,03:16,46YFZPAON3KYERL,Technical Support,YPK1BT8J0S,22:20,Resolved,2025-01-21 16:36:38,2025-01-21 16:58:58
2025-01-21 16:53:06,09:05,ZZM1T8QI6RTZZ2Q,Technical Support,ZS56A0DGC5,37:33,Resolved,2025-01-21 17:02:11,2025-01-21 17:39:44
2025-01-21 19:17:02,04:31,5LPGFE0B2M0QTQT,Feedback,SUQQIYD01T,10:43,Resolved,2025-01-21 19:21:33,2025-01-21 19:32:16
2025-01-21 20:17:10,05:36,9U57MZ0ISFI65NG,Billing,7MBSDGR63V,52:24,Resolved,2025-01-21 20:22:46,2025-01-21 21:15:10
2025-01-21 20:56:36,06:24,D4MIDOWTAEOS100,Billing,59JLNXQF04,56:04,Resolved,2025-01-21 21:03:00,2025-01-21 21:59:04
2025-01-21 21:19:45,01:33,Y2P9ZYHYH8RVJRR,Technical Support,007NG3XQ3G,05:04,Resolved,2025-01-21 21:21:18,2025-01-21 21:26:22
2025-01-21 21:14:05,07:34,IQWDN890EXVMY0V,General Inquiry,2XIHPOZH4B,39:35,Resolved,2025-01-21 21:21:39,2025-01-21 22:01:14
2025-01-21 22:30:58,00:24,GK8V57YOQATZ456,Service Outage,D4AJ1PF4A3,13:00,Resolved,2025-01-21 22:31:22,2025-01-21 22:44:22
2025-01-21 22:42:31,03:47,U6CGXBD383PJWGD,Billing,31KAB3AA8M,53:49,Resolved,2025-01-21 22:46:18,2025-01-21 23:40:07
2025-01-21 23:49:56,08:55,BFJNBPV9M2QYQTC,Technical Support,ILPNQ5U024,44:21,Resolved,2025-01-21 23:58:51,2025-01-22 00:43:12
2025-01-22 00:56:14,03:31,2MGOHLXR8VPCYNN,Technical Support,D0T2KSCXMU,59:29,Resolved,2025-01-22 00:59:45,2025-01-22 01:59:14
2025-01-22 06:33:57,06:07,3209IXP1GHLH5OL,Billing,QZHW5WV8YV,21:15,Resolved,2025-01-22 06:40:04,2025-01-22 07:01:19
2025-01-22 06:59:27,06:06,NPLWZI46C3IJ316,Account Management,PHRUFX08XU,48:39,Resolved,2025-01-22 07:05:33,2025-01-22 07:54:12
2025-01-22 07:39:48,06:57,ULD4U6FPMQ7N1EP,Technical Support,CUTPTYVKGA,34:42,Resolved,2025-01-22 07:46:45,2025-01-22 08:21:27
2025-01-22 08:02:53,01:24,OFF3DGL8WW7KV9L,Technical Support,UQ5NMFD6LQ,28:09,Resolved,2025-01-22 08:04:17,2025-01-22 08:32:26
2025-01-22 08:44:28,03:52,NSWYEP8IDBIW17Y,Technical Support,0Y1E3L6NGJ,31:27,Pending,2025-01-22 08:48:20,2025-01-22 09:19:47
2025-01-22 08:54:51,00:26,8AU8PH486ROCLBQ,General Inquiry,G708AXCHKB,15:00,Resolved,2025-01-22 08:55:17,2025-01-22 09:10:17
2025-01-22 08:48:45,06:36,K5E7HWK9IAEWCU7,Billing,289K5JYCRI,29:02,Resolved,2025-01-22 08:55:21,2025-01-22 09:24:23
2025-01-22 09:03:04,07:20,IX0GLCJYIQ9TURE,Technical Support,Y3QO4LFI83,30:20,Resolved,2025-01-22 09:10:24,2025-01-22 09:40:44
2025-01-22 09:44:42,03:41,MYU2HPDHUT7605P,Account Management,WDJUM9AV28,47:38,Resolved,2025-01-22 09:48:23,2025-01-22 10:36:01
2025-01-22 10:00:14,08:30,F5JJFUS8Q8T6J47,Technical Support,457067XAP5,59:14,Resolved,2025-01-22 10:08:44,2025-01-22 11:07:58
2025-01-22 10:08:23,04:12,K6MODRUWGKQ4YJE,Billing,N3QX77XZ3T,08:32,Resolved,2025-01-22 10:12:35,2025-01-22 10:21:07
2025-01-22 10:18:44,04:28,323A0SY5STK0EZN,General Inquiry,4WW6XQA6RW,03:29,Resolved,2025-01-22 10:23:12,2025-01-22 10:26:41
2025-01-22 11:21:03,04:19,BSVY0Y60UGKF07E,Billing,20I5VYLR6Z,05:21,Resolved,2025-01-22 11:25:22,2025-01-22 11:30:43
2025-01-22 12:25:10,07:18,93G6D0DO0XBYDI9,Billing,7X144YH978,57:19,Resolved,2025-01-22 12:32:28,2025-01-22 13:29:47
2025-01-22 12:24:17,08:25,KM6CY4IR818ML6M,Technical Support,IXQ62APEP6,01:16,Resolved,2025-01-22 12:32:42,2025-01-22 12:33:58
2025-01-22 12:46:10,06:22,XYOST3YOLK10TKP,Billing,8U07NRPZ6W,16:47,Resolved,2025-01-22 12:52:32,2025-01-22 13:09:19
2025-01-22 13:28:49,00:58,YNSPVZGNIGQLP3G,Billing,D2TZHENPQB,24:27,Resolved,2025-01-22 13:29:47,2025-01-22 13:54:14
2025-01-22 14:40:20,03:56,3V5VCS1NW8QPVFD,Technical Support,80CPEP3UQC,58:56,Resolved,2025-01-22 14:44:16,2025-01-22 15:43:12
2025-01-22 15:43:39,05:30,BGC4MJM4CPL1X6J,Technical Support,A8LBHR4AJZ,36:02,Resolved,2025-01-22 15:49:09,2025-01-22 16:25:11
2025-01-22 15:50:07,07:56,S4KXBXYST4XH719,Technical Support,XOHMTMZEUN,40:38,Resolved,2025-01-22 15:58:03,2025-01-22 16:38:41
2025-01-22 18:10:51,09:47,967NNAW7U1DBAW3,Technical Support,D4AJ1PF4A3,19:47,Resolved,2025-01-22 18:20:38,2025-01-22 18:40:25
2025-01-22 18:23:55,07:54,85BB6SL30TWHG8S,Billing,Y5JKXHF0W0,19:23,Resolved,2025-01-22 18:31:49,2025-01-22 18:51:12
2025-01-22 19:18:33,06:30,XNTSUR5JDONA81D,Billing,7Y6BBSF2ZJ,52:32,Resolved,2025-01-22 19:25:03,2025-01-22 20:17:35
2025-01-22 20:01:41,08:38,9MCGGQ7BBFWXIDH,Billing,2AYZTIKJXT,19:28,Resolved,2025-01-22 20:10:19,2025-01-22 20:29:47
2025-01-22 20:48:25,05:34,PH6GWWJ9Z3EXIDD,Technical Support,ME4CIBW9U7,56:19,Resolved,2025-01-22 20:53:59,2025-01-22 21:50:18
2025-01-22 22:32:08,03:38,VXIXVPLJ6QIQZKZ,Billing,PHRUFX08XU,26:58,Pending,2025-01-22 22:35:46,2025-01-22 23:02:44
2025-01-22 23:15:12,01:29,PFFLJ82LH99YDEK,Technical Support,BPMJS8EW15,20:13,Resolved,2025-01-22 23:16:41,2025-01-22 23:36:54
2025-01-22 23:52:26,01:54,LKPR4ORHDEQT4JM,General Inquiry,7Y6BBSF2ZJ,30:34,Resolved,2025-01-22 23:54:20,2025-01-23 00:24:54
2025-01-23 01:30:18,06:51,5Y0ZP0AG259D0YY,Technical Support,XH7VE1JYPI,01:18,Resolved,2025-01-23 01:37:09,2025-01-23 01:38:27
2025-01-23 01:37:21,04:01,KP11DO327RWE8KF,General Inquiry,44JS0VDTJH,36:55,Resolved,2025-01-23 01:41:22,2025-01-23 02:18:17
2025-01-23 01:39:32,02:34,S8UW3SXUCR0GCK4,Billing,R6JTPQKMLX,53:40,Resolved,2025-01-23 01:42:06,2025-01-23 02:35:46
2025-01-23 03:08:18,08:18,Q4DR6VL0YDOVGKN,General Inquiry,9M3ML175YY,07:46,Resolved,2025-01-23 03:16:36,2025-01-23 03:24:22
2025-01-23 03:21:19,09:28,ORQ0O773HGJ7OHF,Billing,3V48BHVVEW,47:49,Resolved,2025-01-23 03:30:47,2025-01-23 04:18:36
2025-01-23 04:44:00,04:26,BMKZRRKYNUDET71,Billing,1A7LSHX07S,13:13,Resolved,2025-01-23 04:48:26,2025-01-23 05:01:39
2025-01-23 05:03:07,08:18,VKDSCTXFU77U7M5,Billing,HWCQ2TQ0IY,18:18,Resolved,2025-01-23 05:11:25,2025-01-23 05:29:43
2025-01-23 05:10:29,03:07,ENVNVMD9I8WSMTM,Technical Support,FCT1GG1XFB,04:43,Resolved,2025-01-23 05:13:36,2025-01-23 05:18:19
2025-01-23 06:13:18,00:54,UI0PEJZ55H67R3C,Technical Support,12DTJCOZP9,31:54,Pending,2025-01-23 06:14:12,2025-01-23 06:46:06
2025-01-23 06:25:52,04:52,4A0ZHTTCU903QNT,Cancellation,GPP6YGP8D0,05:49,Resolved,2025-01-23 06:30:44,2025-01-23 06:36:33
2025-01-23 07:09:23,00:47,TP3S3K6OE5Z715H,Account Management,OJG75KVJ38,21:07,Escalated,2025-01-23 07:10:10,2025-01-23 07:31:17
2025-01-23 08:21:32,06:55,GMLB4GA3DPBHLAQ,Technical Support,YPK1BT8J0S,16:49,Resolved,2025-01-23 08:28:27,2025-01-23 08:45:16
2025-01-23 08:22:15,06:47,V7J83IWYNEKSDGN,Technical Support,8JCHDLU8MR,50:12,Resolved,2025-01-23 08:29:02,2025-01-23 09:19:14
2025-01-23 08:52:45,01:10,UZDF8OPNOT8EY36,Technical Support,WL0Y0R0O9V,56:59,Resolved,2025-01-23 08:53:55,2025-01-23 09:50:54
2025-01-23 09:16:43,02:19,CK29Q8RCYSS267W,Technical Support,YUAB483264,13:30,Resolved,2025-01-23 09:19:02,2025-01-23 09:32:32
2025-01-23 12:52:10,00:41,O73D20AAHGQG9IH,Technical Support,XE5WIXCMS6,18:37,Resolved,2025-01-23 12:52:51,2025-01-23 13:11:28
2025-01-23 13:07:21,02:37,AV8UJR69FO2IC6B,Technical Support,7ODCGNJIM6,45:24,Resolved,2025-01-23 13:09:58,2025-01-23 13:55:22
2025-01-23 13:30:44,00:31,IGEANBFPY9FL4B7,General Inquiry,4HX3UNW16M,23:26,Resolved,2025-01-23 13:31:15,2025-01-23 13:54:41
2025-01-23 14:19:58,08:07,RXC5IF1SKYZO0ET,Technical Support,0Y1E3L6NGJ,18:22,Resolved,2025-01-23 14:28:05,2025-01-23 14:46:27
2025-01-23 15:39:43,04:19,5W2OMU9K67ECE6P,Technical Support,X6943R0AP1,33:13,Resolved,2025-01-23 15:44:02,2025-01-23 16:17:15
2025-01-23 15:52:27,07:04,3LGA25LCV2OOKU8,Technical Support,G0ATVS9P7F,32:14,Escalated,2025-01-23 15:59:31,2025-01-23 16:31:45
2025-01-23 16:15:23,01:02,Z2T7S3LJPODVD3W,Account Management,SGZUTK9YMS,38:03,Resolved,2025-01-23 16:16:25,2025-01-23 16:54:28
2025-01-23 17:25:10,04:38,22Z748WCASI4ANT,Billing,2H1OZV7RNC,21:04,Resolved,2025-01-23 17:29:48,2025-01-23 17:50:52
2025-01-23 18:14:10,00:55,48M5ELN164SOJ2L,Billing,OCP7VPN3M0,10:50,Resolved,2025-01-23 18:15:05,2025-01-23 18:25:55
2025-01-23 19:26:53,03:37,DKK8HBY796GTC2D,Technical Support,GPP6YGP8D0,10:51,Resolved,2025-01-23 19:30:30,2025-01-23 19:41:21
2025-01-23 20:56:12,07:19,IH68Y251CVW2O7Z,Technical Support,VCEXE0YWOO,52:20,Escalated,2025-01-23 21:03:31,2025-01-23 21:55:51
2025-01-24 00:17:32,01:44,1KQZODRZR9G4VXI,Technical Support,Z5Z0F8NXL7,58:13,Resolved,2025-01-24 00:19:16,2025-01-24 01:17:29
2025-01-24 00:42:08,07:03,LKXU70DWK176DX9,Technical Support,0OWW4LAOB9,42:05,Resolved,2025-01-24 00:49:11,2025-01-24 01:31:16
2025-01-24 01:01:48,09:49,8Q93Y21BKUV5FZ8,Technical Support,FWFIHGPQRA,52:33,Resolved,2025-01-24 01:11:37,2025-01-24 02:04:10
2025-01-24 01:50:56,05:33,DDI0V2XGF3EP2ZD,Technical Support,COSU7XWCCI,23:47,Resolved,2025-01-24 01:56:29,2025-01-24 02:20:16
2025-01-24 02:27:23,01:11,HJMQFTIDL8Q4FL6,Technical Support,WWJ8DQZ4IM,37:26,Resolved,2025-01-24 02:28:34,2025-01-24 03:06:00
2025-01-24 03:16:42,00:15,D39KLVANJWT81HP,Service Outage,V5V4TS8NDE,36:01,Resolved,2025-01-24 03:16:57,2025-01-24 03:52:58
2025-01-24 03:28:40,04:25,WDXXJ4NY8WDUL8A,Technical Support,Z5Z0F8NXL7,38:37,Resolved,2025-01-24 03:33:05,2025-01-24 04:11:42
2025-01-24 03:27:21,09:16,RR6CROIWWWEWPW8,General Inquiry,XEWXNQAQ1M,05:42,Resolved,2025-01-24 03:36:37,2025-01-24 03:42:19
2025-01-24 04:01:07,04:36,Z3JNV7OTSV6SDEF,General Inquiry,MP7H6OVL7T,15:09,Resolved,2025-01-24 04:05:43,2025-01-24 04:20:52
2025-01-24 04:18:58,04:46,4CJYL47B42ZS3KO,Billing,YZ3STW1DAX,59:47,Resolved,2025-01-24 04:23:44,2025-01-24 05:23:31
2025-01-24 05:44:54,01:58,X67OIDMFF45LK2B,Billing,ZUXH88ENJX,51:10,Resolved,2025-01-24 05:46:52,2025-01-24 06:38:02
2025-01-24 07:26:19,05:52,N5YV6KTWCS16YR4,Technical Support,085B1M387E,03:52,Resolved,2025-01-24 07:32:11,2025-01-24 07:36:03
2025-01-24 08:20:01,06:05,3I4KWMBKI3XI9UM,Technical Support,EK8VO248TP,32:54,Pending,2025-01-24 08:26:06,2025-01-24 08:59:00
2025-01-24 08:21:39,09:57,ILXF3UKBSZAWXVY,Account Management,2ALL1VH8LI,12:38,Resolved,2025-01-24 08:31:36,2025-01-24 08:44:14
2025-01-24 10:51:34,09:26,6JMCS5A8OEFGYB9,Account Management,H3AQCCB852,06:51,Resolved,2025-01-24 11:01:00,2025-01-24 11:07:51
2025-01-24 11:41:19,07:27,NFVZATVC8KHLB3T,Billing,CQIEOPYM2X,35:41,Resolved,2025-01-24 11:48:46,2025-01-24 12:24:27
2025-01-24 12:39:56,08:05,HVP5JT19H5IVX5B,Technical Support,XDW8DBKKTA,22:52,Resolved,2025-01-24 12:48:01,2025-01-24 13:10:53
2025-01-24 12:52:40,07:04,28T0IFDJELICJAO,Account Management,0VWM4OS698,24:36,Resolved,2025-01-24 12:59:44,2025-01-24 13:24:20
2025-01-24 13:47:01,02:03,O1RISLI5JS4RFTT,Technical Support,GNRXZWLKN3,12:50,Resolved,2025-01-24 13:49:04,2025-01-24 14:01:54
2025-01-24 13:48:48,01:11,SB81B50DVZ5KMJG,Technical Support,A5YQZAZQVF,46:59,Resolved,2025-01-24 13:49:59,2025-01-24 14:36:58
2025-01-24 14:04:36,01:11,6LVTFK82QP797RG,Technical Support,PJDR4E2INL,58:28,Resolved,2025-01-24 14:05:47,2025-01-24 15:04:15
2025-01-24 15:38:58,09:34,PAGR0QHU9DL5RLL,Technical Support,XDW8DBKKTA,17:13,Resolved,2025-01-24 15:48:32,2025-01-24 16:05:45
2025-01-24 15:54:50,05:13,IQGIC0TQURPMG1R,Technical Support,FWFIHGPQRA,24:27,Resolved,2025-01-24 16:00:03,2025-01-24 16:24:30
2025-01-24 16:02:15,06:51,S25PFK9DLRJKY2Y,Billing,LLH4X2TYCI,16:07,Resolved,2025-01-24 16:09:06,2025-01-24 16:25:13
2025-01-24 16:06:56,05:07,HC7LWXES3192RH4,Technical Support,XNFZ8S7SGX,38:17,Resolved,2025-01-24 16:12:03,2025-01-24 16:50:20
2025-01-24 16:56:02,07:30,O9ER8L2OXBEJDAU,Account Management,5ON31129US,31:24,Resolved,2025-01-24 17:03:32,2025-01-24 17:34:56
2025-01-24 18:20:31,02:51,P8S5VFL02DY32YF,Technical Support,QHQBMUZM7P,38:10,Pending,2025-01-24 18:23:22,2025-01-24 19:01:32
2025-01-24 19:11:33,06:52,Z4OKFB6V0ZS6S43,Technical Support,Y81QMU4K4A,59:50,Resolved,2025-01-24 19:18:25,2025-01-24 20:18:15
2025-01-24 19:12:02,09:22,JVSTKZFVQEM2JVN,Billing,XH7VE1JYPI,01:24,Resolved,2025-01-24 19:21:24,2025-01-24 19:22:48
2025-01-24 20:29:58,02:13,XMEL4GHS1RCLXSB,Account Management,O5B5LQ9GGE,47:22,Resolved,2025-01-24 20:32:11,2025-01-24 21:19:33
2025-01-24 21:26:42,06:11,LDHH3CBPS6GTM6G,Billing,2ALL1VH8LI,41:31,Resolved,2025-01-24 21:32:53,2025-01-24 22:14:24
2025-01-24 21:38:59,05:47,1YT1HT5FVOD190E,Technical Support,HHAMF970JF,49:33,Resolved,2025-01-24 21:44:46,2025-01-24 22:34:19
2025-01-24 23:03:53,04:36,I2BSVX2I6WY2NN9,Technical Support,Y5JKXHF0W0,15:05,Resolved,2025-01-24 23:08:29,2025-01-24 23:23:34
2025-01-25 00:09:53,02:34,36M1RPQP0AU36GE,General Inquiry,ILPNQ5U024,12:39,Resolved,2025-01-25 00:12:27,2025-01-25 00:25:06
2025-01-25 01:51:48,03:10,DS7R7ZL41V0NVCZ,General Inquiry,10JH9ZWS9D,15:32,Resolved,2025-01-25 01:54:58,2025-01-25 02:10:30
2025-01-25 04:35:17,02:02,FZK90BAFXJFLB8A,Technical Support,0OWW4LAOB9,02:51,Resolved,2025-01-25 04:37:19,2025-01-25 04:40:10
2025-01-25 05:30:04,05:56,RY9FJP26CBZDM88,Billing,289K5JYCRI,19:25,Resolved,2025-01-25 05:36:00,2025-01-25 05:55:25
2025-01-25 05:45:11,04:46,APNB62NEGCA8SS2,Technical Support,U6QDU5HHQQ,34:36,Resolved,2025-01-25 05:49:57,2025-01-25 06:24:33
2025-01-25 06:58:15,06:16,4R2E7DWSWT4BT0C,Technical Support,N7UU5OO1DB,13:13,Resolved,2025-01-25 07:04:31,2025-01-25 07:17:44
2025-01-25 07:03:09,07:13,2KQGQXCVAMTSPQD,Technical Support,QMI4KU7HX7,33:11,Resolved,2025-01-25 07:10:22,2025-01-25 07:43:33
2025-01-25 07:07:10,08:43,TICDTM29G3WRGLZ,Technical Support,IVCJMO7R6X,13:32,Resolved,2025-01-25 07:15:53,2025-01-25 07:29:25
2025-01-25 07:26:48,03:27,A0JAMY8BLAAY38U,Technical Support,O1OIM1SEOR,31:00,Resolved,2025-01-25 07:30:15,2025-01-25 08:01:15
2025-01-25 07:31:25,02:46,E5U35DM3IV9SM0A,Technical Support,OCP7VPN3M0,10:25,Resolved,2025-01-25 07:34:11,2025-01-25 07:44:36
2025-01-25 07:53:02,03:07,Q3C8VF3SHY6CWSY,General Inquiry,8U07NRPZ6W,08:41,Resolved,2025-01-25 07:56:09,2025-01-25 08:04:50
2025-01-25 08:55:44,01:59,3RN7HTOCFWR3L5E,Account Management,Y1HYMXI45H,44:57,Escalated,2025-01-25 08:57:43,2025-01-25 09:42:40
2025-01-25 11:00:34,00:28,2LPX541KFIIZM1Z,Technical Support,TVC724P4JN,44:48,Resolved,2025-01-25 11:01:02,2025-01-25 11:45:50
2025-01-25 11:37:54,05:31,1BJMWK740BJU3WH,Technical Support,YZ3STW1DAX,57:49,Resolved,2025-01-25 11:43:25,2025-01-25 12:41:14
2025-01-25 11:57:01,09:24,NEA17UP0OFCCX6N,Technical Support,2ALL1VH8LI,33:35,Pending,2025-01-25 12:06:25,2025-01-25 12:40:00
2025-01-25 12:19:22,05:21,726ESM7AU8FU2GZ,Billing,IEGIKR1KA4,15:59,Resolved,2025-01-25 12:24:43,2025-01-25 12:40:42
2025-01-25 12:59:54,09:05,RDY165GYFC49SLX,Technical Support,XHPLT6KOIS,38:00,Resolved,2025-01-25 13:08:59,2025-01-25 13:46:59
2025-01-25 13:11:52,07:38,LYYMUGE69XHDDNY,Technical Support,Y1HYMXI45H,40:04,Resolved,2025-01-25 13:19:30,2025-01-25 13:59:34
2025-01-25 14:05:54,02:39,JXTNJ0BJ4ZPFBXD,Account Management,A5YQZAZQVF,16:33,Escalated,2025-01-25 14:08:33,2025-01-25 14:25:06
2025-01-25 15:19:56,07:18,4IBMY6VDA4ZPRCY,General Inquiry,PZW9S611IJ,17:19,Resolved,2025-01-25 15:27:14,2025-01-25 15:44:33
2025-01-25 15:42:04,03:21,YXMQ4DBY1BK9CNV,Billing,ZS56A0DGC5,30:25,Resolved,2025-01-25 15:45:25,2025-01-25 16:15:50
2025-01-25 16:25:14,03:07,GP9W5NM6UQKD9L7,Billing,28OUVNJ3FH,45:03,Pending,2025-01-25 16:28:21,2025-01-25 17:13:24
2025-01-25 18:43:38,09:11,KZX6GXZBAPUIASM,Billing,457067XAP5,25:59,Resolved,2025-01-25 18:52:49,2025-01-25 19:18:48
2025-01-25 19:09:16,07:03,SHII3E243X0MZ1H,Billing,6X3YD9OB2R,51:17,Resolved,2025-01-25 19:16:19,2025-01-25 20:07:36
2025-01-25 20:11:29,09:07,MTK4OOCMUKUWLDC,General Inquiry,NNI0IVHS1M,11:01,Resolved,2025-01-25 20:20:36,2025-01-25 20:31:37
2025-01-25 20:45:35,06:02,1FUJLXTYTZQH6FE,Billing,457067XAP5,35:48,Resolved,2025-01-25 20:51:37,2025-01-25 21:27:25
2025-01-25 21:10:28,04:30,APTMCZGR7R70JWE,Account Management,4HX3UNW16M,51:32,Resolved,2025-01-25 21:14:58,2025-01-25 22:06:30
2025-01-25 21:25:09,01:10,8ICALO28HSUY85F,Technical Support,O1OIM1SEOR,20:27,Resolved,2025-01-25 21:26:19,2025-01-25 21:46:46
2025-01-25 21:25:06,06:13,ZHOTYGKFESLMB7B,Technical Support,XE5WIXCMS6,14:14,Pending,2025-01-25 21:31:19,2025-01-25 21:45:33
2025-01-25 22:20:11,02:50,5Q25GB62XFFTK8K,Technical Support,CY235VURQU,07:05,Escalated,2025-01-25 22:23:01,2025-01-25 22:30:06
2025-01-25 22:18:11,07:29,0GWHQ1V3ZQP9ZWQ,General Inquiry,VD1D20T3OW,23:02,Resolved,2025-01-25 22:25:40,2025-01-25 22:48:42
2025-01-25 23:02:47,08:32,7WRQVA213OAO9LO,General Inquiry,33J1JTE15V,58:45,Resolved,2025-01-25 23:11:19,2025-01-26 00:10:04
2025-01-26 00:12:56,04:52,40COK1BHNU0FER8,Billing,SUQQIYD01T,36:16,Resolved,2025-01-26 00:17:48,2025-01-26 00:54:04
2025-01-26 00:18:59,08:18,2WFT8SMLNWOWMVH,Technical Support,TEDTSF5RDM,45:53,Resolved,2025-01-26 00:27:17,2025-01-26 01:13:10
2025-01-26 00:29:19,03:31,MS5V80WO9GQDSX9,Technical Support,WKF6TOLNPJ,32:37,Resolved,2025-01-26 00:32:50,2025-01-26 01:05:27
2025-01-26 00:51:10,00:50,7OPU5RNAC11PCOF,Account Management,IQ5EGW2YXB,14:45,Resolved,2025-01-26 00:52:00,2025-01-26 01:06:45
2025-01-26 01:23:47,01:20,QSUTVVWTKUCZG0G,Technical Support,Y5JKXHF0W0,10:33,Resolved,2025-01-26 01:25:07,2025-01-26 01:35:40
2025-01-26 01:58:16,07:52,LGB2I3I64VMKDIA,Account Management,0KDZ3PE1CP,26:26,Resolved,2025-01-26 02:06:08,2025-01-26 02:32:34
2025-01-26 02:39:36,04:18,U6MB9ZER2Z4G26V,Service Outage,Y3PU7SF7MX,47:32,Resolved,2025-01-26 02:43:54,2025-01-26 03:31:26
2025-01-26 02:39:51,06:15,DXTJTOKDGWATTIN,Technical Support,D0T2KSCXMU,22:00,Resolved,2025-01-26 02:46:06,2025-01-26 03:08:06
2025-01-26 02:49:29,02:31,71K9EF9R6P53DXZ,Account Management,HDCBSCKPWK,26:38,Resolved,2025-01-26 02:52:00,2025-01-26 03:18:38
2025-01-26 02:53:03,05:15,8PSA9BC0D6SQ8FR,Account Management,8U07NRPZ6W,51:17,Pending,2025-01-26 02:58:18,2025-01-26 03:49:35
2025-01-26 03:39:56,01:41,WJF1H628V30UYIT,Billing,V2TPUT8ER8,22:14,Resolved,2025-01-26 03:41:37,2025-01-26 04:03:51
2025-01-26 04:15:05,05:54,N8VQU1K93YUVVCF,Billing,FCT1GG1XFB,54:33,Resolved,2025-01-26 04:20:59,2025-01-26 05:15:32
2025-01-26 04:25:05,07:05,XG0C0XWPI9H5S5P,Billing,JTHTSTBZJK,34:01,Resolved,2025-01-26 04:32:10,2025-01-26 05:06:11
2025-01-26 05:16:44,01:45,DND7OF0WS0C5RNS,Technical Support,8BG1XV1CR5,55:30,Resolved,2025-01-26 05:18:29,2025-01-26 06:13:59
2025-01-26 06:16:29,08:14,BYABUNS9IJMKSA2,General Inquiry,1UKGNEP8Q3,22:42,Resolved,2025-01-26 06:24:43,2025-01-26 06:47:25
2025-01-26 06:39:33,01:30,72KKCWZR986N5NN,Billing,S79YBSAU2M,18:11,Resolved,2025-01-26 06:41:03,2025-01-26 06:59:14
2025-01-26 07:07:15,05:01,TAFE3P2RVM7NNKB,General Inquiry,20I5VYLR6Z,34:33,Resolved,2025-01-26 07:12:16,2025-01-26 07:46:49
2025-01-26 07:36:00,09:54,BHVRNQ36JGR6WAQ,Account Management,2K3P8D3XK4,11:28,Resolved,2025-01-26 07:45:54,2025-01-26 07:57:22
2025-01-26 08:06:38,09:51,M925EF56ERCG5VS,Account Management,31KAB3AA8M,32:23,Resolved,2025-01-26 08:16:29,2025-01-26 08:48:52
2025-01-26 08:40:27,07:52,AK4IPURFBX1Q5YN,Technical Support,1XGII9RM6R,39:09,Resolved,2025-01-26 08:48:19,2025-01-26 09:27:28
2025-01-26 08:48:17,02:42,X5WZJCU53TGKLXQ,Billing,1AL9HOBOYN,04:31,Resolved,2025-01-26 08:50:59,2025-01-26 08:55:30
2025-01-26 09:25:03,09:21,2LNE9HWLDIO8IA9,Technical Support,33J1JTE15V,52:39,Resolved,2025-01-26 09:34:24,2025-01-26 10:27:03
2025-01-26 10:10:39,04:31,AR0DFJ5KWGDBPPF,Billing,G0ATVS9P7F,03:06,Resolved,2025-01-26 10:15:10,2025-01-26 10:18:16
2025-01-26 10:26:28,09:22,2EB5VKUCSYRA4N6,Billing,20I5VYLR6Z,24:48,Resolved,2025-01-26 10:35:50,2025-01-26 11:00:38
2025-01-26 10:35:47,02:16,AVXBSZWRAZA9RTD,Billing,V5V4TS8NDE,16:08,Resolved,2025-01-26 10:38:03,2025-01-26 10:54:11
2025-01-26 10:41:56,09:41,YKIHJ2XN0UFFZ36,Technical Support,9Q68LCMIE2,24:01,Resolved,2025-01-26 10:51:37,2025-01-26 11:15:38
2025-01-26 12:51:53,05:23,RZRWC4ZQOL7PDD3,Billing,X6943R0AP1,21:49,Resolved,2025-01-26 12:57:16,2025-01-26 13:19:05
2025-01-26 13:56:04,05:22,SILBJ05ANPVYISN,Technical Support,3U00VGSYNE,58:31,Resolved,2025-01-26 14:01:26,2025-01-26 14:59:57
2025-01-26 14:06:49,03:37,2NI0U37BILZIFQX,Account Management,PEVGAFDH75,50:21,Resolved,2025-01-26 14:10:26,2025-01-26 15:00:47
2025-01-26 14:42:20,03:46,O8504SAW6JH02ZA,Account Management,S6VZ0HTHQP,51:27,Resolved,2025-01-26 14:46:06,2025-01-26 15:37:33
2025-01-26 16:02:40,07:58,G2SIPJPAWJ126YR,Technical Support,GPP6YGP8D0,27:14,Resolved,2025-01-26 16:10:38,2025-01-26 16:37:52
2025-01-26 16:29:38,06:06,CC0PTR7678QYRHB,Billing,XI049RV3AX,12:22,Pending,2025-01-26 16:35:44,2025-01-26 16:48:06
2025-01-26 16:39:32,02:01,V09Y7HPBS67UYOJ,Billing,Y81QMU4K4A,35:06,Escalated,2025-01-26 16:41:33,2025-01-26 17:16:39
2025-01-26 17:32:59,05:29,AQ3ALOA6J1EAEKC,Account Management,457067XAP5,27:38,Resolved,2025-01-26 17:38:28,2025-01-26 18:06:06
2025-01-26 17:45:35,09:29,0KUQTUMVEPPAHX5,Technical Support,G0ATVS9P7F,25:57,Pending,2025-01-26 17:55:04,2025-01-26 18:21:01
2025-01-26 18:08:03,01:12,9LHKYBQC3FR95AB,General Inquiry,4HX3UNW16M,31:41,Resolved,2025-01-26 18:09:15,2025-01-26 18:40:56
2025-01-26 19:48:03,06:46,IMIXKSG6H00RBR8,Technical Support,S6VZ0HTHQP,47:57,Resolved,2025-01-26 19:54:49,2025-01-26 20:42:46
2025-01-26 21:19:42,00:23,D0B7W366K5LCMUL,Billing,XP8FC5XRN6,10:49,Resolved,2025-01-26 21:20:05,2025-01-26 21:30:54
2025-01-26 22:08:55,09:58,CYMB4DWI979QPRT,Technical Support,QMI4KU7HX7,46:57,Resolved,2025-01-26 22:18:53,2025-01-26 23:05:50
2025-01-26 22:23:59,01:47,MJREPCXXTNRV6LD,Technical Support,9JZJVY4LYR,03:01,Pending,2025-01-26 22:25:46,2025-01-26 22:28:47
2025-01-26 22:34:30,04:19,1NF4PQGCBAI54DG,Billing,0CT6B8KL4F,40:15,Resolved,2025-01-26 22:38:49,2025-01-26 23:19:04
2025-01-26 22:43:11,08:01,4OAXK6Z0RZ0IPXV,Technical Support,Z5Z0F8NXL7,55:33,Resolved,2025-01-26 22:51:12,2025-01-26 23:46:45
2025-01-27 00:00:38,06:27,66IWB57APWSNS9P,General Inquiry,84BIZX56CX,33:40,Resolved,2025-01-27 00:07:05,2025-01-27 00:40:45
2025-01-27 00:24:20,08:15,P6MTRMNVW3P7DPT,Billing,SUQQIYD01T,45:02,Resolved,2025-01-27 00:32:35,2025-01-27 01:17:37
2025-01-27 02:19:56,06:21,3FMXLY48DUV7AIB,Billing,DOWWGH832F,32:24,Resolved,2025-01-27 02:26:17,2025-01-27 02:58:41
2025-01-27 03:45:03,08:42,Y3FX5NTPYP4770L,Technical Support,7X144YH978,19:22,Resolved,2025-01-27 03:53:45,2025-01-27 04:13:07
2025-01-27 04:25:44,08:39,R5J3H3WPSTJ7GEU,Technical Support,SGZUTK9YMS,49:27,Resolved,2025-01-27 04:34:23,2025-01-27 05:23:50
2025-01-27 04:29:25,05:55,R1C8DJEQUZQC9SR,Billing,12DTJCOZP9,46:30,Resolved,2025-01-27 04:35:20,2025-01-27 05:21:50
2025-01-27 05:46:10,04:39,VIYT16VUJDXYYUG,Technical Support,TEDTSF5RDM,19:11,Escalated,2025-01-27 05:50:49,2025-01-27 06:10:00
2025-01-27 05:54:07,05:18,AM4EN6I9MQZH84Q,Technical Support,S6VZ0HTHQP,24:47,Resolved,2025-01-27 05:59:25,2025-01-27 06:24:12
2025-01-27 06:17:48,03:44,EYJA6G11H47D74D,Billing,4HX3UNW16M,34:54,Resolved,2025-01-27 06:21:32,2025-01-27 06:56:26
2025-01-27 07:15:39,03:04,KG5U69KEQM4EVX4,Billing,1L5GLHAFEB,11:54,Resolved,2025-01-27 07:18:43,2025-01-27 07:30:37
2025-01-27 07:41:08,03:59,8TOD0UXGVMEIQNO,Technical Support,6NLIU8K1UE,03:42,Resolved,2025-01-27 07:45:07,2025-01-27 07:48:49
2025-01-27 08:09:45,02:30,H7GR6IPEOSZIB8N,Billing,PJDR4E2INL,48:53,Resolved,2025-01-27 08:12:15,2025-01-27 09:01:08
2025-01-27 08:17:14,04:45,RL989SUFLALXQI1,Service Outage,5VEP98O7UQ,06:29,Resolved,2025-01-27 08:21:59,2025-01-27 08:28:28
2025-01-27 09:14:12,09:46,P0YP5JB7V6Z3BJU,Billing,IXQ62APEP6,46:08,Resolved,2025-01-27 09:23:58,2025-01-27 10:10:06
2025-01-27 09:45:28,04:53,TKL978MCD4FRLCC,Billing,E5O2YP19ZM,45:33,Escalated,2025-01-27 09:50:21,2025-01-27 10:35:54
2025-01-27 10:35:47,07:24,ZMKSJTSJ0KYBP6H,Technical Support,D40MTMDIVI,21:27,Pending,2025-01-27 10:43:11,2025-01-27 11:04:38
2025-01-27 10:49:34,01:09,ZNOM0MOI8JFFLIK,General Inquiry,LA6EDSJ032,04:44,Resolved,2025-01-27 10:50:43,2025-01-27 10:55:27
2025-01-27 11:39:27,05:14,1GE874R69WVORE5,Billing,ZJPTZCGQML,34:24,Escalated,2025-01-27 11:44:41,2025-01-27 12:19:05
2025-01-27 12:06:45,01:50,P7E3UBDBSARIT0G,Billing,PZ03EAIP33,01:51,Resolved,2025-01-27 12:08:35,2025-01-27 12:10:26
2025-01-27 12:35:28,03:43,4G6BBCWDUGE15UB,Technical Support,0F8YFNUIYL,13:20,Resolved,2025-01-27 12:39:11,2025-01-27 12:52:31
2025-01-27 13:01:17,06:50,VQRHGBHO81R9KXN,Technical Support,XNFZ8S7SGX,41:30,Resolved,2025-01-27 13:08:07,2025-01-27 13:49:37
2025-01-27 13:35:47,03:32,4LXDVE2WDXGDMGC,Service Outage,HWCQ2TQ0IY,32:55,Resolved,2025-01-27 13:39:19,2025-01-27 14:12:14
2025-01-27 13:44:44,02:08,CH6DWLLK2GX08VK,Service Outage,BPMJS8EW15,19:15,Resolved,2025-01-27 13:46:52,2025-01-27 14:06:07
2025-01-27 14:00:42,02:15,LVASBBX6PD4T6R5,Technical Support,NWKUZC5IP3,28:09,Resolved,2025-01-27 14:02:57,2025-01-27 14:31:06
2025-01-27 14:27:01,05:07,0EY7EFGJ2VRPMXQ,Technical Support,O5B5LQ9GGE,50:56,Resolved,2025-01-27 14:32:08,2025-01-27 15:23:04
2025-01-27 14:26:06,06:38,ZQ2M498794D7MRF,Billing,10JH9ZWS9D,22:36,Resolved,2025-01-27 14:32:44,2025-01-27 14:55:20
2025-01-27 14:58:28,09:07,QVBI4PWSJLWU085,Technical Support,YEP4P8AQ7E,51:54,Resolved,2025-01-27 15:07:35,2025-01-27 15:59:29
2025-01-27 16:29:26,08:49,VE23W123FZJSIY3,Technical Support,G708AXCHKB,45:04,Resolved,2025-01-27 16:38:15,2025-01-27 17:23:19
2025-01-27 17:04:17,01:05,A41HB641WYYQMPF,Account Management,8883INFQI0,43:50,Resolved,2025-01-27 17:05:22,2025-01-27 17:49:12
2025-01-27 17:37:24,02:54,KRZ86N8I91ZR1NT,Billing,CUTPTYVKGA,37:31,Resolved,2025-01-27 17:40:18,2025-01-27 18:17:49
2025-01-27 17:41:22,00:24,0Z4ML4T5C2VZ12A,Technical Support,ADM4GLNMAU,26:37,Resolved,2025-01-27 17:41:46,2025-01-27 18:08:23
2025-01-27 18:04:56,01:17,EHB8F12G5I5XY0J,General Inquiry,UU8K4SSRXB,42:20,Resolved,2025-01-27 18:06:13,2025-01-27 18:48:33
2025-01-27 19:11:56,00:19,N54CAIV1GC7FOBZ,Account Management,P2VQ1VBCR9,15:59,Resolved,2025-01-27 19:12:15,2025-01-27 19:28:14
2025-01-27 20:17:24,04:55,LMLJF95WW9S65DX,Billing,LLH4X2TYCI,05:53,Resolved,2025-01-27 20:22:19,2025-01-27 20:28:12
2025-01-27 23:01:33,00:36,1SUPLZLPF9U17N3,Technical Support,IEGIKR1KA4,33:20,Resolved,2025-01-27 23:02:09,2025-01-27 23:35:29
2025-01-27 23:34:40,07:49,G4QXXFS5XR3RYUG,Billing,S4XQITBP4P,37:47,Resolved,2025-01-27 23:42:29,2025-01-28 00:20:16
2025-01-28 00:10:45,07:42,3530W5G8B4RHJOK,General Inquiry,1XGII9RM6R,52:52,Resolved,2025-01-28 00:18:27,2025-01-28 01:11:19
2025-01-28 03:26:47,02:42,SP1QWXBTM89DLNS,Technical Support,S6O4QFAVC5,43:15,Escalated,2025-01-28 03:29:29,2025-01-28 04:12:44
2025-01-28 03:57:07,00:23,L0KK7CUV6PXWEO4,General Inquiry,CY235VURQU,43:41,Resolved,2025-01-28 03:57:30,2025-01-28 04:41:11
2025-01-28 04:06:45,04:51,MPQJQHJGCIWZ5BD,Billing,ZUXH88ENJX,50:47,Resolved,2025-01-28 04:11:36,2025-01-28 05:02:23
2025-01-28 05:01:37,05:52,6MD8OY3GTZ1M9XK,Technical Support,HWCQ2TQ0IY,15:44,Escalated,2025-01-28 05:07:29,2025-01-28 05:23:13
2025-01-28 05:33:25,09:38,2EZYILS78OF74JP,Technical Support,6HLV8VQK6Q,20:11,Resolved,2025-01-28 05:43:03,2025-01-28 06:03:14
2025-01-28 05:45:03,01:38,GQIOWA4G4B2Y8NB,Service Outage,YI15YKJ0XL,24:35,Resolved,2025-01-28 05:46:41,2025-01-28 06:11:16
2025-01-28 05:54:29,07:14,7ZB08OHVN5DZL8R,Billing,1AL9HOBOYN,00:00,Resolved,2025-01-28 06:01:43,2025-01-28 07:01:43
2025-01-28 06:45:55,02:51,QG8K7UDABYL5B4O,Technical Support,74UIL5DLP5,12:23,Resolved,2025-01-28 06:48:46,2025-01-28 07:01:09
2025-01-28 07:04:48,08:26,HVWMOAAYS1W1KZY,Billing,33J1JTE15V,55:37,Resolved,2025-01-28 07:13:14,2025-01-28 08:08:51
2025-01-28 07:28:19,06:42,Z2Q19OAHERH0EBM,Technical Support,YPK1BT8J0S,06:19,Pending,2025-01-28 07:35:01,2025-01-28 07:41:20
2025-01-28 07:54:48,07:04,SDGJUUFCMLCDJVI,Account Management,O8C1FO5MR8,19:44,Resolved,2025-01-28 08:01:52,2025-01-28 08:21:36
2025-01-28 08:01:45,03:20,0I57XE52080HE04,Billing,NWKUZC5IP3,41:02,Resolved,2025-01-28 08:05:05,2025-01-28 08:46:07
2025-01-28 10:09:40,07:36,7WZG1GLZV0YT632,Billing,AT7A0210XJ,43:03,Escalated,2025-01-28 10:17:16,2025-01-28 11:00:19
2025-01-28 10:23:24,05:01,DP9AV8AY8GT1DCO,Billing,HOHX6DGGJB,37:56,Resolved,2025-01-28 10:28:25,2025-01-28 11:06:21
2025-01-28 11:32:14,06:31,ZXP3XTZX8ZSKD3U,Billing,Y3PU7SF7MX,11:51,Resolved,2025-01-28 11:38:45,2025-01-28 11:50:36
2025-01-28 11:44:53,09:29,UVPUHPLE6F71P3T,Technical Support,5ZHF59CO65,53:32,Resolved,2025-01-28 11:54:22,2025-01-28 12:47:54
2025-01-28 12:12:51,05:59,ZOKVEGS2GW0VHF5,General Inquiry,DHDIAGAL5D,09:50,Resolved,2025-01-28 12:18:50,2025-01-28 12:28:40
2025-01-28 12:45:42,01:28,QT1IZ0XURP0KAZ2,Technical Support,007NG3XQ3G,20:52,Resolved,2025-01-28 12:47:10,2025-01-28 13:08:02
2025-01-28 14:24:49,07:04,HHALMGJM4QFHXVA,Technical Support,1XGII9RM6R,30:09,Resolved,2025-01-28 14:31:53,2025-01-28 15:02:02
2025-01-28 15:20:20,01:24,862AFWEL6XW1PJA,Technical Support,39FAPH8540,53:19,Resolved,2025-01-28 15:21:44,2025-01-28 16:15:03
2025-01-28 16:37:06,06:36,QF18UG5Y98CRHVT,Technical Support,1L5GLHAFEB,34:11,Resolved,2025-01-28 16:43:42,2025-01-28 17:17:53
2025-01-28 16:46:44,01:36,BSMYY2J0VYWFBHL,Feedback,XH7VE1JYPI,34:57,Resolved,2025-01-28 16:48:20,2025-01-28 17:23:17
2025-01-28 17:10:01,01:04,DJUY4CKX4WXBT01,Billing,N73YDXWYJP,08:00,Resolved,2025-01-28 17:11:05,2025-01-28 17:19:05
2025-01-28 17:46:22,02:14,ZS5E1680MW8BCF6,General Inquiry,ADM4GLNMAU,51:29,Resolved,2025-01-28 17:48:36,2025-01-28 18:40:05
2025-01-28 18:07:59,03:32,HF5ZJPLMDAQA4ZA,Technical Support,7X144YH978,54:51,Resolved,2025-01-28 18:11:31,2025-01-28 19:06:22
2025-01-28 18:19:09,04:03,HL5HOAYIGHUGTND,Billing,S6VZ0HTHQP,20:02,Resolved,2025-01-28 18:23:12,2025-01-28 18:43:14
2025-01-28 19:52:23,06:15,KOCAP1MMLRAUOI4,Technical Support,WDJUM9AV28,50:54,Pending,2025-01-28 19:58:38,2025-01-28 20:49:32
2025-01-28 20:53:06,01:56,NORQHDFIL1QV9R1,General Inquiry,GNRXZWLKN3,03:11,Resolved,2025-01-28 20:55:02,2025-01-28 20:58:13
2025-01-28 20:55:14,04:53,1BHXCEFCN20J4CF,Billing,8883INFQI0,41:52,Resolved,2025-01-28 21:00:07,2025-01-28 21:41:59
2025-01-28 20:55:41,06:45,CMDJWBRBJ9AXGEB,Technical Support,ILPNQ5U024,29:29,Resolved,2025-01-28 21:02:26,2025-01-28 21:31:55
2025-01-28 20:56:44,07:42,XXIOQLUX3HYPOOJ,General Inquiry,0761T5NPZW,11:36,Resolved,2025-01-28 21:04:26,2025-01-28 21:16:02
2025-01-28 21:54:56,04:48,HGD6ELXBAC712OP,Technical Support,D2TZHENPQB,48:29,Resolved,2025-01-28 21:59:44,2025-01-28 22:48:13
2025-01-28 23:05:27,07:07,X3WUHWH6GBQ5FC8,Technical Support,D4AJ1PF4A3,07:53,Resolved,2025-01-28 23:12:34,2025-01-28 23:20:27
2025-01-29 00:32:42,03:24,LR1JG3SPHKB2GQQ,Technical Support,7OCTF99Y2J,02:49,Resolved,2025-01-29 00:36:06,2025-01-29 00:38:55
2025-01-29 01:21:10,06:50,0UCPNEIWHU1OGPL,Technical Support,8JCHDLU8MR,15:26,Escalated,2025-01-29 01:28:00,2025-01-29 01:43:26
2025-01-29 01:22:03,09:46,M5DDCP516T2P9CQ,Account Management,HE1LT4J38Z,30:31,Resolved,2025-01-29 01:31:49,2025-01-29 02:02:20
2025-01-29 01:34:33,09:46,HIRIHB5JDXBP6NF,Technical Support,V20HMRVLGQ,38:44,Escalated,2025-01-29 01:44:19,2025-01-29 02:23:03
2025-01-29 02:51:57,04:11,G3R17OL0Y7ZYHJE,Technical Support,EK00AC446A,36:26,Resolved,2025-01-29 02:56:08,2025-01-29 03:32:34
2025-01-29 04:26:43,07:20,90XJUOMZHQKRN0O,Technical Support,9Q68LCMIE2,56:14,Resolved,2025-01-29 04:34:03,2025-01-29 05:30:17
2025-01-29 05:43:29,08:50,4JJNFBV9GL24QQF,Billing,Z7LLIDN5OS,28:23,Resolved,2025-01-29 05:52:19,2025-01-29 06:20:42
2025-01-29 07:26:17,05:40,85YQID2HUTKHEKK,General Inquiry,R6JTPQKMLX,48:20,Resolved,2025-01-29 07:31:57,2025-01-29 08:20:17
2025-01-29 07:44:10,05:35,6RWW3GPMRWRG785,Feedback,UAD4IIQV37,29:05,Resolved,2025-01-29 07:49:45,2025-01-29 08:18:50
2025-01-29 08:30:48,06:04,TUUDUBE0AMYINB4,Billing,N73YDXWYJP,26:02,Resolved,2025-01-29 08:36:52,2025-01-29 09:02:54
2025-01-29 08:45:30,03:35,2A14NARRO37JOZ2,Billing,D40MTMDIVI,19:55,Pending,2025-01-29 08:49:05,2025-01-29 09:09:00
2025-01-29 10:14:24,00:35,QPU2BG4QU4JFM4U,Technical Support,ADM4GLNMAU,57:10,Resolved,2025-01-29 10:14:59,2025-01-29 11:12:09
2025-01-29 10:19:36,01:24,HQYGYGKRYBZRCPJ,Technical Support,KW1AUC5UYS,19:07,Pending,2025-01-29 10:21:00,2025-01-29 10:40:07
2025-01-29 10:27:19,06:08,T3JDI619B596GMY,Feedback,O8C1FO5MR8,20:11,Resolved,2025-01-29 10:33:27,2025-01-29 10:53:38
2025-01-29 11:29:56,08:21,3A2LPBYY80E9254,Technical Support,F4UJGWI632,20:52,Resolved,2025-01-29 11:38:17,2025-01-29 11:59:09
2025-01-29 11:37:04,07:00,62SVTVF9Q8U0J4I,Account Management,D8OAOCGR0A,36:17,Resolved,2025-01-29 11:44:04,2025-01-29 12:20:21
2025-01-29 13:14:56,03:10,Q2Z27U8WUHILTKW,Billing,1XGII9RM6R,20:45,Escalated,2025-01-29 13:18:06,2025-01-29 13:38:51
2025-01-29 16:30:28,05:38,EFTM4FNHMXB6QA7,Technical Support,YEP4P8AQ7E,59:47,Resolved,2025-01-29 16:36:06,2025-01-29 17:35:53
2025-01-29 16:44:48,08:25,8BA3DVT5J1OVHPB,General Inquiry,9CLZ63AUJO,43:28,Resolved,2025-01-29 16:53:13,2025-01-29 17:36:41
2025-01-29 17:54:03,03:41,JBSK8XI0H3Y1194,Technical Support,Y3QO4LFI83,58:43,Resolved,2025-01-29 17:57:44,2025-01-29 18:56:27
2025-01-29 19:31:04,09:10,DNV40W16LI26C12,Technical Support,9M3ML175YY,14:50,Resolved,2025-01-29 19:40:14,2025-01-29 19:55:04
2025-01-29 19:59:42,07:52,L3CCKR834GT8OY3,Technical Support,YEP4P8AQ7E,45:46,Resolved,2025-01-29 20:07:34,2025-01-29 20:53:20
2025-01-29 21:41:17,03:14,R1J2MTBH9CYEAR1,Billing,5ON31129US,13:45,Pending,2025-01-29 21:44:31,2025-01-29 21:58:16
2025-01-29 22:10:47,07:41,3BNZEXJSZ099MQ5,Technical Support,1XGII9RM6R,29:03,Resolved,2025-01-29 22:18:28,2025-01-29 22:47:31
2025-01-29 23:47:50,00:55,5UKB622O7AGRJOG,Technical Support,ME4CIBW9U7,07:37,Resolved,2025-01-29 23:48:45,2025-01-29 23:56:22
2025-01-30 00:21:36,04:51,1BCV26YSE1AYR16,Technical Support,P0N9BW3KN3,05:55,Resolved,2025-01-30 00:26:27,2025-01-30 00:32:22
2025-01-30 00:58:47,08:52,217HKDRUWGYIP2O,Feedback,S6VZ0HTHQP,17:23,Resolved,2025-01-30 01:07:39,2025-01-30 01:25:02
2025-01-30 01:47:58,06:23,RL19QPWI2EH3CHU,Feedback,12DTJCOZP9,51:25,Resolved,2025-01-30 01:54:21,2025-01-30 02:45:46
2025-01-30 02:12:14,02:22,Y1GVHHJ2FQPSL1Y,General Inquiry,9JZJVY4LYR,55:10,Resolved,2025-01-30 02:14:36,2025-01-30 03:09:46
2025-01-30 03:08:56,01:51,NTA7CE7BLURJP0B,General Inquiry,XM8ZK94HBU,15:33,Resolved,2025-01-30 03:10:47,2025-01-30 03:26:20
2025-01-30 03:27:52,05:46,ZXGMF7QA5IPH8U7,Billing,35X3AAFLCD,32:06,Pending,2025-01-30 03:33:38,2025-01-30 04:05:44
2025-01-30 05:24:04,07:36,R3WHI2DYLW8NII3,Service Outage,4HX3UNW16M,07:41,Resolved,2025-01-30 05:31:40,2025-01-30 05:39:21
2025-01-30 06:29:56,09:30,SVQZUNEDLUWQOLQ,Account Management,V62ER53MJK,20:17,Resolved,2025-01-30 06:39:26,2025-01-30 06:59:43
2025-01-30 06:42:05,02:41,MEDP9T1PO8E0VRD,General Inquiry,28OUVNJ3FH,34:10,Resolved,2025-01-30 06:44:46,2025-01-30 07:18:56
2025-01-30 08:08:55,01:55,7AUQEZULJROEAT5,Technical Support,O5B5LQ9GGE,28:33,Pending,2025-01-30 08:10:50,2025-01-30 08:39:23
2025-01-30 12:05:50,02:08,SRAYAY2GNHXGT1S,Billing,DHDIAGAL5D,33:04,Resolved,2025-01-30 12:07:58,2025-01-30 12:41:02
2025-01-30 12:07:50,00:44,MJPC3YB6CN4KZWU,Technical Support,35X3AAFLCD,52:23,Resolved,2025-01-30 12:08:34,2025-01-30 13:00:57
2025-01-30 12:09:58,02:17,YUTIBAI36OXW489,Technical Support,5VEP98O7UQ,11:58,Resolved,2025-01-30 12:12:15,2025-01-30 12:24:13
2025-01-30 12:54:36,03:43,H4X34GJBAZ6XD58,Technical Support,54X1HVG1MX,25:52,Resolved,2025-01-30 12:58:19,2025-01-30 13:24:11
2025-01-30 13:11:07,02:30,M7KBD1FFLQ0K2ZO,Billing,085B1M387E,09:45,Resolved,2025-01-30 13:13:37,2025-01-30 13:23:22
2025-01-30 13:34:10,02:35,5YYY9PXDNLBD548,General Inquiry,5ZHF59CO65,42:25,Resolved,2025-01-30 13:36:45,2025-01-30 14:19:10
2025-01-30 14:02:30,09:38,TNW5QDFPWDI101P,Technical Support,QXHKZ3QHBP,44:55,Resolved,2025-01-30 14:12:08,2025-01-30 14:57:03
2025-01-30 15:18:14,07:05,231SNYG5WOVVRMZ,Billing,O8C1FO5MR8,03:49,Resolved,2025-01-30 15:25:19,2025-01-30 15:29:08
2025-01-30 15:42:32,06:06,J1ZBI3EM8GUO4WW,Account Management,KW1AUC5UYS,07:43,Resolved,2025-01-30 15:48:38,2025-01-30 15:56:21
2025-01-30 16:12:09,09:38,J6K9XNJVJEQG92A,Technical Support,3V48BHVVEW,55:10,Resolved,2025-01-30 16:21:47,2025-01-30 17:16:57
2025-01-30 16:47:10,03:29,TEI0OD2XLAJ18ZQ,Billing,XYVECABPIJ,44:08,Resolved,2025-01-30 16:50:39,2025-01-30 17:34:47
2025-01-30 17:03:28,06:48,TWC0VVN9Q8XMF5C,General Inquiry,EOKEEITLLV,33:34,Resolved,2025-01-30 17:10:16,2025-01-30 17:43:50
2025-01-30 17:36:34,01:29,PHZYKNHMBMF2V8J,Technical Support,QO059NJJH4,42:14,Resolved,2025-01-30 17:38:03,2025-01-30 18:20:17
2025-01-30 18:24:05,02:07,24S19HT6D1FWFFY,Technical Support,EGGPRLOCG3,33:03,Resolved,2025-01-30 18:26:12,2025-01-30 18:59:15
2025-01-30 19:27:28,03:51,0BM27I3GSOVCL37,Technical Support,5ON31129US,20:48,Resolved,2025-01-30 19:31:19,2025-01-30 19:52:07
2025-01-30 20:46:08,06:26,YFU77IGSZQMQF6T,Account Management,UAD4IIQV37,47:45,Resolved,2025-01-30 20:52:34,2025-01-30 21:40:19
2025-01-30 23:34:19,06:07,VF57VHIBQQS2X44,Cancellation,7Y6BBSF2ZJ,17:14,Resolved,2025-01-30 23:40:26,2025-01-30 23:57:40
2025-01-30 23:51:22,08:10,PVBMNAE5H4YEE8U,Account Management,VCEXE0YWOO,32:26,Resolved,2025-01-30 23:59:32,2025-01-31 00:31:58
2025-01-31 00:04:49,08:43,ZL7RZO0QKHY1VYS,Billing,IEGIKR1KA4,58:10,Resolved,2025-01-31 00:13:32,2025-01-31 01:11:42
2025-01-31 00:09:17,09:31,PDKO4BHD0J9ZSCF,Account Management,X6943R0AP1,45:47,Resolved,2025-01-31 00:18:48,2025-01-31 01:04:35
2025-01-31 00:19:08,09:25,FD4BSL0BS3E5TF7,Technical Support,74UIL5DLP5,14:53,Resolved,2025-01-31 00:28:33,2025-01-31 00:43:26
2025-01-31 00:52:52,04:25,RQGRR5Z6XAF2D0N,Feedback,V20HMRVLGQ,50:08,Resolved,2025-01-31 00:57:17,2025-01-31 01:47:25
2025-01-31 01:47:11,02:10,XW4NSSLDOWYZIKV,Technical Support,XSD3YKA0T1,59:25,Resolved,2025-01-31 01:49:21,2025-01-31 02:48:46
2025-01-31 03:09:15,02:27,BU5K6KQN4I5Y3HE,Technical Support,ADM4GLNMAU,26:10,Resolved,2025-01-31 03:11:42,2025-01-31 03:37:52
2025-01-31 03:28:40,03:19,27M8BSGCOA23CD2,Billing,UKSG9Z7EZP,47:43,Resolved,2025-01-31 03:31:59,2025-01-31 04:19:42
2025-01-31 07:38:49,05:06,9B0CQKGX61OV07B,Billing,ZO0Y9E4YJE,34:25,Resolved,2025-01-31 07:43:55,2025-01-31 08:18:20
2025-01-31 07:40:37,05:47,X5UERC7XYYDDD3X,General Inquiry,1AL9HOBOYN,12:37,Resolved,2025-01-31 07:46:24,2025-01-31 07:59:01
2025-01-31 07:40:54,08:18,1JUSQ4NR46JOI1X,Technical Support,G708AXCHKB,42:01,Resolved,2025-01-31 07:49:12,2025-01-31 08:31:13
2025-01-31 07:51:53,03:44,FFE5HKMKL5AFNIZ,Technical Support,28OUVNJ3FH,03:05,Pending,2025-01-31 07:55:37,2025-01-31 07:58:42
2025-01-31 07:56:49,01:09,FVVVJV5IT1E6E8B,Technical Support,1A7LSHX07S,28:20,Pending,2025-01-31 07:57:58,2025-01-31 08:26:18
2025-01-31 07:59:49,08:19,8LLAYZDN97MUGQG,Technical Support,TVC724P4JN,59:42,Resolved,2025-01-31 08:08:08,2025-01-31 09:07:50
2025-01-31 08:46:19,04:59,3U8GZMHYDQ5W1M6,Technical Support,SUQQIYD01T,15:20,Pending,2025-01-31 08:51:18,2025-01-31 09:06:38
2025-01-31 09:53:37,01:29,S62451IOPNAZK8A,Technical Support,Z7LLIDN5OS,01:45,Pending,2025-01-31 09:55:06,2025-01-31 09:56:51
2025-01-31 10:41:40,09:14,ZZOO3RT58AFL5GP,Account Management,XNFZ8S7SGX,10:31,Resolved,2025-01-31 10:50:54,2025-01-31 11:01:25
2025-01-31 15:03:20,00:45,F6FDVXA7I0ROWIA,Technical Support,RKZOW9FAW4,39:40,Resolved,2025-01-31 15:04:05,2025-01-31 15:43:45
2025-01-31 15:24:15,07:37,P8VLJASQA1JHP9Y,Technical Support,TJDWLI1WIX,25:16,Resolved,2025-01-31 15:31:52,2025-01-31 15:57:08
2025-01-31 15:57:08,03:09,0DDURL6PK6YY24X,Technical Support,CUTPTYVKGA,38:37,Resolved,2025-01-31 16:00:17,2025-01-31 16:38:54
2025-01-31 16:28:07,06:32,5Q4X3STKVTOGITP,Technical Support,B1P6SR1QFX,36:25,Resolved,2025-01-31 16:34:39,2025-01-31 17:11:04
2025-01-31 17:22:25,02:57,LUZE846RBNLMVGT,General Inquiry,7X144YH978,52:16,Pending,2025-01-31 17:25:22,2025-01-31 18:17:38
2025-01-31 17:39:12,09:29,45RLI9GZQHTG21O,Technical Support,X6943R0AP1,29:56,Resolved,2025-01-31 17:48:41,2025-01-31 18:18:37
2025-01-31 19:01:33,08:01,IT0VT0J9U0G8F3E,General Inquiry,HA7ZLGSQ93,55:06,Resolved,2025-01-31 19:09:34,2025-01-31 20:04:40
2025-01-31 20:49:49,03:12,34DSJ2OJO6XMOPL,Technical Support,AT7A0210XJ,41:25,Resolved,2025-01-31 20:53:01,2025-01-31 21:34:26
2025-01-31 22:03:18,08:51,ODGA0ZQSRQIOJSM,General Inquiry,XYVECABPIJ,33:57,Resolved,2025-01-31 22:12:09,2025-01-31 22:46:06
2025-01-31 23:49:34,08:01,0IG2RD0J3IS52GZ,Billing,ILPNQ5U024,06:53,Resolved,2025-01-31 23:57:35,2025-02-01 00:04:28
2025-02-01 02:12:08,09:19,MR6DW7DJ4SSH7PB,Billing,28OUVNJ3FH,32:51,Pending,2025-02-01 02:21:27,2025-02-01 02:54:18
2025-02-01 02:20:22,09:47,AHUEFYFID13QYG0,Technical Support,7X144YH978,15:39,Resolved,2025-02-01 02:30:09,2025-02-01 02:45:48
2025-02-01 02:33:01,06:13,EB3WGQY2ILAQROV,Technical Support,D4AJ1PF4A3,22:18,Escalated,2025-02-01 02:39:14,2025-02-01 03:01:32
2025-02-01 03:24:18,05:02,IZITY9VMZS91USH,Cancellation,GFAPSA0GZ7,47:49,Resolved,2025-02-01 03:29:20,2025-02-01 04:17:09
2025-02-01 03:34:47,08:08,YSYYM13SOABORPF,Billing,XC9RIVKYVO,05:40,Resolved,2025-02-01 03:42:55,2025-02-01 03:48:35
2025-02-01 03:57:56,03:22,6UMA8G7HIO36T5Q,General Inquiry,G0ATVS9P7F,37:09,Resolved,2025-02-01 04:01:18,2025-02-01 04:38:27
2025-02-01 04:38:51,06:21,3WGEOYIDPSEWO16,Technical Support,2H1OZV7RNC,22:10,Resolved,2025-02-01 04:45:12,2025-02-01 05:07:22
2025-02-01 05:14:37,02:47,GJ7U4OJEY11Q65F,Billing,31KAB3AA8M,20:27,Resolved,2025-02-01 05:17:24,2025-02-01 05:37:51
2025-02-01 06:02:10,07:59,H00MEWJTMRN8MG4,Billing,S6O4QFAVC5,11:15,Resolved,2025-02-01 06:10:09,2025-02-01 06:21:24
2025-02-01 06:44:20,03:39,H0EGEPPHNQM4T7Y,Technical Support,COSU7XWCCI,52:46,Resolved,2025-02-01 06:47:59,2025-02-01 07:40:45
2025-02-01 06:50:09,02:06,AGQ9AJ7NMF0AD85,Feedback,PEVGAFDH75,45:01,Resolved,2025-02-01 06:52:15,2025-02-01 07:37:16
2025-02-01 07:00:23,02:19,76Q8WCNQDBK4W8Z,Technical Support,Y3PU7SF7MX,44:42,Resolved,2025-02-01 07:02:42,2025-02-01 07:47:24
2025-02-01 07:37:35,03:41,WZ8S5YL2DPUI566,Billing,SGZUTK9YMS,59:08,Resolved,2025-02-01 07:41:16,2025-02-01 08:40:24
2025-02-01 08:00:39,05:50,NVKV3CD94GLJGRX,Technical Support,42AOT9NYX1,55:18,Resolved,2025-02-01 08:06:29,2025-02-01 09:01:47
2025-02-01 10:04:31,04:42,X20WN1R0T31LKUQ,Technical Support,S6O4QFAVC5,59:20,Resolved,2025-02-01 10:09:13,2025-02-01 11:08:33
2025-02-01 10:07:33,07:02,QK8UBA4L2KL7D3U,Billing,2AYZTIKJXT,48:00,Resolved,2025-02-01 10:14:35,2025-02-01 11:02:35
2025-02-01 10:26:01,05:05,OMM64955CN9Q9JX,Account Management,UAD4IIQV37,30:41,Resolved,2025-02-01 10:31:06,2025-02-01 11:01:47
2025-02-01 11:16:35,05:06,Z0V199937ZQ21V1,Billing,HA7ZLGSQ93,30:22,Resolved,2025-02-01 11:21:41,2025-02-01 11:52:03
2025-02-01 11:19:35,09:37,MB8B8JQX4HBS4ZN,Technical Support,4HX3UNW16M,42:57,Escalated,2025-02-01 11:29:12,2025-02-01 12:12:09
2025-02-01 12:38:12,09:10,JZXY5K49R4GHXT8,Technical Support,PZW9S611IJ,45:04,Resolved,2025-02-01 12:47:22,2025-02-01 13:32:26
2025-02-01 12:47:01,04:37,J0T2IL8Y3WWYOK8,Technical Support,7FVFE6CUFZ,48:52,Pending,2025-02-01 12:51:38,2025-02-01 13:40:30
2025-02-01 13:03:54,01:31,Y4QNKM2DGI5M55T,Technical Support,RKZOW9FAW4,43:59,Resolved,2025-02-01 13:05:25,2025-02-01 13:49:24
2025-02-01 13:56:59,08:48,X54Z2LH32VETLLR,Billing,SMDTYF01A6,21:41,Resolved,2025-02-01 14:05:47,2025-02-01 14:27:28
2025-02-01 14:27:28,03:04,0YE80Z76D1VL7TW,General Inquiry,FWFIHGPQRA,02:43,Resolved,2025-02-01 14:30:32,2025-02-01 14:33:15
2025-02-01 15:34:38,08:11,5XMTYFQF8G71CCF,Billing,ILPNQ5U024,32:00,Resolved,2025-02-01 15:42:49,2025-02-01 16:14:49
2025-02-01 16:19:15,01:38,F1FSAMW23K4CXIZ,Billing,NWKUZC5IP3,44:04,Resolved,2025-02-01 16:20:53,2025-02-01 17:04:57
2025-02-01 16:41:26,03:25,ER5IQA8F6AXTOVC,Technical Support,XYVECABPIJ,02:32,Pending,2025-02-01 16:44:51,2025-02-01 16:47:23
2025-02-01 16:51:49,02:45,IA2DSCM5SV7XDLL,Technical Support,Z7LLIDN5OS,50:54,Pending,2025-02-01 16:54:34,2025-02-01 17:45:28
2025-02-01 18:41:28,01:26,X3N1HCRZYQK24TC,Technical Support,54X1HVG1MX,43:04,Resolved,2025-02-01 18:42:54,2025-02-01 19:25:58
2025-02-01 18:39:58,05:27,ILAAHJ5C304871I,Billing,U6QDU5HHQQ,14:05,Resolved,2025-02-01 18:45:25,2025-02-01 18:59:30
2025-02-01 19:25:51,04:16,81B1CUYN2OYD20N,Billing,VC9M3WX8IU,47:19,Resolved,2025-02-01 19:30:07,2025-02-01 20:17:26
2025-02-01 19:57:37,00:26,IZABCQ2S384I14X,Technical Support,IQ5EGW2YXB,08:53,Resolved,2025-02-01 19:58:03,2025-02-01 20:06:56
2025-02-01 19:57:07,03:16,1X0JKSWW7U6LW8A,Technical Support,5ZHF59CO65,50:08,Resolved,2025-02-01 20:00:23,2025-02-01 20:50:31
2025-02-01 20:17:45,05:53,T8M3SAECJ96OK49,Billing,B1P6SR1QFX,59:34,Resolved,2025-02-01 20:23:38,2025-02-01 21:23:12
2025-02-01 22:06:53,05:06,EMHVUTW5VIHCPN0,Technical Support,D2TZHENPQB,22:39,Resolved,2025-02-01 22:11:59,2025-02-01 22:34:38
2025-02-01 23:08:02,01:40,WXK6MO6EPDYZM6L,Billing,IIIXK34IJ6,15:12,Resolved,2025-02-01 23:09:42,2025-02-01 23:24:54
2025-02-01 23:54:16,01:41,LCX06CZ73SSPN0Z,Billing,609A9M75Q7,33:07,Resolved,2025-02-01 23:55:57,2025-02-02 00:29:04
2025-02-02 00:13:52,00:42,5KGB66G7GAUQ44I,Technical Support,MJL5QJH840,02:19,Escalated,2025-02-02 00:14:34,2025-02-02 00:16:53
2025-02-02 00:15:37,05:19,BQEJU61CT9SZ2BZ,Billing,R8XXYL17EA,48:16,Resolved,2025-02-02 00:20:56,2025-02-02 01:09:12
2025-02-02 00:50:28,09:54,7I08HCKWRPFEYRQ,Technical Support,E5O2YP19ZM,35:47,Resolved,2025-02-02 01:00:22,2025-02-02 01:36:09
2025-02-02 01:29:33,06:38,TL178ODSWI2V9PW,Technical Support,YI15YKJ0XL,30:11,Resolved,2025-02-02 01:36:11,2025-02-02 02:06:22
2025-02-02 01:30:36,05:37,KEUC415PYH790QD,Billing,FWFIHGPQRA,11:42,Resolved,2025-02-02 01:36:13,2025-02-02 01:47:55
2025-02-02 01:44:47,00:49,0QDQIBIM7ICDZYJ,Technical Support,X3A9VTDJEX,46:18,Escalated,2025-02-02 01:45:36,2025-02-02 02:31:54
2025-02-02 01:57:21,03:01,NFYBD2JQFMPH87Z,Technical Support,4TVJ7VC77N,36:04,Resolved,2025-02-02 02:00:22,2025-02-02 02:36:26
2025-02-02 03:03:38,00:17,9SEU3HIA7X91SYY,Technical Support,33J1JTE15V,57:11,Resolved,2025-02-02 03:03:55,2025-02-02 04:01:06
2025-02-02 04:27:43,01:40,IO0JDMM0CZ02LHU,Account Management,ZUXH88ENJX,12:09,Resolved,2025-02-02 04:29:23,2025-02-02 04:41:32
2025-02-02 04:44:00,07:51,9AU7Q1EI2B8GSWA,Technical Support,QHQBMUZM7P,04:53,Resolved,2025-02-02 04:51:51,2025-02-02 04:56:44
2025-02-02 04:48:16,08:13,XUSFYYAX0EJJJ3U,Technical Support,1A4C3UMET3,28:18,Resolved,2025-02-02 04:56:29,2025-02-02 05:24:47
2025-02-02 05:16:50,09:42,Q3VEPXVUX5JIVIJ,Technical Support,33J1JTE15V,49:25,Pending,2025-02-02 05:26:32,2025-02-02 06:15:57
2025-02-02 06:32:43,03:40,JCGB594ZSF4ZJBP,Technical Support,GFAPSA0GZ7,07:37,Resolved,2025-02-02 06:36:23,2025-02-02 06:44:00
2025-02-02 08:25:23,06:27,ZMTJNFZH8TEU5CV,Technical Support,PM9YVO7WKX,49:59,Resolved,2025-02-02 08:31:50,2025-02-02 09:21:49
2025-02-02 08:43:17,09:46,FKZSTG0GQBFZK1M,Technical Support,1UKGNEP8Q3,53:13,Resolved,2025-02-02 08:53:03,2025-02-02 09:46:16
2025-02-02 08:53:44,07:57,ISABA28NAOPMAXW,Feedback,O5B5LQ9GGE,57:34,Resolved,2025-02-02 09:01:41,2025-02-02 09:59:15
2025-02-02 08:58:59,09:03,4HJJQTAKVGEWGJA,Account Management,F33U576PJU,42:00,Pending,2025-02-02 09:08:02,2025-02-02 09:50:02
2025-02-02 09:24:33,04:38,PTYW0JDPG0IL5HK,General Inquiry,AT7A0210XJ,47:00,Resolved,2025-02-02 09:29:11,2025-02-02 10:16:11
2025-02-02 09:57:04,09:00,A65OLDGA9PDPXOJ,Service Outage,UO4AZA5ZTW,16:51,Resolved,2025-02-02 10:06:04,2025-02-02 10:22:55
2025-02-02 10:03:31,06:46,68CBVVAIWEWR9ND,Technical Support,SUQQIYD01T,37:24,Resolved,2025-02-02 10:10:17,2025-02-02 10:47:41
2025-02-02 10:06:46,04:05,BCHQ2W74P93SKQR,Billing,XM8ZK94HBU,33:41,Pending,2025-02-02 10:10:51,2025-02-02 10:44:32
2025-02-02 10:23:24,05:34,5IA9NOS21OU5NVE,Service Outage,QXHKZ3QHBP,58:30,Resolved,2025-02-02 10:28:58,2025-02-02 11:27:28
2025-02-02 10:55:22,09:35,ALYQIY9C10BYN3W,Technical Support,E5O2YP19ZM,16:36,Resolved,2025-02-02 11:04:57,2025-02-02 11:21:33
2025-02-02 11:13:30,04:25,UCLPHL5C8SVZ2Y9,Billing,COSU7XWCCI,31:47,Resolved,2025-02-02 11:17:55,2025-02-02 11:49:42
2025-02-02 11:12:40,08:27,QNFNNLNG18XXZQ2,Technical Support,1L5G1X36NW,04:02,Resolved,2025-02-02 11:21:07,2025-02-02 11:25:09
2025-02-02 11:32:50,03:13,2VL9QN7WJYEH4E4,Technical Support,5VEP98O7UQ,41:03,Resolved,2025-02-02 11:36:03,2025-02-02 12:17:06
2025-02-02 11:40:40,03:17,FEWZK9QR89M2E4E,Account Management,HA7ZLGSQ93,58:53,Resolved,2025-02-02 11:43:57,2025-02-02 12:42:50
2025-02-02 12:01:19,06:26,NS4STQOVJ0VWMO2,Billing,IZKBKAZ8RY,26:27,Resolved,2025-02-02 12:07:45,2025-02-02 12:34:12
2025-02-02 12:12:06,05:07,90PEHQ66PSH5TB2,Billing,0CT6B8KL4F,46:47,Pending,2025-02-02 12:17:13,2025-02-02 13:04:00
2025-02-02 12:28:16,02:40,MFCSLCM13WGB5PD,Billing,74UIL5DLP5,01:18,Pending,2025-02-02 12:30:56,2025-02-02 12:32:14
2025-02-02 12:32:05,02:09,E1WU3GCQZEMWCWZ,General Inquiry,KW1AUC5UYS,47:15,Resolved,2025-02-02 12:34:14,2025-02-02 13:21:29
2025-02-02 13:05:54,02:00,3AQ176M3F8TAWFT,Cancellation,54X1HVG1MX,07:22,Pending,2025-02-02 13:07:54,2025-02-02 13:15:16
2025-02-02 13:19:13,07:33,0V4GMKNVRPMV473,Account Management,HOHX6DGGJB,08:56,Resolved,2025-02-02 13:26:46,2025-02-02 13:35:42
2025-02-02 13:30:03,09:16,T348NT6ACDPNTRO,Billing,37DNZDU8U3,21:08,Resolved,2025-02-02 13:39:19,2025-02-02 14:00:27
2025-02-02 14:27:38,00:27,EAZVMKLRXMX8B32,Technical Support,1MB4ZJGMD3,42:05,Resolved,2025-02-02 14:28:05,2025-02-02 15:10:10
2025-02-02 15:12:26,08:18,MXLGYPZGOUONIGZ,Technical Support,0761T5NPZW,19:38,Resolved,2025-02-02 15:20:44,2025-02-02 15:40:22
2025-02-02 15:21:13,03:32,7Q2F3HT2MLPBHPM,Technical Support,GPP6YGP8D0,23:37,Resolved,2025-02-02 15:24:45,2025-02-02 15:48:22
2025-02-02 16:28:57,03:55,Q40IEGJQX23O80M,Technical Support,D40MTMDIVI,25:04,Resolved,2025-02-02 16:32:52,2025-02-02 16:57:56
2025-02-02 17:08:13,01:57,J5YFI4UCZTWSNZW,Technical Support,5VEP98O7UQ,42:30,Resolved,2025-02-02 17:10:10,2025-02-02 17:52:40
2025-02-02 17:10:14,09:53,EBQ7WA1FQH1ZOU0,Technical Support,MJL5QJH840,47:57,Resolved,2025-02-02 17:20:07,2025-02-02 18:08:04
2025-02-02 19:03:20,03:37,OUOXPB9168GFIY9,Billing,KVJV1E2HB9,46:22,Resolved,2025-02-02 19:06:57,2025-02-02 19:53:19
2025-02-02 19:28:57,03:27,0HJ1729JQTBF0US,Technical Support,1IXDU7LJ7N,18:46,Pending,2025-02-02 19:32:24,2025-02-02 19:51:10
2025-02-02 21:10:41,02:08,RGTNON8S2QQVDA8,Billing,C3IK5WEMJQ,51:23,Resolved,2025-02-02 21:12:49,2025-02-02 22:04:12
2025-02-02 21:22:15,05:53,CKPL1Q0T8XQIBOQ,Technical Support,MP7H6OVL7T,58:16,Resolved,2025-02-02 21:28:08,2025-02-02 22:26:24
2025-02-02 22:35:52,08:15,FO2BSD5LB3O0TFT,Technical Support,1UKGNEP8Q3,53:35,Resolved,2025-02-02 22:44:07,2025-02-02 23:37:42
2025-02-03 00:25:33,00:54,FR500QL4BEOHCJ4,Billing,SUQQIYD01T,34:32,Resolved,2025-02-03 00:26:27,2025-02-03 01:00:59
2025-02-03 01:32:47,09:17,TSR0FTFMAJV6ANY,Technical Support,KVJV1E2HB9,16:15,Resolved,2025-02-03 01:42:04,2025-02-03 01:58:19
2025-02-03 02:37:09,03:50,H8BRM78SQATB5S0,Billing,HCAJOQF4ID,14:20,Resolved,2025-02-03 02:40:59,2025-02-03 02:55:19
2025-02-03 05:01:21,02:04,JBKX0TYDWACBGX4,Technical Support,UKSG9Z7EZP,50:31,Resolved,2025-02-03 05:03:25,2025-02-03 05:53:56
2025-02-03 05:17:46,09:02,AU7EKMVDUMQ7KWP,Feedback,Y3PU7SF7MX,22:11,Resolved,2025-02-03 05:26:48,2025-02-03 05:48:59
2025-02-03 05:30:32,03:48,IPMRQ20U7IJ6JI8,Technical Support,8BG1XV1CR5,20:44,Resolved,2025-02-03 05:34:20,2025-02-03 05:55:04
2025-02-03 06:06:06,00:51,GSR63EJOZGRMAHW,Technical Support,1VG1M0PIBT,50:18,Resolved,2025-02-03 06:06:57,2025-02-03 06:57:15
2025-02-03 07:24:31,01:28,3UKDF7ZENVYGHLI,Technical Support,1VG1M0PIBT,41:28,Pending,2025-02-03 07:25:59,2025-02-03 08:07:27
2025-02-03 07:56:09,01:09,TWHPIUOK97XKLFQ,Billing,2AYZTIKJXT,13:28,Resolved,2025-02-03 07:57:18,2025-02-03 08:10:46
2025-02-03 08:14:55,08:08,38A18SPXOCBD2R8,General Inquiry,YEP4P8AQ7E,38:22,Resolved,2025-02-03 08:23:03,2025-02-03 09:01:25
2025-02-03 08:25:57,05:43,FQGWBOOU8HBMMHB,Technical Support,HCAJOQF4ID,38:46,Resolved,2025-02-03 08:31:40,2025-02-03 09:10:26
2025-02-03 09:57:51,04:01,H5TUO0XVYOGP6TF,Account Management,YI15YKJ0XL,17:26,Escalated,2025-02-03 10:01:52,2025-02-03 10:19:18
2025-02-03 10:09:49,03:44,28XRN10A0MRFQ85,Billing,SUQQIYD01T,25:22,Resolved,2025-02-03 10:13:33,2025-02-03 10:38:55
2025-02-03 11:53:41,02:48,VOS8B5OW4AQ8H0P,Account Management,GVLOFG1PYV,09:59,Resolved,2025-02-03 11:56:29,2025-02-03 12:06:28
2025-02-03 12:39:25,06:10,6YG6BKHXU6RL7SR,Billing,TJDWLI1WIX,45:35,Resolved,2025-02-03 12:45:35,2025-02-03 13:31:10
2025-02-03 13:08:32,07:43,RE3KUHGU9HPEQF8,General Inquiry,ADYOBJZDW6,26:30,Resolved,2025-02-03 13:16:15,2025-02-03 13:42:45
2025-02-03 13:24:01,09:38,CZ14W4RSVA1A4K5,Technical Support,0CT6B8KL4F,36:31,Resolved,2025-02-03 13:33:39,2025-02-03 14:10:10
2025-02-03 14:52:34,00:41,RBCXZTRO6WQCZLT,Technical Support,0R5MVVD23K,23:28,Resolved,2025-02-03 14:53:15,2025-02-03 15:16:43
2025-02-03 14:57:06,06:19,83G0RLOI05VRS63,General Inquiry,1L5GLHAFEB,46:00,Escalated,2025-02-03 15:03:25,2025-02-03 15:49:25
2025-02-03 15:41:29,02:14,ML11W7L58BZMTL1,Billing,9Q68LCMIE2,52:15,Resolved,2025-02-03 15:43:43,2025-02-03 16:35:58
2025-02-03 16:04:57,09:39,M0NS7XUKU2B0P3H,Billing,S6VZ0HTHQP,28:02,Resolved,2025-02-03 16:14:36,2025-02-03 16:42:38
2025-02-03 16:44:14,03:25,IQESFH4EWWRW4YX,Technical Support,7ODCGNJIM6,17:41,Resolved,2025-02-03 16:47:39,2025-02-03 17:05:20
2025-02-03 16:45:37,06:28,ZLP0BC1QUJQW0SD,Account Management,PZ03EAIP33,17:26,Resolved,2025-02-03 16:52:05,2025-02-03 17:09:31
2025-02-03 17:08:06,02:04,08MZ9UHKMSLRZZJ,Billing,GNRXZWLKN3,50:22,Escalated,2025-02-03 17:10:10,2025-02-03 18:00:32
2025-02-03 17:23:25,00:53,V75O414PH2VKE00,Technical Support,PM9YVO7WKX,32:56,Resolved,2025-02-03 17:24:18,2025-02-03 17:57:14
2025-02-03 17:54:44,01:59,CHY3HABFJGUK6BK,Technical Support,QMI4KU7HX7,47:05,Resolved,2025-02-03 17:56:43,2025-02-03 18:43:48
2025-02-03 18:32:33,07:45,92TGU9OK1AU0O3X,Technical Support,ZOO6BBUCOH,59:37,Resolved,2025-02-03 18:40:18,2025-02-03 19:39:55
2025-02-03 19:03:29,08:29,E5AC0GQPZ7N78IN,Account Management,JVYD05RTIS,26:42,Resolved,2025-02-03 19:11:58,2025-02-03 19:38:40
2025-02-03 19:31:16,02:47,BIV5NBN6K26UCZ1,Account Management,YPK1BT8J0S,20:15,Resolved,2025-02-03 19:34:03,2025-02-03 19:54:18
2025-02-03 19:33:27,08:44,BWROUTV9ST44J94,Account Management,0Y1E3L6NGJ,48:45,Resolved,2025-02-03 19:42:11,2025-02-03 20:30:56
2025-02-03 20:20:06,00:55,J43ALRLJEJUVWSM,Billing,35X3AAFLCD,01:47,Resolved,2025-02-03 20:21:01,2025-02-03 20:22:48
2025-02-03 20:19:45,04:01,WLF5JTVQFLCH515,Billing,7X144YH978,21:03,Resolved,2025-02-03 20:23:46,2025-02-03 20:44:49
2025-02-03 20:30:57,09:34,19C0H5RF04QH1G0,General Inquiry,S6O4QFAVC5,57:11,Resolved,2025-02-03 20:40:31,2025-02-03 21:37:42
2025-02-03 20:42:08,08:13,Z9THWPH0X8SKHKZ,Technical Support,NWKUZC5IP3,33:31,Resolved,2025-02-03 20:50:21,2025-02-03 21:23:52
2025-02-03 22:13:46,03:05,2GZFD2MA6O51QC2,Billing,1KPQELPP7X,19:37,Resolved,2025-02-03 22:16:51,2025-02-03 22:36:28
2025-02-03 23:26:27,08:31,SNKLGHFQ3TFHL0V,Billing,QO059NJJH4,02:35,Resolved,2025-02-03 23:34:58,2025-02-03 23:37:33
2025-02-04 00:19:12,03:43,HBHJ4YEJIF8OA93,Technical Support,R8XXYL17EA,58:44,Resolved,2025-02-04 00:22:55,2025-02-04 01:21:39
2025-02-04 00:42:56,01:43,ZRRGGB3U17T62ZN,Billing,5VNLH19TUN,02:58,Resolved,2025-02-04 00:44:39,2025-02-04 00:47:37
2025-02-04 00:42:14,08:07,0JSX32CBDIANBTR,Account Management,QMI4KU7HX7,42:04,Resolved,2025-02-04 00:50:21,2025-02-04 01:32:25
2025-02-04 01:14:15,01:54,T3EPERHOPX3NZU1,Technical Support,VCEXE0YWOO,17:02,Resolved,2025-02-04 01:16:09,2025-02-04 01:33:11
2025-02-04 01:40:41,04:09,F1Z2P7KOW33G1VS,Billing,Q10PNJQJMC,34:31,Resolved,2025-02-04 01:44:50,2025-02-04 02:19:21
2025-02-04 01:51:37,04:37,BJ14AC86TVVP8P6,Billing,CQIEOPYM2X,18:15,Resolved,2025-02-04 01:56:14,2025-02-04 02:14:29
2025-02-04 01:54:05,03:39,66QCXB0TUEEGC47,Technical Support,7FVFE6CUFZ,28:09,Resolved,2025-02-04 01:57:44,2025-02-04 02:25:53
2025-02-04 01:59:00,00:17,J7447R4V8QN84WS,Technical Support,8883INFQI0,21:40,Resolved,2025-02-04 01:59:17,2025-02-04 02:20:57
2025-02-04 02:12:25,00:20,V478I4VY6BJGMOR,Technical Support,MJL5QJH840,54:42,Resolved,2025-02-04 02:12:45,2025-02-04 03:07:27
2025-02-04 02:28:27,03:56,VIBTD9CIBFO8UOW,Technical Support,Z5Z0F8NXL7,06:06,Pending,2025-02-04 02:32:23,2025-02-04 02:38:29
2025-02-04 02:45:54,03:49,DV2SWO16YN6DXD4,Billing,LLH4X2TYCI,44:34,Resolved,2025-02-04 02:49:43,2025-02-04 03:34:17
2025-02-04 02:44:29,07:23,2WLI3V76E87PGDA,Technical Support,YPK1BT8J0S,21:13,Escalated,2025-02-04 02:51:52,2025-02-04 03:13:05
2025-02-04 03:47:12,04:55,2FSTS9ERRHTE4NB,Account Management,XOHMTMZEUN,23:15,Resolved,2025-02-04 03:52:07,2025-02-04 04:15:22
2025-02-04 04:23:38,05:45,QQBJIU6J2XYBXWR,Technical Support,VD1D20T3OW,53:37,Resolved,2025-02-04 04:29:23,2025-02-04 05:23:00
2025-02-04 06:13:04,04:40,OZNSUEFL8D5OZPX,Technical Support,8U07NRPZ6W,13:10,Pending,2025-02-04 06:17:44,2025-02-04 06:30:54
2025-02-04 06:21:29,02:33,VWM9LYVE4BT735X,Account Management,LLH4X2TYCI,31:08,Resolved,2025-02-04 06:24:02,2025-02-04 06:55:10
2025-02-04 06:26:08,03:13,Q14I5Y2XH44KJAY,Technical Support,V20HMRVLGQ,50:21,Resolved,2025-02-04 06:29:21,2025-02-04 07:19:42
2025-02-04 06:49:12,09:48,S7WY2CNRVAL5D6P,Service Outage,MJL5QJH840,26:37,Resolved,2025-02-04 06:59:00,2025-02-04 07:25:37
2025-02-04 08:23:41,08:17,PAG6ZVDYK835AY1,Technical Support,VD1D20T3OW,49:30,Resolved,2025-02-04 08:31:58,2025-02-04 09:21:28
2025-02-04 08:58:24,08:07,PYS40KVX5OJFVNX,Technical Support,IXQ62APEP6,09:41,Resolved,2025-02-04 09:06:31,2025-02-04 09:16:12
2025-02-04 09:04:34,05:07,8ZPS2B5LAPVXZTG,Technical Support,F33U576PJU,08:19,Pending,2025-02-04 09:09:41,2025-02-04 09:18:00
2025-02-04 10:35:58,09:06,HUZS22YN226Y1AR,Technical Support,609A9M75Q7,17:59,Resolved,2025-02-04 10:45:04,2025-02-04 11:03:03
2025-02-04 11:17:32,02:37,CY0RRIRPRYN2LRH,Billing,FCT1GG1XFB,06:23,Resolved,2025-02-04 11:20:09,2025-02-04 11:26:32
2025-02-04 11:12:38,08:49,9PDD06UJBYYJ624,Account Management,YPK1BT8J0S,39:05,Resolved,2025-02-04 11:21:27,2025-02-04 12:00:32
2025-02-04 11:19:58,01:33,7GKLWNJ90JK8L21,Account Management,0OWW4LAOB9,41:53,Resolved,2025-02-04 11:21:31,2025-02-04 12:03:24
2025-02-04 12:37:19,02:17,529YJG676XP4PGS,General Inquiry,GVLOFG1PYV,45:28,Resolved,2025-02-04 12:39:36,2025-02-04 13:25:04
2025-02-04 13:00:49,04:40,2INL15MTZQAMBK1,Technical Support,PHRUFX08XU,43:39,Resolved,2025-02-04 13:05:29,2025-02-04 13:49:08
2025-02-04 13:10:15,00:30,V7B9569B91X48SP,Service Outage,7MBSDGR63V,19:37,Resolved,2025-02-04 13:10:45,2025-02-04 13:30:22
2025-02-04 13:19:09,08:39,YRKE8GEM3OZPQZR,General Inquiry,YPK1BT8J0S,48:30,Pending,2025-02-04 13:27:48,2025-02-04 14:16:18
2025-02-04 13:29:34,03:08,81QGTSUBZSYNNQM,Technical Support,SMDTYF01A6,26:22,Resolved,2025-02-04 13:32:42,2025-02-04 13:59:04
2025-02-04 14:53:40,06:40,0C2HIGCVGGR3PGW,Technical Support,G0ATVS9P7F,50:01,Resolved,2025-02-04 15:00:20,2025-02-04 15:50:21
2025-02-04 16:02:35,06:17,OVSRCQHA0VN024G,Billing,O1OIM1SEOR,13:35,Resolved,2025-02-04 16:08:52,2025-02-04 16:22:27
2025-02-04 17:39:43,07:59,BASLG65RUGTXCYW,Billing,V2TPUT8ER8,24:28,Resolved,2025-02-04 17:47:42,2025-02-04 18:12:10
2025-02-04 17:51:51,01:15,9A40W5PNWT7VOW2,Technical Support,MJL5QJH840,29:57,Resolved,2025-02-04 17:53:06,2025-02-04 18:23:03
2025-02-04 19:30:55,07:34,5BBSZ5IT31934YZ,Billing,FCT1GG1XFB,03:20,Resolved,2025-02-04 19:38:29,2025-02-04 19:41:49
2025-02-04 19:36:48,02:26,O0AUAIZCL52IHH0,Billing,COSU7XWCCI,57:39,Resolved,2025-02-04 19:39:14,2025-02-04 20:36:53
2025-02-04 20:02:55,08:58,X4BNMS04RDOXN22,Technical Support,SMDTYF01A6,53:18,Resolved,2025-02-04 20:11:53,2025-02-04 21:05:11
2025-02-04 20:55:07,09:31,IJ8PCGGVOKJVRKG,General Inquiry,28OUVNJ3FH,35:11,Resolved,2025-02-04 21:04:38,2025-02-04 21:39:49
2025-02-04 22:25:33,04:25,Y27AZXTH8IMEYKD,Billing,IZKBKAZ8RY,21:30,Resolved,2025-02-04 22:29:58,2025-02-04 22:51:28
2025-02-04 23:29:20,02:10,8MN8W4DEJWN4Q8I,Billing,V5V4TS8NDE,26:40,Resolved,2025-02-04 23:31:30,2025-02-04 23:58:10
2025-02-05 01:12:17,01:30,2EWSKJS4RN0JGCG,General Inquiry,GPP6YGP8D0,45:35,Resolved,2025-02-05 01:13:47,2025-02-05 01:59:22
2025-02-05 02:59:44,00:17,KEVUGTW0G4STW3N,Technical Support,D40MTMDIVI,19:22,Resolved,2025-02-05 03:00:01,2025-02-05 03:19:23
2025-02-05 02:54:11,06:05,TUY8Z708DYUOXF0,General Inquiry,GVLOFG1PYV,20:32,Resolved,2025-02-05 03:00:16,2025-02-05 03:20:48
2025-02-05 03:42:49,00:26,4XEKG8OOL3LZ7F5,Technical Support,1MB4ZJGMD3,18:40,Resolved,2025-02-05 03:43:15,2025-02-05 04:01:55
2025-02-05 03:54:08,08:55,RLGB7KSXHJA1ODW,Technical Support,HE1LT4J38Z,31:13,Resolved,2025-02-05 04:03:03,2025-02-05 04:34:16
2025-02-05 04:15:50,02:35,F1GYNA14E2PESXC,Technical Support,OJG75KVJ38,32:46,Resolved,2025-02-05 04:18:25,2025-02-05 04:51:11
2025-02-05 05:02:14,07:01,166R6N76IKFET5W,Billing,QKJW9MJ1FN,27:02,Resolved,2025-02-05 05:09:15,2025-02-05 05:36:17
2025-02-05 06:13:21,00:40,POC74VTUW482TA0,General Inquiry,QO059NJJH4,54:55,Resolved,2025-02-05 06:14:01,2025-02-05 07:08:56
2025-02-05 06:18:34,02:30,5O3AY45S2QCUIEA,Billing,ZJPTZCGQML,44:02,Resolved,2025-02-05 06:21:04,2025-02-05 07:05:06
2025-02-05 09:06:00,08:26,ACFAMIT8A5YPD3Z,Billing,HCAJOQF4ID,32:36,Escalated,2025-02-05 09:14:26,2025-02-05 09:47:02
2025-02-05 09:25:33,04:03,BV5CMU07W0NUGJF,Technical Support,XH7VE1JYPI,56:43,Resolved,2025-02-05 09:29:36,2025-02-05 10:26:19
2025-02-05 10:09:45,05:41,JVX3WRZ5Z0E7E9X,Technical Support,GFAPSA0GZ7,11:48,Pending,2025-02-05 10:15:26,2025-02-05 10:27:14
2025-02-05 10:37:29,07:52,SASQ3P0HXF8A0JL,Technical Support,10JH9ZWS9D,52:56,Pending,2025-02-05 10:45:21,2025-02-05 11:38:17
2025-02-05 11:02:33,09:23,E5QB4GG80BISHAO,Technical Support,1XGII9RM6R,56:41,Resolved,2025-02-05 11:11:56,2025-02-05 12:08:37
2025-02-05 11:20:49,09:20,TEXTGHT67DJQ4IJ,Technical Support,0F8YFNUIYL,22:15,Resolved,2025-02-05 11:30:09,2025-02-05 11:52:24
2025-02-05 12:00:05,05:48,6BMKMVYF3IBJUHU,Technical Support,5VNLH19TUN,29:52,Resolved,2025-02-05 12:05:53,2025-02-05 12:35:45
2025-02-05 12:19:40,02:39,SVE3YS7DKOWNO1Q,Technical Support,P2VQ1VBCR9,12:21,Resolved,2025-02-05 12:22:19,2025-02-05 12:34:40
2025-02-05 12:49:41,05:22,5MMW06J86B7VY31,Billing,OCP7VPN3M0,59:43,Resolved,2025-02-05 12:55:03,2025-02-05 13:54:46
2025-02-05 14:24:40,00:51,199WWCB6GKT442I,General Inquiry,1XGII9RM6R,27:56,Resolved,2025-02-05 14:25:31,2025-02-05 14:53:27
2025-02-05 14:58:59,02:54,J2FH19D5ZNBZ5BX,Account Management,0OWW4LAOB9,21:49,Resolved,2025-02-05 15:01:53,2025-02-05 15:23:42
2025-02-05 15:18:36,09:35,Y35J8AWF052ROGJ,Billing,609A9M75Q7,15:14,Resolved,2025-02-05 15:28:11,2025-02-05 15:43:25
2025-02-05 15:30:45,06:40,3EN0XA1NF91T2ZB,General Inquiry,407MBTYMFR,34:46,Pending,2025-02-05 15:37:25,2025-02-05 16:12:11
2025-02-05 15:49:30,09:43,EOL4I1YXJ3RDX2O,Account Management,0761T5NPZW,16:49,Resolved,2025-02-05 15:59:13,2025-02-05 16:16:02
2025-02-05 17:10:50,04:33,T0IQ4YC498FP096,Technical Support,1MB4ZJGMD3,58:18,Resolved,2025-02-05 17:15:23,2025-02-05 18:13:41
2025-02-05 17:21:12,02:17,X2ZUZRB5GPXP035,Billing,TJDWLI1WIX,55:02,Resolved,2025-02-05 17:23:29,2025-02-05 18:18:31
2025-02-05 19:54:36,09:13,VRP4N0V4L836FH3,Billing,V20HMRVLGQ,46:23,Resolved,2025-02-05 20:03:49,2025-02-05 20:50:12
2025-02-05 20:10:01,06:46,A089U31FG56YI3M,Technical Support,H3AQCCB852,56:22,Resolved,2025-02-05 20:16:47,2025-02-05 21:13:09
2025-02-05 21:30:31,09:01,UXNI6UVQESNOOO0,Billing,Y81QMU4K4A,04:43,Resolved,2025-02-05 21:39:32,2025-02-05 21:44:15
2025-02-05 22:08:18,06:13,E73Q46KUNIMN600,Billing,D8OAOCGR0A,57:50,Resolved,2025-02-05 22:14:31,2025-02-05 23:12:21
2025-02-05 22:40:01,08:02,PRAVFUKQOSFBZE5,Technical Support,COSU7XWCCI,09:01,Pending,2025-02-05 22:48:03,2025-02-05 22:57:04
2025-02-05 22:45:49,07:34,Q6AYBFLST7MCH9L,Technical Support,RNM7SLMP7W,26:05,Resolved,2025-02-05 22:53:23,2025-02-05 23:19:28
2025-02-05 22:50:29,07:46,4CLX5RRVYFP07CA,Technical Support,R8XXYL17EA,09:05,Resolved,2025-02-05 22:58:15,2025-02-05 23:07:20
2025-02-06 00:13:30,02:52,XG6NJEPVWCUIFLG,Billing,WKF6TOLNPJ,23:12,Pending,2025-02-06 00:16:22,2025-02-06 00:39:34
2025-02-06 00:47:28,06:55,7M6UF75UKORW59D,Billing,WL0Y0R0O9V,32:12,Resolved,2025-02-06 00:54:23,2025-02-06 01:26:35
2025-02-06 02:23:39,06:53,Z7BSS8R1ZFSYDGK,General Inquiry,457067XAP5,17:41,Resolved,2025-02-06 02:30:32,2025-02-06 02:48:13
2025-02-06 02:32:15,07:53,3PIF7D0Q30I2O1E,Technical Support,7Y6BBSF2ZJ,44:56,Resolved,2025-02-06 02:40:08,2025-02-06 03:25:04
2025-02-06 02:45:45,02:46,WOHFJ3ZP9VALDJT,General Inquiry,6X3YD9OB2R,29:00,Resolved,2025-02-06 02:48:31,2025-02-06 03:17:31
2025-02-06 03:52:00,08:15,6ZY8NBVRDSWR1I8,Technical Support,ZJPTZCGQML,16:19,Resolved,2025-02-06 04:00:15,2025-02-06 04:16:34
2025-02-06 04:58:09,06:42,513Y2VG3GQSO9O2,Technical Support,YUAB483264,35:42,Pending,2025-02-06 05:04:51,2025-02-06 05:40:33
2025-02-06 05:18:39,03:04,Q9P908ZQZ67MOR1,Billing,1UKGNEP8Q3,24:56,Resolved,2025-02-06 05:21:43,2025-02-06 05:46:39
2025-02-06 06:16:41,07:49,IPL9XT59IE4GTC2,Technical Support,4TVJ7VC77N,06:43,Resolved,2025-02-06 06:24:30,2025-02-06 06:31:13
2025-02-06 06:38:38,00:54,BCFPA4ETB1DPBTH,Billing,QZHW5WV8YV,03:09,Resolved,2025-02-06 06:39:32,2025-02-06 06:42:41
2025-02-06 06:53:47,04:54,CS1POG4HJ9NOVL3,Billing,80CPEP3UQC,41:03,Pending,2025-02-06 06:58:41,2025-02-06 07:39:44
2025-02-06 07:37:10,01:18,62FVN8W6CX9EGYS,Technical Support,007NG3XQ3G,48:15,Resolved,2025-02-06 07:38:28,2025-02-06 08:26:43
2025-02-06 07:35:11,08:11,2YO9OUDCGSLX370,General Inquiry,6HLV8VQK6Q,47:52,Resolved,2025-02-06 07:43:22,2025-02-06 08:31:14
2025-02-06 10:35:17,09:09,W7HDAHLFZLUFJDI,Cancellation,Z5Z0F8NXL7,30:22,Resolved,2025-02-06 10:44:26,2025-02-06 11:14:48
2025-02-06 10:47:51,05:15,QZ0TQJWRGTH8Y6O,Billing,G0ATVS9P7F,21:20,Resolved,2025-02-06 10:53:06,2025-02-06 11:14:26
2025-02-06 11:02:52,09:07,PKIJM45QX7JMA5F,Technical Support,CY235VURQU,29:04,Resolved,2025-02-06 11:11:59,2025-02-06 11:41:03
2025-02-06 12:36:17,04:04,V8YKU4SL7JYJGYF,Technical Support,7Y6BBSF2ZJ,10:14,Resolved,2025-02-06 12:40:21,2025-02-06 12:50:35
2025-02-06 13:24:02,07:59,G4I917M7Q9LLWCP,Billing,XSD3YKA0T1,28:22,Resolved,2025-02-06 13:32:01,2025-02-06 14:00:23
2025-02-06 14:21:57,02:51,OE94M6VNJKYMJTB,Technical Support,1L5G1X36NW,41:11,Resolved,2025-02-06 14:24:48,2025-02-06 15:05:59
2025-02-06 14:34:25,06:03,DCVPCO3GYTK9Q23,Technical Support,LA6EDSJ032,13:36,Resolved,2025-02-06 14:40:28,2025-02-06 14:54:04
2025-02-06 15:15:09,01:18,7GW3OP5EW3AYRA6,Billing,KW1AUC5UYS,09:38,Resolved,2025-02-06 15:16:27,2025-02-06 15:26:05
2025-02-06 15:47:49,01:57,QOTH4W4WH9ZNZVC,Billing,3V48BHVVEW,03:14,Resolved,2025-02-06 15:49:46,2025-02-06 15:53:00
2025-02-06 18:06:59,08:36,62XVP5JMGFBPR3L,Technical Support,R8XXYL17EA,14:20,Resolved,2025-02-06 18:15:35,2025-02-06 18:29:55
2025-02-06 19:09:53,06:46,4IGLUUSTNI974VQ,General Inquiry,XHPLT6KOIS,44:19,Resolved,2025-02-06 19:16:39,2025-02-06 20:00:58
2025-02-06 20:16:48,07:03,V9UBALS3I4J7YPD,General Inquiry,3ZYBQMTA2D,39:49,Resolved,2025-02-06 20:23:51,2025-02-06 21:03:40
2025-02-06 21:15:11,01:08,CGNP3YID0NIOJK1,Technical Support,HM6AWFF2KK,28:40,Resolved,2025-02-06 21:16:19,2025-02-06 21:44:59
2025-02-06 21:27:04,05:29,QC9R1CYAA3J168T,Billing,NWKUZC5IP3,27:50,Resolved,2025-02-06 21:32:33,2025-02-06 22:00:23
2025-02-06 21:41:08,03:57,2OOBGHBRN1UXSU2,General Inquiry,1VG1M0PIBT,59:21,Resolved,2025-02-06 21:45:05,2025-02-06 22:44:26
2025-02-06 23:18:23,06:32,V76PBBVY9V0OY10,Technical Support,P0N9BW3KN3,43:26,Resolved,2025-02-06 23:24:55,2025-02-07 00:08:21
2025-02-06 23:55:05,08:18,8EI4WYTY1P5J44G,Technical Support,JTHTSTBZJK,04:13,Resolved,2025-02-07 00:03:23,2025-02-07 00:07:36
2025-02-07 00:47:50,06:01,Y1IWHHYHI2HFL17,Billing,ILPNQ5U024,28:56,Pending,2025-02-07 00:53:51,2025-02-07 01:22:47
2025-02-07 00:53:15,09:56,V0RUALS95YGOJGY,Billing,59JLNXQF04,26:05,Resolved,2025-02-07 01:03:11,2025-02-07 01:29:16
2025-02-07 01:02:02,02:28,AGLT1W2H7X2X2PR,Billing,39FAPH8540,01:11,Resolved,2025-02-07 01:04:30,2025-02-07 01:05:41
2025-02-07 03:20:01,00:20,TRGMXQFGDQPPEZA,Technical Support,PHRUFX08XU,10:17,Pending,2025-02-07 03:20:21,2025-02-07 03:30:38
2025-02-07 04:11:32,02:16,LCHULQ02XZWP783,Billing,TMPPSC4TH2,06:17,Resolved,2025-02-07 04:13:48,2025-02-07 04:20:05
2025-02-07 04:16:22,03:38,DNLEZM9UI7TEJLF,Account Management,YPYPG0LW78,38:03,Pending,2025-02-07 04:20:00,2025-02-07 04:58:03
2025-02-07 04:58:31,08:16,HWUB5IA6U69ELZM,Technical Support,ADM4GLNMAU,33:10,Resolved,2025-02-07 05:06:47,2025-02-07 05:39:57
2025-02-07 05:11:17,08:38,R7CKPD76XPQJ9MM,Technical Support,XEWXNQAQ1M,51:38,Resolved,2025-02-07 05:19:55,2025-02-07 06:11:33
2025-02-07 06:11:35,06:55,S3F6TKRZGVJRXX3,Billing,Y81QMU4K4A,01:19,Pending,2025-02-07 06:18:30,2025-02-07 06:19:49
2025-02-07 06:12:09,06:53,ZTY22AHFXHRWHTV,Billing,UU8K4SSRXB,34:31,Resolved,2025-02-07 06:19:02,2025-02-07 06:53:33
2025-02-07 06:37:40,02:05,4E2RGPWQMAI86UJ,Technical Support,QO059NJJH4,22:28,Resolved,2025-02-07 06:39:45,2025-02-07 07:02:13
2025-02-07 06:40:06,06:46,1Y1KG6ETD70VAZR,Feedback,PZW9S611IJ,01:21,Resolved,2025-02-07 06:46:52,2025-02-07 06:48:13
2025-02-07 08:14:12,04:04,5NG0O51A5ABYSRA,Billing,N7UU5OO1DB,15:29,Resolved,2025-02-07 08:18:16,2025-02-07 08:33:45
2025-02-07 08:45:23,05:02,XY3PR80XPD60VPV,Billing,LA6EDSJ032,07:20,Resolved,2025-02-07 08:50:25,2025-02-07 08:57:45
2025-02-07 10:11:49,06:06,CCIB5J88LG973SC,Technical Support,IVCJMO7R6X,42:11,Resolved,2025-02-07 10:17:55,2025-02-07 11:00:06
2025-02-07 11:18:58,06:12,0CH3O2CH5KLOCFB,Technical Support,0KDZ3PE1CP,50:36,Resolved,2025-02-07 11:25:10,2025-02-07 12:15:46
2025-02-07 11:25:18,05:59,9E7UI8RO459G4FW,Technical Support,CY235VURQU,47:15,Resolved,2025-02-07 11:31:17,2025-02-07 12:18:32
2025-02-07 12:14:01,01:29,EQDO4B1LTDG1F5U,Service Outage,39FAPH8540,08:50,Resolved,2025-02-07 12:15:30,2025-02-07 12:24:20
2025-02-07 12:48:57,05:21,YM8OKIK3NGVC75J,Account Management,BFH41C2K1L,57:47,Resolved,2025-02-07 12:54:18,2025-02-07 13:52:05
2025-02-07 13:09:01,02:55,5IP3I54NOY8AICK,Billing,Z7LLIDN5OS,43:01,Resolved,2025-02-07 13:11:56,2025-02-07 13:54:57
2025-02-07 13:35:36,09:05,C0SG14G9JED6FK2,Technical Support,VC9M3WX8IU,14:35,Resolved,2025-02-07 13:44:41,2025-02-07 13:59:16
2025-02-07 14:03:26,04:58,4Y0EVN5B12ET4RG,Technical Support,007NG3XQ3G,15:44,Pending,2025-02-07 14:08:24,2025-02-07 14:24:08
2025-02-07 16:19:44,04:09,ZY8MI5FPX54ABDX,Billing,G708AXCHKB,42:14,Resolved,2025-02-07 16:23:53,2025-02-07 17:06:07
2025-02-07 17:31:15,02:27,BG778X8TZLHQUUG,Technical Support,X3A9VTDJEX,42:02,Pending,2025-02-07 17:33:42,2025-02-07 18:15:44
2025-02-07 17:52:04,01:42,EBJYXABWMH5I6XB,General Inquiry,R6JTPQKMLX,59:03,Resolved,2025-02-07 17:53:46,2025-02-07 18:52:49
2025-02-07 18:27:43,06:03,XUJRP1S59L6LMF4,General Inquiry,457067XAP5,04:17,Resolved,2025-02-07 18:33:46,2025-02-07 18:38:03
2025-02-07 19:14:05,00:32,RJ6V8QHOT71LTCY,Billing,IVCJMO7R6X,47:54,Resolved,2025-02-07 19:14:37,2025-02-07 20:02:31
2025-02-07 19:20:54,03:09,6H10RUL7ZL78HU9,Technical Support,V2TPUT8ER8,11:39,Resolved,2025-02-07 19:24:03,2025-02-07 19:35:42
2025-02-07 20:11:03,06:00,K60IEO0GXXILC17,Billing,5VNLH19TUN,54:59,Resolved,2025-02-07 20:17:03,2025-02-07 21:12:02
2025-02-07 20:28:02,02:47,UADR1IF3K68EC8I,Technical Support,IVCJMO7R6X,24:31,Resolved,2025-02-07 20:30:49,2025-02-07 20:55:20
2025-02-07 20:26:57,07:22,X41D2ZWEVF9PR1K,Account Management,HA7ZLGSQ93,04:34,Resolved,2025-02-07 20:34:19,2025-02-07 20:38:53
2025-02-07 21:17:49,01:58,H75IGAC53F73U6R,Technical Support,JVYD05RTIS,19:08,Resolved,2025-02-07 21:19:47,2025-02-07 21:38:55
2025-02-07 21:21:08,03:09,65F6VDWLKZ8AH2H,Billing,4T5D6A26PA,23:29,Pending,2025-02-07 21:24:17,2025-02-07 21:47:46
2025-02-07 22:38:12,00:48,05FCCV5OEP4MB0K,Technical Support,CQIEOPYM2X,59:47,Resolved,2025-02-07 22:39:00,2025-02-07 23:38:47
2025-02-07 23:09:26,04:15,72KY4NH6Q3GLVXF,Billing,N73YDXWYJP,46:28,Resolved,2025-02-07 23:13:41,2025-02-08 00:00:09
2025-02-07 23:25:07,04:21,85AYNTPRD4J9RPZ,Service Outage,Z5Z0F8NXL7,06:34,Escalated,2025-02-07 23:29:28,2025-02-07 23:36:02
2025-02-07 23:49:39,06:03,CP3UHSNQV60MDCH,Service Outage,XC9RIVKYVO,37:03,Resolved,2025-02-07 23:55:42,2025-02-08 00:32:45
2025-02-08 01:23:49,04:40,JB2NO0WXMYYH6LS,Billing,IXQ62APEP6,40:22,Pending,2025-02-08 01:28:29,2025-02-08 02:08:51
2025-02-08 02:36:34,09:20,VU3LQKXT25NL1DT,General Inquiry,Q10PNJQJMC,07:05,Pending,2025-02-08 02:45:54,2025-02-08 02:52:59
2025-02-08 02:37:25,09:56,ANWENC09OFDZDTA,Billing,37DNZDU8U3,40:46,Resolved,2025-02-08 02:47:21,2025-02-08 03:28:07
2025-02-08 02:46:50,06:26,18HYV2HW4QXPYWS,Technical Support,1MB4ZJGMD3,06:10,Resolved,2025-02-08 02:53:16,2025-02-08 02:59:26
2025-02-08 02:58:52,08:23,2XF52TGSAI9KJ96,Technical Support,8BG1XV1CR5,35:00,Resolved,2025-02-08 03:07:15,2025-02-08 03:42:15
2025-02-08 03:47:16,01:10,P3G1PPKBD366UOZ,Technical Support,31KAB3AA8M,19:09,Resolved,2025-02-08 03:48:26,2025-02-08 04:07:35
2025-02-08 04:05:59,04:46,G0A0GB9QY7ULOTB,Technical Support,UAD4IIQV37,47:53,Resolved,2025-02-08 04:10:45,2025-02-08 04:58:38
2025-02-08 04:52:48,00:55,FA950UIIQZ4J9QV,General Inquiry,54X1HVG1MX,28:14,Resolved,2025-02-08 04:53:43,2025-02-08 05:21:57
2025-02-08 04:55:58,09:17,DH0OT3DDVR1KOOU,Service Outage,O1OIM1SEOR,34:38,Resolved,2025-02-08 05:05:15,2025-02-08 05:39:53
2025-02-08 05:57:36,02:45,WB2CAJ1DQVVOFLP,Technical Support,GFAPSA0GZ7,08:47,Resolved,2025-02-08 06:00:21,2025-02-08 06:09:08
2025-02-08 06:11:07,01:36,1RU95T7RP3ECX2V,Account Management,XC9RIVKYVO,41:53,Resolved,2025-02-08 06:12:43,2025-02-08 06:54:36
2025-02-08 06:39:13,07:43,D15R19GO0LDP0ET,Technical Support,IEGIKR1KA4,43:15,Resolved,2025-02-08 06:46:56,2025-02-08 07:30:11
2025-02-08 06:51:12,08:22,XS3DH2XDXO6YE0M,Technical Support,X6943R0AP1,55:39,Resolved,2025-02-08 06:59:34,2025-02-08 07:55:13
2025-02-08 07:27:41,01:39,15JU19B9E5OG15L,Technical Support,P0N9BW3KN3,36:40,Resolved,2025-02-08 07:29:20,2025-02-08 08:06:00
2025-02-08 07:35:17,04:12,Z4BPJ5DUC1DR8MZ,Technical Support,XEWXNQAQ1M,13:33,Resolved,2025-02-08 07:39:29,2025-02-08 07:53:02
2025-02-08 07:51:23,04:41,EOA8ZCFOYX27D0O,Billing,MP7H6OVL7T,09:22,Resolved,2025-02-08 07:56:04,2025-02-08 08:05:26
2025-02-08 08:24:24,07:50,J4STDHTHXDUKJ91,Billing,5VNLH19TUN,30:13,Resolved,2025-02-08 08:32:14,2025-02-08 09:02:27
2025-02-08 08:44:58,07:12,X70I1UO1DJH5W2F,Technical Support,3V48BHVVEW,20:00,Resolved,2025-02-08 08:52:10,2025-02-08 09:12:10
2025-02-08 09:09:00,03:53,V2W6BTTHUSN42B9,Billing,4WW6XQA6RW,20:31,Resolved,2025-02-08 09:12:53,2025-02-08 09:33:24
2025-02-08 09:30:35,07:12,TMMZVECFTSL0NFN,General Inquiry,1LFL7ED7C7,54:53,Resolved,2025-02-08 09:37:47,2025-02-08 10:32:40
2025-02-08 09:43:39,09:23,KU27LLDFE777LFI,Technical Support,D0T2KSCXMU,14:28,Resolved,2025-02-08 09:53:02,2025-02-08 10:07:30
2025-02-08 15:05:25,03:10,84EPR6SB7CMCR0E,Technical Support,IQ5EGW2YXB,54:52,Resolved,2025-02-08 15:08:35,2025-02-08 16:03:27
2025-02-08 15:11:33,01:31,ATYKDMG1T81VT6M,Billing,HCAJOQF4ID,29:36,Resolved,2025-02-08 15:13:04,2025-02-08 15:42:40
2025-02-08 15:39:34,02:48,M6RAUV191IZZZRH,Technical Support,TJDWLI1WIX,50:32,Resolved,2025-02-08 15:42:22,2025-02-08 16:32:54
2025-02-08 15:49:56,01:01,OX24430TVFKC2TA,Technical Support,LLH4X2TYCI,40:02,Pending,2025-02-08 15:50:57,2025-02-08 16:30:59
2025-02-08 16:08:48,04:17,ZY3Q626F3EG0UZN,Technical Support,S6O4QFAVC5,26:30,Resolved,2025-02-08 16:13:05,2025-02-08 16:39:35
2025-02-08 16:13:27,01:46,ZJ6JH17KA4GS6GB,Technical Support,407MBTYMFR,21:47,Resolved,2025-02-08 16:15:13,2025-02-08 16:37:00
2025-02-08 16:34:36,08:53,H1LXNLVKL3MXRJC,Technical Support,G0ATVS9P7F,25:15,Resolved,2025-02-08 16:43:29,2025-02-08 17:08:44
2025-02-08 17:00:01,02:03,1QU3ICT3UZRZ5CH,General Inquiry,LUWWI3OOZ7,57:03,Resolved,2025-02-08 17:02:04,2025-02-08 17:59:07
2025-02-08 17:18:35,02:49,20038MXJIB8BYHA,Technical Support,Y1HYMXI45H,47:43,Resolved,2025-02-08 17:21:24,2025-02-08 18:09:07
2025-02-08 17:36:12,00:43,7PVT3IZV0TKTOYK,General Inquiry,EK8VO248TP,43:14,Resolved,2025-02-08 17:36:55,2025-02-08 18:20:09
2025-02-08 18:14:38,04:32,7268DA0N0FAXT1Q,Account Management,1VG1M0PIBT,12:56,Resolved,2025-02-08 18:19:10,2025-02-08 18:32:06
2025-02-08 19:15:37,03:21,T59VVMQRF2M8WP3,Technical Support,3U00VGSYNE,59:48,Resolved,2025-02-08 19:18:58,2025-02-08 20:18:46
2025-02-08 19:23:39,00:27,RPJHK3J9FEO1KVM,Technical Support,PM9YVO7WKX,42:54,Resolved,2025-02-08 19:24:06,2025-02-08 20:07:00
2025-02-08 19:35:20,08:27,DX4EI74TO7W49C2,Account Management,8BG1XV1CR5,04:03,Pending,2025-02-08 19:43:47,2025-02-08 19:47:50
2025-02-08 22:36:40,07:37,KYZ6YBOK4AMDODU,Technical Support,1XGII9RM6R,48:44,Pending,2025-02-08 22:44:17,2025-02-08 23:33:01
2025-02-08 22:57:43,05:25,2IP1ONIGXWIHF31,Technical Support,1LFL7ED7C7,15:33,Resolved,2025-02-08 23:03:08,2025-02-08 23:18:41
2025-02-09 00:27:18,01:14,OBVYEF6NXWBCUHB,Account Management,8ACJRX8UY3,35:36,Resolved,2025-02-09 00:28:32,2025-02-09 01:04:08
2025-02-09 01:56:27,01:34,O4919645MG4FHQW,Account Management,TMPPSC4TH2,42:05,Resolved,2025-02-09 01:58:01,2025-02-09 02:40:06
2025-02-09 02:50:35,03:16,HZSXSXWFOPBGKCL,Account Management,FWFIHGPQRA,57:10,Resolved,2025-02-09 02:53:51,2025-02-09 03:51:01
2025-02-09 04:02:28,06:07,Z6X6N48YQ2EDEB0,Account Management,MJL5QJH840,29:04,Pending,2025-02-09 04:08:35,2025-02-09 04:37:39
2025-02-09 05:45:23,03:23,RWYGDH9O2XBNNFN,Cancellation,ZUXH88ENJX,21:25,Resolved,2025-02-09 05:48:46,2025-02-09 06:10:11
2025-02-09 05:52:33,04:51,W48JOBHFWBJZJWX,Technical Support,COSU7XWCCI,02:48,Resolved,2025-02-09 05:57:24,2025-02-09 06:00:12
2025-02-09 06:39:44,05:13,NM2FXIHTOSTYZYI,Technical Support,6NLIU8K1UE,27:01,Resolved,2025-02-09 06:44:57,2025-02-09 07:11:58
2025-02-09 07:50:03,04:16,6WMDJRIFRMY0RUT,Service Outage,80CPEP3UQC,39:48,Resolved,2025-02-09 07:54:19,2025-02-09 08:34:07
2025-02-09 08:14:37,07:51,V9EHIE39YSR3EYH,Account Management,0OWW4LAOB9,46:00,Resolved,2025-02-09 08:22:28,2025-02-09 09:08:28
2025-02-09 08:28:11,08:44,D49QGTQKU6YUHBA,Billing,XDW8DBKKTA,22:05,Resolved,2025-02-09 08:36:55,2025-02-09 08:59:00
2025-02-09 08:59:06,03:36,CRSIRTBXXUXYERN,Billing,TJDWLI1WIX,18:22,Resolved,2025-02-09 09:02:42,2025-02-09 09:21:04
2025-02-09 09:12:20,09:31,04BFUOE6DDSZK3X,Billing,0KDZ3PE1CP,09:53,Resolved,2025-02-09 09:21:51,2025-02-09 09:31:44
2025-02-09 09:50:48,08:54,B68UYOK48Y3KINK,Billing,UU8K4SSRXB,51:58,Resolved,2025-02-09 09:59:42,2025-02-09 10:51:40
2025-02-09 10:21:27,07:19,FJX3ZKFPBEF98RX,Technical Support,GPP6YGP8D0,09:20,Resolved,2025-02-09 10:28:46,2025-02-09 10:38:06
2025-02-09 10:59:07,04:54,UPW3HIZEDAT12EZ,Cancellation,UO4AZA5ZTW,18:48,Resolved,2025-02-09 11:04:01,2025-02-09 11:22:49
2025-02-09 11:11:22,02:08,3OXM5GPN65N1N04,Feedback,3U00VGSYNE,12:21,Resolved,2025-02-09 11:13:30,2025-02-09 11:25:51
2025-02-09 11:57:29,06:07,M305NWSWZMHC4YK,Billing,NWKUZC5IP3,44:18,Resolved,2025-02-09 12:03:36,2025-02-09 12:47:54
2025-02-09 13:17:14,08:06,89OCWQT3BZ94CJ6,Billing,1LFL7ED7C7,03:06,Resolved,2025-02-09 13:25:20,2025-02-09 13:28:26
2025-02-09 13:35:58,00:57,OGXE7OWQ8ZBGWSJ,Account Management,HA7ZLGSQ93,46:35,Resolved,2025-02-09 13:36:55,2025-02-09 14:23:30
2025-02-09 14:05:04,09:12,WGXOMD29B8YDBDB,Technical Support,S79YBSAU2M,29:34,Resolved,2025-02-09 14:14:16,2025-02-09 14:43:50
2025-02-09 14:28:12,07:39,WR9KAMURV3BHXGG,Cancellation,2K3P8D3XK4,12:51,Resolved,2025-02-09 14:35:51,2025-02-09 14:48:42
2025-02-09 15:13:50,08:48,8BOTK3DDJOYIK8X,Billing,YPYPG0LW78,13:24,Resolved,2025-02-09 15:22:38,2025-02-09 15:36:02
2025-02-09 16:49:28,08:04,3YBE4CBQKF5JP4I,Billing,HOHX6DGGJB,54:10,Resolved,2025-02-09 16:57:32,2025-02-09 17:51:42
2025-02-09 17:26:48,04:19,00OYJ44WEX6CIMM,Billing,YI15YKJ0XL,44:36,Resolved,2025-02-09 17:31:07,2025-02-09 18:15:43
2025-02-09 18:35:17,05:36,0ZIKLDJH6SZ96XV,Technical Support,R6JTPQKMLX,16:37,Resolved,2025-02-09 18:40:53,2025-02-09 18:57:30
2025-02-09 18:45:25,05:45,NHE5M0S6FM348QW,Technical Support,8ACJRX8UY3,19:11,Resolved,2025-02-09 18:51:10,2025-02-09 19:10:21
2025-02-09 19:31:12,02:33,JGXQLC349AZ5KSF,Technical Support,EOKEEITLLV,54:21,Resolved,2025-02-09 19:33:45,2025-02-09 20:28:06
2025-02-09 19:48:29,00:55,K646WEDYJ5LYH7Y,Billing,HOHX6DGGJB,14:33,Resolved,2025-02-09 19:49:24,2025-02-09 20:03:57
2025-02-09 20:50:55,04:53,H4BNB5LPRYB0TTX,Cancellation,IIIXK34IJ6,07:24,Resolved,2025-02-09 20:55:48,2025-02-09 21:03:12
2025-02-09 21:44:52,07:08,3QGUX8LB9PBQCO2,Technical Support,LUWWI3OOZ7,04:55,Resolved,2025-02-09 21:52:00,2025-02-09 21:56:55
2025-02-10 00:40:43,08:51,7ONI4O1Q1JREGMR,Billing,D40MTMDIVI,10:33,Resolved,2025-02-10 00:49:34,2025-02-10 01:00:07
2025-02-10 01:17:49,02:19,F36FPSB6NOZZQ80,Technical Support,XM8ZK94HBU,13:50,Pending,2025-02-10 01:20:08,2025-02-10 01:33:58
2025-02-10 01:16:36,08:45,9ID3VW6GNB816ZJ,Account Management,9M3ML175YY,19:28,Resolved,2025-02-10 01:25:21,2025-02-10 01:44:49
2025-02-10 01:17:06,08:34,3B59081GBFBMHMB,Technical Support,E5O2YP19ZM,49:19,Pending,2025-02-10 01:25:40,2025-02-10 02:14:59
2025-02-10 01:19:31,08:19,E593QWK3Z3RX1VY,Technical Support,0Y1E3L6NGJ,34:04,Resolved,2025-02-10 01:27:50,2025-02-10 02:01:54
2025-02-10 04:12:20,09:08,UJ4F1GCATJP8NGH,Billing,C3IK5WEMJQ,40:02,Pending,2025-02-10 04:21:28,2025-02-10 05:01:30
2025-02-10 07:03:27,01:18,FODHZ7G4E33TVAS,Billing,D40MTMDIVI,59:48,Resolved,2025-02-10 07:04:45,2025-02-10 08:04:33
2025-02-10 07:08:17,02:20,J3K5FHWH4DJ9XNJ,General Inquiry,1A7LSHX07S,56:45,Resolved,2025-02-10 07:10:37,2025-02-10 08:07:22
2025-02-10 07:13:17,01:55,RCJHT7N1L1R7W5W,Service Outage,0Y1E3L6NGJ,58:43,Resolved,2025-02-10 07:15:12,2025-02-10 08:13:55
2025-02-10 08:43:00,07:23,APH3RY62DQHMYYF,Technical Support,8U07NRPZ6W,22:43,Pending,2025-02-10 08:50:23,2025-02-10 09:13:06
2025-02-10 08:56:55,06:13,6YWR9XQNE5KU1P0,Technical Support,0VWM4OS698,30:30,Resolved,2025-02-10 09:03:08,2025-02-10 09:33:38
2025-02-10 09:26:56,08:40,CD5ACMZ87QBM2EF,Account Management,7FVFE6CUFZ,07:49,Resolved,2025-02-10 09:35:36,2025-02-10 09:43:25
2025-02-10 12:12:38,05:36,1BEOXSEMDK98DBY,Billing,D6VZTNH4XH,27:10,Resolved,2025-02-10 12:18:14,2025-02-10 12:45:24
2025-02-10 12:54:02,05:23,GYYFCOENVSSEANO,General Inquiry,KW1AUC5UYS,11:46,Resolved,2025-02-10 12:59:25,2025-02-10 13:11:11
2025-02-10 14:08:09,01:04,Y68S33S7VIB6YKG,Billing,Z5Z0F8NXL7,25:27,Resolved,2025-02-10 14:09:13,2025-02-10 14:34:40
2025-02-10 14:13:11,05:43,AMW81URU9MYM6XH,Technical Support,YUAB483264,56:13,Resolved,2025-02-10 14:18:54,2025-02-10 15:15:07
2025-02-10 14:17:39,03:12,P4DOYQ261UQ7RWM,Account Management,3U00VGSYNE,19:09,Resolved,2025-02-10 14:20:51,2025-02-10 14:40:00
2025-02-10 14:24:06,06:41,BSLYZ9V0EEMV3VR,General Inquiry,GNRXZWLKN3,44:03,Resolved,2025-02-10 14:30:47,2025-02-10 15:14:50
2025-02-10 14:31:50,07:25,LL7VSGQ5K22BYXB,Technical Support,UKSG9Z7EZP,45:46,Resolved,2025-02-10 14:39:15,2025-02-10 15:25:01
2025-02-10 16:16:05,09:18,FFN61YBKS6TBXJS,Technical Support,U6QDU5HHQQ,22:53,Resolved,2025-02-10 16:25:23,2025-02-10 16:48:16
2025-02-10 16:29:16,09:31,KW8NZR3LEGG9XCI,General Inquiry,7MBSDGR63V,48:44,Resolved,2025-02-10 16:38:47,2025-02-10 17:27:31
2025-02-10 16:48:52,01:27,WBFRG8O379I6ZTP,Technical Support,CQIEOPYM2X,20:18,Escalated,2025-02-10 16:50:19,2025-02-10 17:10:37
2025-02-10 17:19:49,07:22,VGF9RBBL3X18213,General Inquiry,59JLNXQF04,43:13,Resolved,2025-02-10 17:27:11,2025-02-10 18:10:24
2025-02-10 18:40:33,05:01,6ZKTEC9G6Y3MDLN,Billing,42AOT9NYX1,48:57,Pending,2025-02-10 18:45:34,2025-02-10 19:34:31
2025-02-10 19:15:09,01:18,OMD984E3ZI8UU2W,Technical Support,JTHTSTBZJK,38:27,Pending,2025-02-10 19:16:27,2025-02-10 19:54:54
2025-02-10 19:47:42,07:47,733RYCX1T4K9SDQ,Billing,IEGIKR1KA4,43:57,Resolved,2025-02-10 19:55:29,2025-02-10 20:39:26
2025-02-10 20:40:40,03:02,CDPESG99MXI3ISF,Account Management,9M3ML175YY,58:53,Pending,2025-02-10 20:43:42,2025-02-10 21:42:35
2025-02-10 22:42:42,02:09,1JDUUKY992E6R2D,Billing,1L5GLHAFEB,43:35,Resolved,2025-02-10 22:44:51,2025-02-10 23:28:26
2025-02-10 23:38:53,00:58,B0PAEGJJOCHAZ7U,Account Management,609A9M75Q7,41:13,Escalated,2025-02-10 23:39:51,2025-02-11 00:21:04
2025-02-10 23:35:24,05:11,HRW4J2GDQZCJVC3,Account Management,3ZYBQMTA2D,50:30,Resolved,2025-02-10 23:40:35,2025-02-11 00:31:05
2025-02-11 01:56:56,03:12,I2HZDE1NKYWJ7EO,Technical Support,FCT1GG1XFB,32:57,Resolved,2025-02-11 02:00:08,2025-02-11 02:33:05
2025-02-11 03:51:02,06:46,5J0J1ZLKNNKDBK1,Service Outage,GFAPSA0GZ7,53:46,Resolved,2025-02-11 03:57:48,2025-02-11 04:51:34
2025-02-11 04:06:23,05:44,EVWUVDM0XO7CFJ8,Technical Support,8BG1XV1CR5,28:36,Resolved,2025-02-11 04:12:07,2025-02-11 04:40:43
2025-02-11 05:07:22,07:43,3X04BTU3NFNJ3EZ,Billing,O8C1FO5MR8,32:42,Resolved,2025-02-11 05:15:05,2025-02-11 05:47:47
2025-02-11 05:12:54,02:11,58ZBXRJ77X82MB1,General Inquiry,9M3ML175YY,30:02,Resolved,2025-02-11 05:15:05,2025-02-11 05:45:07
2025-02-11 05:44:07,00:16,82I1JC334AO58XA,Billing,37DNZDU8U3,19:12,Resolved,2025-02-11 05:44:23,2025-02-11 06:03:35
2025-02-11 06:00:35,07:05,MP4G7SFVHO5OTQL,Billing,WWJ8DQZ4IM,15:55,Resolved,2025-02-11 06:07:40,2025-02-11 06:23:35
2025-02-11 06:13:04,03:03,J6E8F4GGIXZJESU,Technical Support,0OWW4LAOB9,15:03,Resolved,2025-02-11 06:16:07,2025-02-11 06:31:10
2025-02-11 06:12:26,08:30,W2Y6P8Y7WZ6JVHA,Billing,ZS56A0DGC5,48:39,Resolved,2025-02-11 06:20:56,2025-02-11 07:09:35
2025-02-11 07:16:59,06:23,52L94YSC1NNS4N2,Technical Support,0CT6B8KL4F,37:41,Resolved,2025-02-11 07:23:22,2025-02-11 08:01:03
2025-02-11 10:07:35,03:01,LA4UYU3P9R8NYYT,Technical Support,D4AJ1PF4A3,29:35,Resolved,2025-02-11 10:10:36,2025-02-11 10:40:11
2025-02-11 10:17:39,06:03,ITC05PH1H1TKMII,Billing,BPMJS8EW15,01:16,Resolved,2025-02-11 10:23:42,2025-02-11 10:24:58
2025-02-11 14:21:18,01:56,ZZQKSBWNUQ3FF0H,General Inquiry,XI049RV3AX,49:43,Resolved,2025-02-11 14:23:14,2025-02-11 15:12:57
2025-02-11 14:35:45,02:04,7OB6SXXYK285VJY,Technical Support,17UN2SAOKL,29:52,Resolved,2025-02-11 14:37:49,2025-02-11 15:07:41
2025-02-11 15:09:14,06:51,OQVX7XV18KTQS7Q,General Inquiry,SGZUTK9YMS,11:48,Pending,2025-02-11 15:16:05,2025-02-11 15:27:53
2025-02-11 16:38:55,05:15,PENN35KEKPBXFWB,Technical Support,44JS0VDTJH,26:07,Resolved,2025-02-11 16:44:10,2025-02-11 17:10:17
2025-02-11 16:45:10,08:02,EO5373H9VI19NWG,Account Management,QXHKZ3QHBP,01:17,Resolved,2025-02-11 16:53:12,2025-02-11 16:54:29
2025-02-11 17:21:20,02:58,SE1LJED76CFO928,General Inquiry,P2VQ1VBCR9,35:05,Resolved,2025-02-11 17:24:18,2025-02-11 17:59:23
2025-02-11 17:48:05,00:57,OKX8B4MHBD7L4R5,Technical Support,0OWW4LAOB9,12:54,Resolved,2025-02-11 17:49:02,2025-02-11 18:01:56
2025-02-11 18:28:36,08:11,7C2SPQ9PJDQJBW7,Technical Support,407MBTYMFR,27:43,Resolved,2025-02-11 18:36:47,2025-02-11 19:04:30
2025-02-11 19:00:36,01:48,ODHSSCUM7HFHQUO,Account Management,NWKUZC5IP3,19:00,Escalated,2025-02-11 19:02:24,2025-02-11 19:21:24
2025-02-11 19:19:25,08:14,BX1AS7CC2FTIGLU,Billing,5ON31129US,16:11,Pending,2025-02-11 19:27:39,2025-02-11 19:43:50
2025-02-11 19:56:46,09:44,4OMA8Z59A6U7XET,Account Management,Q10PNJQJMC,59:55,Resolved,2025-02-11 20:06:30,2025-02-11 21:06:25
2025-02-11 20:06:43,01:34,KF51KSEI1XEC4IH,Billing,39FAPH8540,23:32,Resolved,2025-02-11 20:08:17,2025-02-11 20:31:49
2025-02-11 20:33:12,02:18,BSO5XSN60DVUXJ2,General Inquiry,VC9M3WX8IU,31:41,Resolved,2025-02-11 20:35:30,2025-02-11 21:07:11
2025-02-11 20:59:42,05:25,IIZ1L56TFDB2MBN,Billing,FCT1GG1XFB,42:41,Pending,2025-02-11 21:05:07,2025-02-11 21:47:48
2025-02-11 21:14:27,04:00,SU0C6E0B5UG6CDL,Billing,SGZUTK9YMS,24:00,Pending,2025-02-11 21:18:27,2025-02-11 21:42:27
2025-02-11 21:13:27,06:18,ZYE0VRUA3BMR1V7,Billing,HCAJOQF4ID,16:53,Resolved,2025-02-11 21:19:45,2025-02-11 21:36:38
2025-02-11 21:57:33,02:01,KW0EU8E389YFUY4,Technical Support,O1OIM1SEOR,16:16,Resolved,2025-02-11 21:59:34,2025-02-11 22:15:50
2025-02-11 22:55:59,01:44,YE8MR6A8Y8YIZZH,Technical Support,HWCQ2TQ0IY,13:57,Resolved,2025-02-11 22:57:43,2025-02-11 23:11:40
2025-02-11 23:28:36,05:12,GMA2H967AOQ9U8O,Technical Support,ME4CIBW9U7,06:09,Resolved,2025-02-11 23:33:48,2025-02-11 23:39:57
2025-02-11 23:41:33,01:18,LE7VCWY5P0H2DJR,Technical Support,ME4CIBW9U7,01:00,Resolved,2025-02-11 23:42:51,2025-02-11 23:43:51
2025-02-11 23:35:39,08:00,4P53M9VLJKZF5MT,Technical Support,GVLOFG1PYV,07:26,Resolved,2025-02-11 23:43:39,2025-02-11 23:51:05
2025-02-11 23:52:05,05:00,K4IGL74FDTEBAMN,Billing,31KAB3AA8M,04:31,Escalated,2025-02-11 23:57:05,2025-02-12 00:01:36
2025-02-12 01:30:21,05:52,CC8LB7C4FL7VJ7C,Billing,Y3QO4LFI83,30:55,Resolved,2025-02-12 01:36:13,2025-02-12 02:07:08
2025-02-12 02:05:00,05:03,8IQI9BY96KVMUHS,Feedback,457067XAP5,34:05,Pending,2025-02-12 02:10:03,2025-02-12 02:44:08
2025-02-12 03:17:48,07:45,KJSUAVBE12TT26J,Billing,A8LBHR4AJZ,49:27,Resolved,2025-02-12 03:25:33,2025-02-12 04:15:00
2025-02-12 03:16:42,09:16,XUOGBI9V9D15MZ2,Technical Support,3ZYBQMTA2D,33:37,Resolved,2025-02-12 03:25:58,2025-02-12 03:59:35
2025-02-12 03:38:18,09:02,GL3RN6PQG6REKTY,Technical Support,2H1OZV7RNC,32:36,Resolved,2025-02-12 03:47:20,2025-02-12 04:19:56
2025-02-12 03:56:39,02:51,SR4N7LR2V74BS3N,Technical Support,V62ER53MJK,18:18,Resolved,2025-02-12 03:59:30,2025-02-12 04:17:48
2025-02-12 04:06:55,00:46,SZ47UV00IBI9LWM,General Inquiry,GPP6YGP8D0,33:45,Resolved,2025-02-12 04:07:41,2025-02-12 04:41:26
2025-02-12 04:31:04,07:57,9MKNZJ2NZF0OYO5,Technical Support,3U00VGSYNE,01:01,Resolved,2025-02-12 04:39:01,2025-02-12 04:40:02
2025-02-12 06:00:24,00:24,P3MGJ1PSIDJV2RM,Billing,8U07NRPZ6W,34:46,Resolved,2025-02-12 06:00:48,2025-02-12 06:35:34
2025-02-12 07:33:43,05:56,73WI4G7LMYKWWRV,Technical Support,PJDR4E2INL,30:44,Resolved,2025-02-12 07:39:39,2025-02-12 08:10:23
2025-02-12 08:10:56,05:17,4URYPTIE3THTFCB,Technical Support,S6O4QFAVC5,17:50,Resolved,2025-02-12 08:16:13,2025-02-12 08:34:03
2025-02-12 08:22:31,05:55,H6VSGOLCM8TZ7BZ,Service Outage,085B1M387E,38:53,Resolved,2025-02-12 08:28:26,2025-02-12 09:07:19
2025-02-12 09:21:03,06:38,P4WO1WT4JSEC12L,Account Management,1LFL7ED7C7,07:56,Resolved,2025-02-12 09:27:41,2025-02-12 09:35:37
2025-02-12 09:22:19,05:27,IKTHFAHCRXI1SHR,Billing,XM8ZK94HBU,25:20,Resolved,2025-02-12 09:27:46,2025-02-12 09:53:06
2025-02-12 09:50:54,08:07,HQ81X8E7EHAZFA5,Account Management,XEWXNQAQ1M,35:06,Resolved,2025-02-12 09:59:01,2025-02-12 10:34:07
2025-02-12 11:08:26,06:55,89MKEYGSKMGXFLE,Technical Support,ZJPTZCGQML,09:20,Resolved,2025-02-12 11:15:21,2025-02-12 11:24:41
2025-02-12 14:11:37,07:23,BHKNV3IA40OGE54,Technical Support,7FVFE6CUFZ,48:02,Resolved,2025-02-12 14:19:00,2025-02-12 15:07:02
2025-02-12 14:41:16,05:27,OBRSRY9UA08NDR7,Billing,VK191ROIQA,11:16,Resolved,2025-02-12 14:46:43,2025-02-12 14:57:59
2025-02-12 14:51:38,06:31,NACWCN2R481UVDX,Service Outage,G0ATVS9P7F,23:47,Resolved,2025-02-12 14:58:09,2025-02-12 15:21:56
2025-02-12 15:18:33,00:26,QQP6YTX4XVIWWNC,Billing,7OCTF99Y2J,37:49,Resolved,2025-02-12 15:18:59,2025-02-12 15:56:48
2025-02-12 15:44:35,02:54,XXPXSU7YHNSUYKY,Technical Support,N73YDXWYJP,30:53,Resolved,2025-02-12 15:47:29,2025-02-12 16:18:22
2025-02-12 16:55:40,01:48,GAUCZR8WOTZYMPV,Technical Support,O8C1FO5MR8,48:34,Pending,2025-02-12 16:57:28,2025-02-12 17:46:02
2025-02-12 19:14:38,07:08,W0BYNI8LH6L4NXD,Billing,F4UJGWI632,06:18,Resolved,2025-02-12 19:21:46,2025-02-12 19:28:04
2025-02-12 21:49:10,08:54,G26TOUMBO7J3AGK,Technical Support,FWFIHGPQRA,43:29,Resolved,2025-02-12 21:58:04,2025-02-12 22:41:33
2025-02-12 22:10:36,00:40,U01H80YTOAEK45T,Technical Support,TVC724P4JN,09:08,Resolved,2025-02-12 22:11:16,2025-02-12 22:20:24
2025-02-12 23:33:57,01:17,YCGFLOLEXNM501D,Technical Support,OCP7VPN3M0,33:50,Resolved,2025-02-12 23:35:14,2025-02-13 00:09:04
2025-02-12 23:35:48,02:47,H6SLE5OWGZ655SE,Billing,QXHKZ3QHBP,52:13,Pending,2025-02-12 23:38:35,2025-02-13 00:30:48
2025-02-13 00:28:11,02:14,JRAF48XZ50UHQI8,Billing,HOHX6DGGJB,31:10,Escalated,2025-02-13 00:30:25,2025-02-13 01:01:35
2025-02-13 02:35:36,05:50,UGEYD9QB7CCLALB,Technical Support,VD1D20T3OW,10:43,Resolved,2025-02-13 02:41:26,2025-02-13 02:52:09
2025-02-13 03:21:50,01:11,W0JHT42D5DREA0S,Technical Support,KCP6C30POO,35:00,Resolved,2025-02-13 03:23:01,2025-02-13 03:58:01
2025-02-13 03:49:13,01:19,FM19SXLBFP5HVXG,Account Management,YI15YKJ0XL,36:53,Resolved,2025-02-13 03:50:32,2025-02-13 04:27:25
2025-02-13 04:10:18,01:39,I5E56802FT8E04D,Technical Support,4HX3UNW16M,38:54,Pending,2025-02-13 04:11:57,2025-02-13 04:50:51
2025-02-13 04:46:24,02:35,CIDDAWQXIQ2OX1K,Technical Support,JTHTSTBZJK,51:23,Resolved,2025-02-13 04:48:59,2025-02-13 05:40:22
2025-02-13 04:47:11,04:01,NZUCAQ8WGG815J9,Technical Support,KVJV1E2HB9,01:15,Resolved,2025-02-13 04:51:12,2025-02-13 04:52:27
2025-02-13 04:56:05,01:42,VGX1X0BG3IWFQ6E,Technical Support,0761T5NPZW,31:56,Resolved,2025-02-13 04:57:47,2025-02-13 05:29:43
2025-02-13 05:24:56,00:23,1XSQ128A675TRVC,Technical Support,8U07NRPZ6W,58:01,Resolved,2025-02-13 05:25:19,2025-02-13 06:23:20
2025-02-13 07:04:14,04:46,5GYXN714Q2C30UG,Billing,609A9M75Q7,06:12,Resolved,2025-02-13 07:09:00,2025-02-13 07:15:12
2025-02-13 08:28:26,06:34,W8C4W64A5HPLEQV,Account Management,085B1M387E,08:48,Resolved,2025-02-13 08:35:00,2025-02-13 08:43:48
2025-02-13 11:11:21,01:49,HLUHM848917PAEN,Technical Support,Y5JKXHF0W0,29:04,Pending,2025-02-13 11:13:10,2025-02-13 11:42:14
2025-02-13 11:40:44,02:47,GOWJNMYFIM5RKEJ,Technical Support,31KAB3AA8M,43:21,Resolved,2025-02-13 11:43:31,2025-02-13 12:26:52
2025-02-13 11:59:34,00:54,ZLJZBU7MYRT90F1,Service Outage,NWKUZC5IP3,23:01,Resolved,2025-02-13 12:00:28,2025-02-13 12:23:29
2025-02-13 13:38:52,04:52,XY2QE4VXO166USO,Technical Support,74UIL5DLP5,18:13,Resolved,2025-02-13 13:43:44,2025-02-13 14:01:57
2025-02-13 14:09:11,05:34,6XMSBLIOIOBB04F,Billing,R6JTPQKMLX,45:36,Resolved,2025-02-13 14:14:45,2025-02-13 15:00:21
2025-02-13 14:44:27,04:11,967911F32AHXG5Y,Technical Support,XI049RV3AX,20:42,Resolved,2025-02-13 14:48:38,2025-02-13 15:09:20
2025-02-13 16:03:34,02:05,XVXAVNIO6VJ1U4P,Technical Support,1LFL7ED7C7,20:42,Resolved,2025-02-13 16:05:39,2025-02-13 16:26:21
2025-02-13 16:22:24,03:57,GMS1XPWO25TSPX5,Technical Support,TVC724P4JN,39:55,Resolved,2025-02-13 16:26:21,2025-02-13 17:06:16
2025-02-13 18:00:14,02:00,72TJUK1FH6YF7EJ,Billing,1XGII9RM6R,42:52,Resolved,2025-02-13 18:02:14,2025-02-13 18:45:06
2025-02-13 18:04:18,06:51,WTEY9WKLFQ37OXQ,Billing,FCT1GG1XFB,30:56,Escalated,2025-02-13 18:11:09,2025-02-13 18:42:05
2025-02-13 18:28:02,02:09,3XMHN4PXUIOZXRI,Technical Support,HM6AWFF2KK,36:44,Escalated,2025-02-13 18:30:11,2025-02-13 19:06:55
2025-02-13 18:51:38,03:07,V2EIW27XNTFBL78,Technical Support,EK8VO248TP,53:13,Resolved,2025-02-13 18:54:45,2025-02-13 19:47:58
2025-02-13 18:57:33,07:23,6ZWOSR7PR16O50O,Technical Support,U6QDU5HHQQ,08:11,Escalated,2025-02-13 19:04:56,2025-02-13 19:13:07
2025-02-13 19:10:14,07:38,O52ILVVYUEWWL92,General Inquiry,7X144YH978,04:21,Pending,2025-02-13 19:17:52,2025-02-13 19:22:13
2025-02-13 19:38:51,10:00,2ICD036F998QLSK,Service Outage,OJG75KVJ38,43:21,Resolved,2025-02-13 19:48:51,2025-02-13 20:32:12
2025-02-13 20:41:03,08:47,AO1ZWIH38GVLZI1,Technical Support,289K5JYCRI,52:16,Escalated,2025-02-13 20:49:50,2025-02-13 21:42:06
2025-02-13 20:51:11,09:24,9OAOM0SIRMZGZE6,Feedback,OCP7VPN3M0,19:35,Resolved,2025-02-13 21:00:35,2025-02-13 21:20:10
2025-02-13 21:58:02,05:41,VJR3GWENEFVUJPL,Technical Support,XHPLT6KOIS,32:39,Pending,2025-02-13 22:03:43,2025-02-13 22:36:22
2025-02-13 22:56:14,01:14,2HOC7VS6KIYKTR5,Technical Support,MP7H6OVL7T,15:41,Resolved,2025-02-13 22:57:28,2025-02-13 23:13:09
2025-02-14 00:03:41,02:55,98NI7KOORTZXY68,Technical Support,Z7LLIDN5OS,24:53,Resolved,2025-02-14 00:06:36,2025-02-14 00:31:29
2025-02-14 00:32:31,08:50,RTPHQ0RJLVQXR11,Technical Support,59JLNXQF04,57:30,Pending,2025-02-14 00:41:21,2025-02-14 01:38:51
2025-02-14 01:23:58,08:51,5F0WWXMUKB83ND1,Technical Support,N73YDXWYJP,41:19,Resolved,2025-02-14 01:32:49,2025-02-14 02:14:08
2025-02-14 01:38:23,08:56,8GIAAEDZSPKJM7C,Technical Support,5ON31129US,39:14,Resolved,2025-02-14 01:47:19,2025-02-14 02:26:33
2025-02-14 02:05:02,03:15,BKS42X2PVXUGM8T,Billing,QXHKZ3QHBP,58:02,Escalated,2025-02-14 02:08:17,2025-02-14 03:06:19
2025-02-14 03:00:49,09:43,FGTAOF1EZKCRA6E,Feedback,609A9M75Q7,33:08,Resolved,2025-02-14 03:10:32,2025-02-14 03:43:40
2025-02-14 03:11:12,08:24,UHZA9W2U5EMLSER,Billing,10JH9ZWS9D,09:29,Resolved,2025-02-14 03:19:36,2025-02-14 03:29:05
2025-02-14 05:04:49,01:34,HHXXPRJO97U1PLL,Technical Support,1AL9HOBOYN,39:07,Resolved,2025-02-14 05:06:23,2025-02-14 05:45:30
2025-02-14 05:42:09,07:30,OI2YUWTV240DI4S,Billing,D8OAOCGR0A,40:52,Resolved,2025-02-14 05:49:39,2025-02-14 06:30:31
2025-02-14 06:42:14,08:43,UVR75WZGD50O31L,Technical Support,IXQ62APEP6,56:32,Pending,2025-02-14 06:50:57,2025-02-14 07:47:29
2025-02-14 07:44:28,06:08,Q6ABSMIDF8ZX67W,General Inquiry,G708AXCHKB,38:17,Resolved,2025-02-14 07:50:36,2025-02-14 08:28:53
2025-02-14 08:37:55,05:39,Z33GPV5IKNRX349,Technical Support,PEVGAFDH75,20:17,Resolved,2025-02-14 08:43:34,2025-02-14 09:03:51
2025-02-14 08:47:27,07:38,94FQELNDC2DF2CV,Technical Support,Y3QO4LFI83,06:08,Pending,2025-02-14 08:55:05,2025-02-14 09:01:13
2025-02-14 08:59:59,03:58,MYXN6XUZ3LNOI4G,Billing,B1P6SR1QFX,50:18,Resolved,2025-02-14 09:03:57,2025-02-14 09:54:15
2025-02-14 09:05:52,01:09,UZBQ6B7YPPWHEQM,Technical Support,D0T2KSCXMU,34:23,Resolved,2025-02-14 09:07:01,2025-02-14 09:41:24
2025-02-14 09:16:39,05:12,PW9ID3WEUHVTXLY,Feedback,54X1HVG1MX,36:36,Resolved,2025-02-14 09:21:51,2025-02-14 09:58:27
2025-02-14 09:40:57,07:09,FQ9LQRXP0L8XQL6,Account Management,3U00VGSYNE,39:58,Resolved,2025-02-14 09:48:06,2025-02-14 10:28:04
2025-02-14 09:42:42,07:06,HE8BSOFO8TQ5Q99,Billing,O1OIM1SEOR,12:13,Resolved,2025-02-14 09:49:48,2025-02-14 10:02:01
2025-02-14 10:13:09,01:19,F3XV75K9LN4FHVQ,General Inquiry,ADM4GLNMAU,41:10,Resolved,2025-02-14 10:14:28,2025-02-14 10:55:38
2025-02-14 10:13:55,07:25,AEYJ1L4DF5I3GWU,Account Management,O1OIM1SEOR,36:11,Resolved,2025-02-14 10:21:20,2025-02-14 10:57:31
2025-02-14 11:22:23,05:24,5M4W0RMX7Q29PG1,Cancellation,PZW9S611IJ,21:08,Resolved,2025-02-14 11:27:47,2025-02-14 11:48:55
2025-02-14 12:15:41,09:54,KSXWD3EUN72R889,Technical Support,39FAPH8540,50:15,Resolved,2025-02-14 12:25:35,2025-02-14 13:15:50
2025-02-14 13:28:18,01:10,91KFX921RTU99VB,Account Management,HHAMF970JF,30:30,Resolved,2025-02-14 13:29:28,2025-02-14 13:59:58
2025-02-14 13:52:45,03:59,QQK8HWMRL8TF6NC,Account Management,JTHTSTBZJK,43:34,Resolved,2025-02-14 13:56:44,2025-02-14 14:40:18
2025-02-14 14:48:23,03:06,VGUTEWTZHVW4XIA,Billing,HE1LT4J38Z,32:54,Escalated,2025-02-14 14:51:29,2025-02-14 15:24:23
2025-02-14 16:32:37,05:14,6Q6V8RL7QLZBT0Z,Billing,12DTJCOZP9,09:20,Pending,2025-02-14 16:37:51,2025-02-14 16:47:11
2025-02-14 16:30:18,08:35,SKGDRZDCXBWIQIT,Account Management,3ZYBQMTA2D,05:53,Resolved,2025-02-14 16:38:53,2025-02-14 16:44:46
2025-02-14 17:09:24,04:21,TH28WF7QELGJPIZ,Feedback,9M3ML175YY,42:05,Resolved,2025-02-14 17:13:45,2025-02-14 17:55:50
2025-02-14 17:28:44,06:53,RH1GNZT3LOCWZJF,Billing,YPK1BT8J0S,21:28,Resolved,2025-02-14 17:35:37,2025-02-14 17:57:05
2025-02-14 21:37:30,05:12,KFYBHZMPNRV142F,Technical Support,2K3P8D3XK4,19:57,Resolved,2025-02-14 21:42:42,2025-02-14 22:02:39
2025-02-14 22:13:57,00:29,EAOD21CWJLOMUAG,Billing,7ODCGNJIM6,53:31,Resolved,2025-02-14 22:14:26,2025-02-14 23:07:57
2025-02-14 22:16:18,04:47,P2NFQWL9ISX9WG2,General Inquiry,CY235VURQU,27:44,Resolved,2025-02-14 22:21:05,2025-02-14 22:48:49
2025-02-14 23:24:22,05:12,NIIW4CMB07U2NKJ,Billing,XEWXNQAQ1M,23:50,Resolved,2025-02-14 23:29:34,2025-02-14 23:53:24
2025-02-15 00:06:40,07:04,5LHZOFCPTHCIKKS,Technical Support,6NLIU8K1UE,27:17,Resolved,2025-02-15 00:13:44,2025-02-15 00:41:01
2025-02-15 00:26:18,02:55,A8P43C717HBZGUQ,Account Management,U6QDU5HHQQ,09:12,Resolved,2025-02-15 00:29:13,2025-02-15 00:38:25
2025-02-15 01:37:28,06:21,F9FBVHB2L9J5HUV,Technical Support,20I5VYLR6Z,32:56,Resolved,2025-02-15 01:43:49,2025-02-15 02:16:45
2025-02-15 03:42:34,01:02,COU44O847BFB80I,Billing,1L5G1X36NW,02:56,Resolved,2025-02-15 03:43:36,2025-02-15 03:46:32
2025-02-15 06:43:08,03:05,61X167YQERONWSH,Technical Support,XE5WIXCMS6,05:08,Resolved,2025-02-15 06:46:13,2025-02-15 06:51:21
2025-02-15 08:08:22,03:28,KQWWJEL28Y3H9FI,Technical Support,N7UU5OO1DB,49:39,Resolved,2025-02-15 08:11:50,2025-02-15 09:01:29
2025-02-15 09:11:50,03:36,L6VSKTMHT6SQUIA,Technical Support,RKZOW9FAW4,21:14,Pending,2025-02-15 09:15:26,2025-02-15 09:36:40
2025-02-15 09:39:00,05:46,N4MBG5QV4JG5J9L,Technical Support,COSU7XWCCI,25:39,Resolved,2025-02-15 09:44:46,2025-02-15 10:10:25
2025-02-15 09:48:48,01:55,SOTC95CIYT5QOSV,Account Management,Z5Z0F8NXL7,32:57,Escalated,2025-02-15 09:50:43,2025-02-15 10:23:40
2025-02-15 11:52:16,09:42,455FR8RVYQMR7RF,Billing,BFH41C2K1L,31:15,Resolved,2025-02-15 12:01:58,2025-02-15 12:33:13
2025-02-15 12:30:13,03:31,GXLZEO41S3YDMGI,General Inquiry,XSD3YKA0T1,12:13,Escalated,2025-02-15 12:33:44,2025-02-15 12:45:57
2025-02-15 13:27:52,00:46,CMID92YN29NKMII,Billing,4TVJ7VC77N,45:48,Resolved,2025-02-15 13:28:38,2025-02-15 14:14:26
2025-02-15 14:55:32,06:52,YHTBQWNMJQKBQZO,Billing,VCEXE0YWOO,50:52,Resolved,2025-02-15 15:02:24,2025-02-15 15:53:16
2025-02-15 15:58:23,02:14,MS4AD5RVY07A2SP,Technical Support,37DNZDU8U3,14:14,Pending,2025-02-15 16:00:37,2025-02-15 16:14:51
2025-02-15 16:31:16,09:39,6SED0YK0DBU76JZ,General Inquiry,XM8ZK94HBU,24:36,Resolved,2025-02-15 16:40:55,2025-02-15 17:05:31
2025-02-15 17:03:14,08:15,042NEC7XH94AYSU,Billing,JTHTSTBZJK,43:46,Resolved,2025-02-15 17:11:29,2025-02-15 17:55:15
2025-02-15 18:49:45,08:47,UJ8Y2QJKGKW4AC3,Service Outage,80CPEP3UQC,40:46,Resolved,2025-02-15 18:58:32,2025-02-15 19:39:18
2025-02-15 19:46:13,01:05,1R5XXYXO21HGZYP,Technical Support,0761T5NPZW,09:01,Resolved,2025-02-15 19:47:18,2025-02-15 19:56:19
2025-02-15 20:02:09,10:00,VPXKQK16EZQNZ4I,Technical Support,TEDTSF5RDM,09:57,Resolved,2025-02-15 20:12:09,2025-02-15 20:22:06
2025-02-15 20:20:17,08:45,QFECA33QJ60465J,Technical Support,PZW9S611IJ,18:04,Resolved,2025-02-15 20:29:02,2025-02-15 20:47:06
2025-02-15 20:51:14,03:40,YGESCQI8NN24NJ1,Billing,3U00VGSYNE,29:29,Resolved,2025-02-15 20:54:54,2025-02-15 21:24:23
2025-02-15 21:21:30,00:38,LLP7AV4QSFQ94R6,General Inquiry,PJDR4E2INL,40:07,Resolved,2025-02-15 21:22:08,2025-02-15 22:02:15
2025-02-15 22:04:11,05:38,XYQ3T44L03K3NP0,Technical Support,7FVFE6CUFZ,20:47,Resolved,2025-02-15 22:09:49,2025-02-15 22:30:36
2025-02-15 22:03:29,09:34,XSCC1MFC710N2XV,Technical Support,NNI0IVHS1M,59:49,Pending,2025-02-15 22:13:03,2025-02-15 23:12:52
2025-02-15 23:38:48,03:21,XAIMDFQAQ9RZ0D8,Billing,HOHX6DGGJB,30:22,Resolved,2025-02-15 23:42:09,2025-02-16 00:12:31
2025-02-16 01:08:06,07:28,4J7RCSCVBXIDQ6S,Technical Support,D8OAOCGR0A,33:37,Resolved,2025-02-16 01:15:34,2025-02-16 01:49:11
2025-02-16 02:57:23,04:37,VJM7ORPK7M31XSN,Account Management,0761T5NPZW,05:25,Resolved,2025-02-16 03:02:00,2025-02-16 03:07:25
2025-02-16 05:03:13,01:06,KXSCKV93MCP0GYV,General Inquiry,7FVFE6CUFZ,22:53,Resolved,2025-02-16 05:04:19,2025-02-16 05:27:12
2025-02-16 05:56:35,09:06,R1WB4FE7K8JB35K,General Inquiry,D8OAOCGR0A,22:39,Resolved,2025-02-16 06:05:41,2025-02-16 06:28:20
2025-02-16 07:06:55,06:33,LUQKPVYFSI0W8OM,General Inquiry,XNFZ8S7SGX,11:27,Resolved,2025-02-16 07:13:28,2025-02-16 07:24:55
2025-02-16 11:19:36,06:27,0IRVVB8LDAW6AMZ,Billing,5VNLH19TUN,12:03,Resolved,2025-02-16 11:26:03,2025-02-16 11:38:06
2025-02-16 11:23:13,08:53,39XG0YLLBORATPK,Billing,XM8ZK94HBU,10:29,Resolved,2025-02-16 11:32:06,2025-02-16 11:42:35
2025-02-16 11:35:13,05:23,SWQTFN64V2NFGRO,Technical Support,HM6AWFF2KK,32:55,Resolved,2025-02-16 11:40:36,2025-02-16 12:13:31
2025-02-16 11:37:09,09:14,Y1P4XTK9H8NC83K,Account Management,SGZUTK9YMS,47:21,Pending,2025-02-16 11:46:23,2025-02-16 12:33:44
2025-02-16 11:54:21,05:04,WPHQNOLL0EMPQPZ,General Inquiry,39FAPH8540,44:45,Resolved,2025-02-16 11:59:25,2025-02-16 12:44:10
2025-02-16 12:27:04,06:47,YAQI9BQ491BU7PC,General Inquiry,2XIHPOZH4B,21:53,Escalated,2025-02-16 12:33:51,2025-02-16 12:55:44
2025-02-16 12:51:00,02:21,MU923PIHVVUFND8,Technical Support,ILPNQ5U024,43:23,Resolved,2025-02-16 12:53:21,2025-02-16 13:36:44
2025-02-16 13:44:03,06:13,OPNJLLDRWLBA19H,Billing,YA1JOJWQND,52:45,Resolved,2025-02-16 13:50:16,2025-02-16 14:43:01
2025-02-16 14:14:02,06:58,8J4YQH5314FBQKT,Billing,HOHX6DGGJB,08:38,Pending,2025-02-16 14:21:00,2025-02-16 14:29:38
2025-02-16 14:17:27,03:52,GB683SZNV06EVUQ,Billing,10JH9ZWS9D,55:04,Escalated,2025-02-16 14:21:19,2025-02-16 15:16:23
2025-02-16 14:37:51,05:31,9XJI5XKY5NASW3J,Account Management,4WW6XQA6RW,57:07,Resolved,2025-02-16 14:43:22,2025-02-16 15:40:29
2025-02-16 14:58:31,02:46,P8OERSZD7ZBJJLL,Technical Support,PZW9S611IJ,27:31,Resolved,2025-02-16 15:01:17,2025-02-16 15:28:48
2025-02-16 15:19:07,01:20,CS67DQDF03JSN23,Billing,XE5WIXCMS6,07:48,Resolved,2025-02-16 15:20:27,2025-02-16 15:28:15
2025-02-16 15:20:35,03:20,GX5GV5A1J0G2O3K,General Inquiry,1A7LSHX07S,03:11,Resolved,2025-02-16 15:23:55,2025-02-16 15:27:06
2025-02-16 15:18:37,07:43,BMCLTPE48QPEQN5,General Inquiry,EGGPRLOCG3,31:57,Resolved,2025-02-16 15:26:20,2025-02-16 15:58:17
2025-02-16 16:40:58,07:35,8J82R2K9M6A8WCS,General Inquiry,YI15YKJ0XL,16:40,Resolved,2025-02-16 16:48:33,2025-02-16 17:05:13
2025-02-16 17:17:34,02:42,8W2LT46INGVRIO5,Feedback,XHPLT6KOIS,12:39,Resolved,2025-02-16 17:20:16,2025-02-16 17:32:55
2025-02-16 17:51:02,01:12,ZQHKY5JM0KNLSDZ,Technical Support,SMDTYF01A6,35:04,Resolved,2025-02-16 17:52:14,2025-02-16 18:27:18
2025-02-16 18:11:10,06:08,1JTXOGJVQCOFBEE,Billing,V5V4TS8NDE,37:09,Resolved,2025-02-16 18:17:18,2025-02-16 18:54:27
2025-02-16 18:26:34,02:25,PP3L5UBAUW7H4O4,Account Management,GPP6YGP8D0,45:30,Pending,2025-02-16 18:28:59,2025-02-16 19:14:29
2025-02-16 18:52:40,06:46,0PV5OF2VWM7PVW2,Cancellation,1KPQELPP7X,47:14,Pending,2025-02-16 18:59:26,2025-02-16 19:46:40
2025-02-16 19:15:46,02:54,HTFYOPXLCTUTHS7,General Inquiry,V5V4TS8NDE,03:33,Resolved,2025-02-16 19:18:40,2025-02-16 19:22:13
2025-02-16 19:25:45,09:18,RQN3LP2D21ZGGA4,Technical Support,SGZUTK9YMS,41:10,Resolved,2025-02-16 19:35:03,2025-02-16 20:16:13
2025-02-16 20:11:57,01:29,O609ZF9BYSAC8LD,General Inquiry,1AL9HOBOYN,56:28,Resolved,2025-02-16 20:13:26,2025-02-16 21:09:54
2025-02-16 22:04:52,02:38,RWPF28FH7JWXAT8,Technical Support,HHAMF970JF,46:12,Resolved,2025-02-16 22:07:30,2025-02-16 22:53:42
2025-02-16 23:18:50,00:54,MYSXTFAZYGSPX7I,Billing,Y81QMU4K4A,47:07,Resolved,2025-02-16 23:19:44,2025-02-17 00:06:51
2025-02-17 01:44:08,03:14,7DK8RWCZ82IEN1U,Billing,6X3YD9OB2R,28:46,Resolved,2025-02-17 01:47:22,2025-02-17 02:16:08
2025-02-17 03:14:10,03:38,UWY1NCCRKLE5MO8,Technical Support,9M3ML175YY,17:57,Resolved,2025-02-17 03:17:48,2025-02-17 03:35:45
2025-02-17 03:40:06,06:41,ZDGGDILQM5B8A2G,Technical Support,5VEP98O7UQ,19:14,Resolved,2025-02-17 03:46:47,2025-02-17 04:06:01
2025-02-17 05:23:38,07:52,FT9O9H8H5HPTJKU,Technical Support,1XGII9RM6R,58:20,Resolved,2025-02-17 05:31:30,2025-02-17 06:29:50
2025-02-17 06:07:25,08:00,BV5X43T3C6T53MX,Account Management,10JH9ZWS9D,12:31,Resolved,2025-02-17 06:15:25,2025-02-17 06:27:56
2025-02-17 06:09:27,09:51,OYGXMBQ8XE8R48B,Billing,457067XAP5,56:31,Resolved,2025-02-17 06:19:18,2025-02-17 07:15:49
2025-02-17 06:44:19,01:26,QCHGPT4YZV4NLBG,Billing,7ODCGNJIM6,57:09,Resolved,2025-02-17 06:45:45,2025-02-17 07:42:54
2025-02-17 06:52:31,02:43,3JBQHNI8HC9E7JX,Cancellation,WL0Y0R0O9V,55:25,Resolved,2025-02-17 06:55:14,2025-02-17 07:50:39
2025-02-17 06:47:45,09:01,I5SEVA09L7O8D8Z,Technical Support,Y81QMU4K4A,24:18,Resolved,2025-02-17 06:56:46,2025-02-17 07:21:04
2025-02-17 06:50:50,08:11,T0B7LNWJ6LM10KT,Billing,31KAB3AA8M,35:29,Resolved,2025-02-17 06:59:01,2025-02-17 07:34:30
2025-02-17 07:32:49,09:08,522GQZCBA1L4C17,Technical Support,ILPNQ5U024,46:31,Resolved,2025-02-17 07:41:57,2025-02-17 08:28:28
2025-02-17 09:07:47,02:03,LUONDS499ENW7CT,Billing,BFH41C2K1L,47:01,Pending,2025-02-17 09:09:50,2025-02-17 09:56:51
2025-02-17 11:00:51,06:34,1NTT5ML4K3YAXHY,Billing,1MB4ZJGMD3,30:13,Resolved,2025-02-17 11:07:25,2025-02-17 11:37:38
2025-02-17 11:57:34,06:59,DIP928Z4UBW7W98,Technical Support,V20HMRVLGQ,46:21,Resolved,2025-02-17 12:04:33,2025-02-17 12:50:54
2025-02-17 15:37:55,06:21,2R6KBFRAHT4B1L3,Technical Support,A8LBHR4AJZ,20:43,Resolved,2025-02-17 15:44:16,2025-02-17 16:04:59
2025-02-17 16:37:31,08:14,HSIFR0FL4VRHFFR,Technical Support,7Y6BBSF2ZJ,14:48,Resolved,2025-02-17 16:45:45,2025-02-17 17:00:33
2025-02-17 16:39:47,06:21,9RDWHV9LARUC3ES,Technical Support,Q10PNJQJMC,37:20,Resolved,2025-02-17 16:46:08,2025-02-17 17:23:28
2025-02-17 17:12:24,08:23,NG5PHDHM0AL2AUG,Billing,12DTJCOZP9,07:35,Resolved,2025-02-17 17:20:47,2025-02-17 17:28:22
2025-02-17 17:35:19,07:11,0R8T201QB3NN5ZU,Technical Support,COSU7XWCCI,22:43,Escalated,2025-02-17 17:42:30,2025-02-17 18:05:13
2025-02-17 18:18:07,09:56,3HYR3H2NZ1UMFHL,General Inquiry,CY235VURQU,16:12,Resolved,2025-02-17 18:28:03,2025-02-17 18:44:15
2025-02-17 18:25:17,03:33,DCL2DUB5JMU8U7B,General Inquiry,3U00VGSYNE,33:52,Resolved,2025-02-17 18:28:50,2025-02-17 19:02:42
2025-02-17 18:59:12,06:40,X6OU9C1FGWS0AHV,Technical Support,ZOO6BBUCOH,49:18,Resolved,2025-02-17 19:05:52,2025-02-17 19:55:10
2025-02-17 19:55:38,00:30,IEX0GU34DE1IZBI,General Inquiry,ME4CIBW9U7,20:37,Resolved,2025-02-17 19:56:08,2025-02-17 20:16:45
2025-02-17 20:18:54,03:59,OOFBGG7JAJBF4S8,Technical Support,3ZYBQMTA2D,45:46,Escalated,2025-02-17 20:22:53,2025-02-17 21:08:39
2025-02-17 20:23:52,03:20,RCLLBV0PJN0FK8H,General Inquiry,XI049RV3AX,54:27,Pending,2025-02-17 20:27:12,2025-02-17 21:21:39
2025-02-17 22:06:52,02:41,HC360EF6CQCQEMC,Technical Support,D0T2KSCXMU,14:52,Resolved,2025-02-17 22:09:33,2025-02-17 22:24:25
2025-02-17 23:14:26,06:17,O6PG9SUCMIY2XLA,Technical Support,X3A9VTDJEX,40:48,Resolved,2025-02-17 23:20:43,2025-02-18 00:01:31
2025-02-17 23:36:21,00:42,883QZUTGQ7HJUAR,Billing,SGZUTK9YMS,58:03,Resolved,2025-02-17 23:37:03,2025-02-18 00:35:06
2025-02-17 23:52:54,07:28,V85OZ1B58PG2R7E,Billing,609A9M75Q7,45:54,Escalated,2025-02-18 00:00:22,2025-02-18 00:46:16
2025-02-18 01:21:13,02:10,9UIO09PFQ80OW18,Technical Support,HOHX6DGGJB,30:22,Resolved,2025-02-18 01:23:23,2025-02-18 01:53:45
2025-02-18 03:20:02,08:28,L27MRSWPSYZ9AH1,Technical Support,QHQBMUZM7P,25:48,Escalated,2025-02-18 03:28:30,2025-02-18 03:54:18
2025-02-18 03:32:19,08:32,PIS3CMERP2EH6A9,General Inquiry,IZKBKAZ8RY,30:32,Pending,2025-02-18 03:40:51,2025-02-18 04:11:23
2025-02-18 03:47:51,05:39,QUFF2B7UTNWZETF,Billing,OCP7VPN3M0,05:20,Resolved,2025-02-18 03:53:30,2025-02-18 03:58:50
2025-02-18 04:07:03,00:30,4I8664WIYV1SZ8I,Technical Support,O1OIM1SEOR,06:50,Resolved,2025-02-18 04:07:33,2025-02-18 04:14:23
2025-02-18 04:04:44,06:12,ZXMM1LWWF3KVAB1,Technical Support,RNM7SLMP7W,07:55,Resolved,2025-02-18 04:10:56,2025-02-18 04:18:51
2025-02-18 06:07:06,03:38,NNWPBC1XT3604D2,Billing,B1P6SR1QFX,44:37,Resolved,2025-02-18 06:10:44,2025-02-18 06:55:21
2025-02-18 07:55:08,09:25,EOEFWUU3U796I7B,Billing,XNFZ8S7SGX,24:26,Resolved,2025-02-18 08:04:33,2025-02-18 08:28:59
2025-02-18 08:03:06,05:42,XI7XR0QEHZU9D3I,General Inquiry,NWKUZC5IP3,16:12,Resolved,2025-02-18 08:08:48,2025-02-18 08:25:00
2025-02-18 09:30:47,00:57,NH1J6LAFS5I9NGB,Billing,289K5JYCRI,47:14,Resolved,2025-02-18 09:31:44,2025-02-18 10:18:58
2025-02-18 09:55:59,02:19,7RMMFM7C3V5DLJ5,Technical Support,TEDTSF5RDM,47:52,Resolved,2025-02-18 09:58:18,2025-02-18 10:46:10
2025-02-18 10:30:22,07:22,IP2FL88JJIILRFB,Billing,D40MTMDIVI,39:37,Resolved,2025-02-18 10:37:44,2025-02-18 11:17:21
2025-02-18 11:30:41,09:20,Q2Z7H1E68IQCPFV,Account Management,XHPLT6KOIS,14:55,Resolved,2025-02-18 11:40:01,2025-02-18 11:54:56
2025-02-18 11:36:58,05:29,BE1NFT2WU9FIWX1,Billing,TJDWLI1WIX,40:42,Resolved,2025-02-18 11:42:27,2025-02-18 12:23:09
2025-02-18 11:42:57,01:14,R548PGTYGJGVQIZ,Account Management,Z7LLIDN5OS,59:50,Resolved,2025-02-18 11:44:11,2025-02-18 12:44:01
2025-02-18 11:37:06,09:50,B6X4W9E336DAJ5G,Technical Support,5ON31129US,39:32,Pending,2025-02-18 11:46:56,2025-02-18 12:26:28
2025-02-18 12:37:59,00:56,M7D47NM30GI36IE,General Inquiry,Q10PNJQJMC,27:02,Resolved,2025-02-18 12:38:55,2025-02-18 13:05:57
2025-02-18 13:26:11,07:34,NVN2Y7SZJQFJLW0,Technical Support,N73YDXWYJP,24:41,Resolved,2025-02-18 13:33:45,2025-02-18 13:58:26
2025-02-18 13:34:42,00:28,MN5I7B460IARCK9,Account Management,R8XXYL17EA,31:14,Resolved,2025-02-18 13:35:10,2025-02-18 14:06:24
2025-02-18 14:17:38,01:43,D7ABIJ1RBOSVYT0,Technical Support,Z5Z0F8NXL7,33:49,Pending,2025-02-18 14:19:21,2025-02-18 14:53:10
2025-02-18 14:44:02,00:16,BE53L7MVDON3XFF,Technical Support,SGZUTK9YMS,51:01,Resolved,2025-02-18 14:44:18,2025-02-18 15:35:19
2025-02-18 15:12:54,02:24,79TV8N231KGIPCU,Billing,IZKBKAZ8RY,17:34,Resolved,2025-02-18 15:15:18,2025-02-18 15:32:52
2025-02-18 15:53:23,02:11,3GZZ8JT4QWJBFV6,Technical Support,44JS0VDTJH,05:08,Resolved,2025-02-18 15:55:34,2025-02-18 16:00:42
2025-02-18 15:49:45,07:16,0CCFSFPXVIWYNJH,Technical Support,D4AJ1PF4A3,16:29,Resolved,2025-02-18 15:57:01,2025-02-18 16:13:30
2025-02-18 16:29:05,05:44,LN2BTTCGS1EQK43,Billing,7X144YH978,15:51,Resolved,2025-02-18 16:34:49,2025-02-18 16:50:40
2025-02-18 16:43:09,01:55,PPQKG4PY0MJ8W5G,Billing,P0N9BW3KN3,13:47,Resolved,2025-02-18 16:45:04,2025-02-18 16:58:51
2025-02-18 16:43:36,02:58,ONVGC5KUX8X18SF,Billing,NWKUZC5IP3,37:15,Resolved,2025-02-18 16:46:34,2025-02-18 17:23:49
2025-02-18 17:45:47,04:25,4DXXKJPJP1AU5JI,Billing,YPYPG0LW78,33:21,Resolved,2025-02-18 17:50:12,2025-02-18 18:23:33
2025-02-18 18:37:25,06:09,L2RKXNNLGHH16OZ,General Inquiry,HM6AWFF2KK,46:55,Resolved,2025-02-18 18:43:34,2025-02-18 19:30:29
2025-02-18 18:49:02,01:02,EI4I8BOS8HJPUOF,Technical Support,XC9RIVKYVO,21:47,Resolved,2025-02-18 18:50:04,2025-02-18 19:11:51
2025-02-18 19:11:20,01:01,E29XPUR1ZSJ1Q81,Billing,R8XXYL17EA,37:50,Resolved,2025-02-18 19:12:21,2025-02-18 19:50:11
2025-02-18 19:27:25,07:46,4DYDBAM19CEGVFE,General Inquiry,0761T5NPZW,08:10,Resolved,2025-02-18 19:35:11,2025-02-18 19:43:21
2025-02-18 19:39:57,09:09,33G404RE80RTB94,Billing,O5B5LQ9GGE,54:29,Resolved,2025-02-18 19:49:06,2025-02-18 20:43:35
2025-02-18 20:42:35,00:39,TX0ID7UEA80MOCR,Technical Support,YUAB483264,50:25,Pending,2025-02-18 20:43:14,2025-02-18 21:33:39
2025-02-18 20:55:06,08:55,LL6X47KGXKNKCR0,Technical Support,Y1HYMXI45H,44:18,Resolved,2025-02-18 21:04:01,2025-02-18 21:48:19
2025-02-18 21:35:14,04:33,WABRQ3ROYHJTIGN,Billing,Z7LLIDN5OS,16:12,Resolved,2025-02-18 21:39:47,2025-02-18 21:55:59
2025-02-18 22:20:48,02:32,XJKL0YVOO9S5P1H,Technical Support,YPYPG0LW78,51:12,Resolved,2025-02-18 22:23:20,2025-02-18 23:14:32
2025-02-18 22:26:51,00:42,VUUDK3XAZXZ9W0I,General Inquiry,1L5GLHAFEB,44:04,Resolved,2025-02-18 22:27:33,2025-02-18 23:11:37
2025-02-19 00:48:27,01:15,IQ37N9EUJ232071,General Inquiry,7FVFE6CUFZ,38:03,Resolved,2025-02-19 00:49:42,2025-02-19 01:27:45
2025-02-19 00:53:41,03:58,23H46YP6IYGKUT8,Billing,7OCTF99Y2J,58:42,Resolved,2025-02-19 00:57:39,2025-02-19 01:56:21
2025-02-19 01:08:07,06:34,SBTQUP24JS16BE6,Technical Support,17UN2SAOKL,45:18,Resolved,2025-02-19 01:14:41,2025-02-19 01:59:59
2025-02-19 03:03:21,02:22,9PSUZ8P1VLD5J5A,General Inquiry,Z7LLIDN5OS,22:27,Resolved,2025-02-19 03:05:43,2025-02-19 03:28:10
2025-02-19 04:21:10,04:25,LJKA4RFMA1L0X5D,Billing,3ZYBQMTA2D,13:48,Resolved,2025-02-19 04:25:35,2025-02-19 04:39:23
2025-02-19 04:23:39,07:01,HBGW36DRRL56V5E,Technical Support,Z5Z0F8NXL7,04:38,Resolved,2025-02-19 04:30:40,2025-02-19 04:35:18
2025-02-19 05:35:55,07:02,NOHC202M8UXNUT1,Technical Support,V2TPUT8ER8,34:38,Resolved,2025-02-19 05:42:57,2025-02-19 06:17:35
2025-02-19 07:06:18,02:41,C7PBFGNAW3A3T0D,Technical Support,Y3PU7SF7MX,09:11,Resolved,2025-02-19 07:08:59,2025-02-19 07:18:10
2025-02-19 07:57:55,03:12,8YELK9Y3KUW42Q9,Technical Support,YPK1BT8J0S,25:00,Pending,2025-02-19 08:01:07,2025-02-19 08:26:07
2025-02-19 08:35:54,08:53,WACCI8OB7EQYXZR,Billing,V20HMRVLGQ,53:11,Resolved,2025-02-19 08:44:47,2025-02-19 09:37:58
2025-02-19 09:34:07,02:45,J36PBRNBUULD087,Account Management,E5O2YP19ZM,32:32,Resolved,2025-02-19 09:36:52,2025-02-19 10:09:24
2025-02-19 09:55:02,08:46,J1AM8VVR3CKFSRF,Billing,KVJV1E2HB9,45:25,Resolved,2025-02-19 10:03:48,2025-02-19 10:49:13
2025-02-19 10:45:10,05:29,5RS9GURW50MS54O,Technical Support,VD1D20T3OW,12:20,Resolved,2025-02-19 10:50:39,2025-02-19 11:02:59
2025-02-19 12:11:54,01:59,CSXOJ6Q8M6SXR9J,Billing,S4XQITBP4P,02:38,Resolved,2025-02-19 12:13:53,2025-02-19 12:16:31
2025-02-19 13:49:38,06:28,JC4M5PBWYLC5VK9,Technical Support,OCP7VPN3M0,54:35,Resolved,2025-02-19 13:56:06,2025-02-19 14:50:41
2025-02-19 13:53:19,09:48,2JDET64URYTV15M,Technical Support,OJG75KVJ38,28:38,Resolved,2025-02-19 14:03:07,2025-02-19 14:31:45
2025-02-19 14:40:16,05:05,JGZWSO298YMOJ0P,Technical Support,ZJPTZCGQML,40:25,Resolved,2025-02-19 14:45:21,2025-02-19 15:25:46
2025-02-19 15:20:50,07:10,FAJSM4O68K22O4S,Technical Support,XC9RIVKYVO,09:39,Escalated,2025-02-19 15:28:00,2025-02-19 15:37:39
2025-02-19 16:49:21,05:52,TU5O59ZA3HYMWQO,Billing,X6943R0AP1,30:32,Resolved,2025-02-19 16:55:13,2025-02-19 17:25:45
2025-02-19 17:30:23,07:38,00SUZICOHGU8OD3,Technical Support,8U07NRPZ6W,11:02,Resolved,2025-02-19 17:38:01,2025-02-19 17:49:03
2025-02-19 19:03:52,00:16,0JIB0MJGSIB5HXY,Technical Support,Y5JKXHF0W0,32:42,Resolved,2025-02-19 19:04:08,2025-02-19 19:36:50
2025-02-19 19:00:43,09:46,60VPMYL0SP5Y1MA,General Inquiry,33J1JTE15V,29:58,Resolved,2025-02-19 19:10:29,2025-02-19 19:40:27
2025-02-19 20:13:56,08:20,9Q3P7LHEPOSSNRH,Technical Support,PZW9S611IJ,54:53,Resolved,2025-02-19 20:22:16,2025-02-19 21:17:09
2025-02-19 20:19:29,06:12,0976R0HSNNF1WK3,Feedback,Y3QO4LFI83,34:59,Resolved,2025-02-19 20:25:41,2025-02-19 21:00:40
2025-02-19 21:57:29,03:42,R6QEMV836Q0TVK0,Account Management,LA6EDSJ032,16:51,Resolved,2025-02-19 22:01:11,2025-02-19 22:18:02
2025-02-19 22:38:57,05:59,5R83C3VSQYN824C,Technical Support,4TVJ7VC77N,38:23,Resolved,2025-02-19 22:44:56,2025-02-19 23:23:19
2025-02-19 22:44:39,02:20,XDNE5CAR8DIEXW2,Technical Support,PEVGAFDH75,36:00,Resolved,2025-02-19 22:46:59,2025-02-19 23:22:59
2025-02-20 02:34:10,05:08,W3VVFD0I83HC4Z6,Service Outage,1MB4ZJGMD3,44:37,Resolved,2025-02-20 02:39:18,2025-02-20 03:23:55
2025-02-20 02:51:38,08:25,6JY6W4CS641SAKB,Billing,8U07NRPZ6W,47:18,Resolved,2025-02-20 03:00:03,2025-02-20 03:47:21
2025-02-20 04:46:37,02:29,W6WE8M24JHLHGCR,Technical Support,Y5JKXHF0W0,29:46,Resolved,2025-02-20 04:49:06,2025-02-20 05:18:52
2025-02-20 04:58:59,04:57,5HPWUVRIIAEKZFQ,Technical Support,28OUVNJ3FH,11:36,Resolved,2025-02-20 05:03:56,2025-02-20 05:15:32
2025-02-20 05:47:39,04:24,HYHD0KH60T8F1BF,Account Management,WDJUM9AV28,34:00,Resolved,2025-02-20 05:52:03,2025-02-20 06:26:03
2025-02-20 06:14:05,06:46,KP8IWNNKVBFPPSL,Technical Support,PZ03EAIP33,50:43,Resolved,2025-02-20 06:20:51,2025-02-20 07:11:34
2025-02-20 06:24:16,07:14,6LNJ13V74C9KH68,General Inquiry,YUAB483264,21:24,Resolved,2025-02-20 06:31:30,2025-02-20 06:52:54
2025-02-20 07:41:28,01:12,D4UEIRUVGHEQNO3,Technical Support,SMDTYF01A6,50:23,Resolved,2025-02-20 07:42:40,2025-02-20 08:33:03
2025-02-20 08:09:19,06:07,S2A4QMPYTRHL6BX,Technical Support,1IXDU7LJ7N,52:21,Resolved,2025-02-20 08:15:26,2025-02-20 09:07:47
2025-02-20 08:28:26,03:42,9R9VAVNJFJSVL7F,Feedback,XE5WIXCMS6,54:20,Resolved,2025-02-20 08:32:08,2025-02-20 09:26:28
2025-02-20 09:49:39,07:26,V8SKBR31YLH7ZTQ,Account Management,UO4AZA5ZTW,21:38,Resolved,2025-02-20 09:57:05,2025-02-20 10:18:43
2025-02-20 09:54:36,08:29,RP6OUL04RCDZ5T2,Technical Support,39FAPH8540,54:02,Resolved,2025-02-20 10:03:05,2025-02-20 10:57:07
2025-02-20 10:22:18,04:33,VG2AUQWJI8C8PUC,Billing,6HLV8VQK6Q,03:57,Resolved,2025-02-20 10:26:51,2025-02-20 10:30:48
2025-02-20 11:46:08,06:22,SXVAEG9A5AWPCNT,Technical Support,YPYPG0LW78,45:15,Pending,2025-02-20 11:52:30,2025-02-20 12:37:45
2025-02-20 12:05:34,00:34,U543LXVT5HGF71J,Technical Support,EOKEEITLLV,50:23,Resolved,2025-02-20 12:06:08,2025-02-20 12:56:31
2025-02-20 12:42:27,03:08,JV86W9WSHMYARQO,Technical Support,OJG75KVJ38,53:46,Resolved,2025-02-20 12:45:35,2025-02-20 13:39:21
2025-02-20 13:15:45,06:30,XZCSLM6GQ8UL9J7,Technical Support,HHAMF970JF,26:27,Resolved,2025-02-20 13:22:15,2025-02-20 13:48:42
2025-02-20 13:57:49,03:44,GQ9ODUJUBJFQFTT,Billing,4T5D6A26PA,36:42,Resolved,2025-02-20 14:01:33,2025-02-20 14:38:15
2025-02-20 17:27:24,07:29,DZPIPBCLKGREQTI,General Inquiry,0CT6B8KL4F,48:51,Resolved,2025-02-20 17:34:53,2025-02-20 18:23:44
2025-02-20 18:11:11,01:41,H4U22EF37O232E1,Billing,O8C1FO5MR8,07:26,Resolved,2025-02-20 18:12:52,2025-02-20 18:20:18
2025-02-20 18:19:05,09:31,VTAKX0RLNVR7U0I,Technical Support,GPP6YGP8D0,34:02,Resolved,2025-02-20 18:28:36,2025-02-20 19:02:38
2025-02-20 18:22:29,09:06,S1H7N9NSPVDV6P0,Technical Support,YUAB483264,04:38,Resolved,2025-02-20 18:31:35,2025-02-20 18:36:13
2025-02-20 19:27:27,00:20,44X9XDJ31ZCEUC5,General Inquiry,LA6EDSJ032,29:43,Resolved,2025-02-20 19:27:47,2025-02-20 19:57:30
2025-02-20 19:52:58,00:20,EIKRLCPXICOVSQF,Billing,7OCTF99Y2J,13:40,Resolved,2025-02-20 19:53:18,2025-02-20 20:06:58
2025-02-20 21:06:04,00:36,O15IKTVS9PQU4XZ,Technical Support,8JCHDLU8MR,20:29,Resolved,2025-02-20 21:06:40,2025-02-20 21:27:09
2025-02-20 21:33:48,03:02,TZ7CHMLHMBAILSM,Technical Support,IQ5EGW2YXB,07:48,Resolved,2025-02-20 21:36:50,2025-02-20 21:44:38
2025-02-20 22:20:27,04:14,8NARPQ9PV6FDWXV,Technical Support,RKZOW9FAW4,32:37,Resolved,2025-02-20 22:24:41,2025-02-20 22:57:18
2025-02-20 23:05:14,08:43,F37QF05TCLRSV11,Billing,GPP6YGP8D0,56:22,Resolved,2025-02-20 23:13:57,2025-02-21 00:10:19
2025-02-20 23:28:14,06:53,CLMWTVFCP9Q4U2M,General Inquiry,SGZUTK9YMS,50:50,Resolved,2025-02-20 23:35:07,2025-02-21 00:25:57
2025-02-21 00:05:31,03:04,SD59HFIUWEBIX2T,Billing,Y3QO4LFI83,07:37,Resolved,2025-02-21 00:08:35,2025-02-21 00:16:12
2025-02-21 01:51:51,00:50,PJR005U0AF7G4XP,Billing,GVLOFG1PYV,05:21,Resolved,2025-02-21 01:52:41,2025-02-21 01:58:02
2025-02-21 02:11:06,06:03,XTJRNKMMIPZCSZJ,Account Management,8JCHDLU8MR,37:38,Pending,2025-02-21 02:17:09,2025-02-21 02:54:47
2025-02-21 02:55:37,09:08,OPC3YIMWUG53KSH,Technical Support,X6943R0AP1,30:18,Resolved,2025-02-21 03:04:45,2025-02-21 03:35:03
2025-02-21 03:20:10,04:25,XF5QCWR7NENB2YS,Technical Support,R8XXYL17EA,06:11,Resolved,2025-02-21 03:24:35,2025-02-21 03:30:46
2025-02-21 05:13:16,02:05,AHC8HT9GNNGYLS0,Technical Support,DOWWGH832F,47:04,Resolved,2025-02-21 05:15:21,2025-02-21 06:02:25
2025-02-21 07:00:56,03:51,60OKE7TJIMAEFIN,Billing,TJDWLI1WIX,50:13,Resolved,2025-02-21 07:04:47,2025-02-21 07:55:00
2025-02-21 06:58:55,06:22,IWWBK59B0KWNY2I,Technical Support,2AYZTIKJXT,45:29,Resolved,2025-02-21 07:05:17,2025-02-21 07:50:46
2025-02-21 07:16:25,09:31,PNS77FZND8L722Z,Technical Support,39FAPH8540,13:53,Resolved,2025-02-21 07:25:56,2025-02-21 07:39:49
2025-02-21 07:45:33,03:34,GI9LSXIJHWZ1LZA,Technical Support,AT7A0210XJ,50:54,Resolved,2025-02-21 07:49:07,2025-02-21 08:40:01
2025-02-21 08:03:41,06:32,QXAO9GGQ8WIY07H,General Inquiry,XHPLT6KOIS,26:17,Resolved,2025-02-21 08:10:13,2025-02-21 08:36:30
2025-02-21 08:58:57,07:46,00LPU8EXAQEK9JJ,Technical Support,DHDIAGAL5D,43:15,Resolved,2025-02-21 09:06:43,2025-02-21 09:49:58
2025-02-21 09:10:53,07:55,4OKZTY0NBU59SZC,General Inquiry,YI15YKJ0XL,16:51,Resolved,2025-02-21 09:18:48,2025-02-21 09:35:39
2025-02-21 10:03:39,07:43,WSH0U43JEM6COZL,General Inquiry,EOKEEITLLV,52:56,Resolved,2025-02-21 10:11:22,2025-02-21 11:04:18
2025-02-21 10:19:51,01:21,0L7V0ESDKF1WJFQ,Technical Support,HOHX6DGGJB,41:04,Resolved,2025-02-21 10:21:12,2025-02-21 11:02:16
2025-02-21 10:40:47,08:00,2HQNBZHH3RY75OL,Technical Support,HHAMF970JF,02:02,Resolved,2025-02-21 10:48:47,2025-02-21 10:50:49
2025-02-21 11:10:54,08:32,WQHPM2XNRFYW91X,Billing,9M3ML175YY,56:55,Resolved,2025-02-21 11:19:26,2025-02-21 12:16:21
2025-02-21 12:03:26,02:41,UOWRTZ3455I41BF,General Inquiry,ADYOBJZDW6,15:02,Resolved,2025-02-21 12:06:07,2025-02-21 12:21:09
2025-02-21 12:01:32,09:31,IVFCT1B2ARUR84V,Billing,3V48BHVVEW,09:10,Resolved,2025-02-21 12:11:03,2025-02-21 12:20:13
2025-02-21 12:42:38,07:44,PE1XKHQANXPT02U,Account Management,KCP6C30POO,37:44,Resolved,2025-02-21 12:50:22,2025-02-21 13:28:06
2025-02-21 12:54:34,01:31,QLCQBEEB4JDSJQ0,Account Management,31KAB3AA8M,58:33,Resolved,2025-02-21 12:56:05,2025-02-21 13:54:38
2025-02-21 14:07:32,02:14,DDQLB86BAABMU5B,Technical Support,XI049RV3AX,48:08,Resolved,2025-02-21 14:09:46,2025-02-21 14:57:54
2025-02-21 14:52:05,08:58,L2FVKDW24OMPWA2,Service Outage,XP8FC5XRN6,34:46,Resolved,2025-02-21 15:01:03,2025-02-21 15:35:49
2025-02-21 16:03:16,05:34,DPEAFA2712ROBTV,Technical Support,ZJPTZCGQML,43:58,Pending,2025-02-21 16:08:50,2025-02-21 16:52:48
2025-02-21 16:35:59,00:46,D1S7RAL0AHE316K,Technical Support,1UKGNEP8Q3,15:55,Resolved,2025-02-21 16:36:45,2025-02-21 16:52:40
2025-02-21 16:48:27,04:31,SVLN4Z0KQXGIFHN,Technical Support,LA6EDSJ032,18:08,Resolved,2025-02-21 16:52:58,2025-02-21 17:11:06
2025-02-21 18:09:10,07:34,KWWNJ6YPP08TQHL,Billing,1IXDU7LJ7N,15:31,Resolved,2025-02-21 18:16:44,2025-02-21 18:32:15
2025-02-21 18:13:27,09:28,WQJE36O162OYFLD,Feedback,AT7A0210XJ,28:05,Resolved,2025-02-21 18:22:55,2025-02-21 18:51:00
2025-02-21 19:37:16,02:14,Q5MLOAOVFCWK47P,General Inquiry,D4AJ1PF4A3,14:07,Resolved,2025-02-21 19:39:30,2025-02-21 19:53:37
2025-02-21 20:17:24,03:47,DD2P6OCEN9JK0MY,Technical Support,ZS56A0DGC5,37:14,Resolved,2025-02-21 20:21:11,2025-02-21 20:58:25
2025-02-21 21:28:04,08:50,DCTZYUATT1IYT5Y,Billing,ADM4GLNMAU,20:02,Resolved,2025-02-21 21:36:54,2025-02-21 21:56:56
2025-02-21 21:35:40,01:21,M4SCSXTHU4A1MYV,Technical Support,XNFZ8S7SGX,57:27,Resolved,2025-02-21 21:37:01,2025-02-21 22:34:28
2025-02-21 23:56:08,08:55,6G1CX9YVK5F3R65,Technical Support,4WW6XQA6RW,32:11,Resolved,2025-02-22 00:05:03,2025-02-22 00:37:14
2025-02-22 00:52:02,09:30,EWNHKC6258A4X0T,Technical Support,XE5WIXCMS6,10:16,Pending,2025-02-22 01:01:32,2025-02-22 01:11:48
2025-02-22 01:07:59,07:06,6Z7Z26OW9T3CY7Q,Technical Support,HDCBSCKPWK,24:05,Resolved,2025-02-22 01:15:05,2025-02-22 01:39:10
2025-02-22 01:36:18,01:58,MUT63BSPJPHI28L,Technical Support,54X1HVG1MX,10:12,Resolved,2025-02-22 01:38:16,2025-02-22 01:48:28
2025-02-22 02:59:46,05:27,LW1BFG1DBE6Y68V,Technical Support,X3A9VTDJEX,17:38,Resolved,2025-02-22 03:05:13,2025-02-22 03:22:51
2025-02-22 03:39:25,07:53,WGT5D4SZ1LQXX4Z,Technical Support,WDJUM9AV28,05:22,Resolved,2025-02-22 03:47:18,2025-02-22 03:52:40
2025-02-22 05:19:33,05:28,X6CDGAXYF7SQYP0,General Inquiry,84BIZX56CX,08:13,Resolved,2025-02-22 05:25:01,2025-02-22 05:33:14
2025-02-22 05:34:41,09:56,0YN4HBQL9X1JP14,General Inquiry,IQ5EGW2YXB,58:34,Resolved,2025-02-22 05:44:37,2025-02-22 06:43:11
2025-02-22 05:57:55,04:28,TL10HBDSAD8WXH6,General Inquiry,ZJPTZCGQML,51:38,Resolved,2025-02-22 06:02:23,2025-02-22 06:54:01
2025-02-22 07:17:24,06:14,UUR6WP5LQNK8YC9,Technical Support,UU8K4SSRXB,29:25,Escalated,2025-02-22 07:23:38,2025-02-22 07:53:03
2025-02-22 07:42:27,08:32,A47HB6LNPVK83PQ,Technical Support,YPK1BT8J0S,27:22,Resolved,2025-02-22 07:50:59,2025-02-22 08:18:21
2025-02-22 07:44:39,09:45,130P5O7S4KKO4SY,Technical Support,COSU7XWCCI,31:43,Resolved,2025-02-22 07:54:24,2025-02-22 08:26:07
2025-02-22 08:57:55,03:49,R6BS34Q1NWY1D8X,Technical Support,XC9RIVKYVO,34:15,Resolved,2025-02-22 09:01:44,2025-02-22 09:35:59
2025-02-22 10:26:48,02:27,FH4S9V8457JOJ5F,Technical Support,XI049RV3AX,21:29,Resolved,2025-02-22 10:29:15,2025-02-22 10:50:44
2025-02-22 11:28:10,00:25,80YPXRVH6A9PJ7J,Service Outage,JTHTSTBZJK,14:25,Pending,2025-02-22 11:28:35,2025-02-22 11:43:00
2025-02-22 12:30:33,09:27,FKNXGJULJWRPZ3N,Technical Support,XP8FC5XRN6,41:25,Resolved,2025-02-22 12:40:00,2025-02-22 13:21:25
2025-02-22 13:13:52,00:34,AG3JWKXD5QDJZP5,Technical Support,9M3ML175YY,32:00,Resolved,2025-02-22 13:14:26,2025-02-22 13:46:26
2025-02-22 14:06:26,05:59,RQKFTADJKVS12PE,Technical Support,6X3YD9OB2R,06:36,Resolved,2025-02-22 14:12:25,2025-02-22 14:19:01
2025-02-22 14:10:03,04:15,FP82I8ZBJQ7PNOP,Billing,GVLOFG1PYV,48:05,Resolved,2025-02-22 14:14:18,2025-02-22 15:02:23
2025-02-22 14:48:17,03:32,76W5ZDSQ5JB1GEO,General Inquiry,4T5D6A26PA,39:26,Resolved,2025-02-22 14:51:49,2025-02-22 15:31:15
2025-02-22 15:31:16,06:51,YHXUZ9JGDXUUKR8,Account Management,GFAPSA0GZ7,37:46,Escalated,2025-02-22 15:38:07,2025-02-22 16:15:53
2025-02-22 15:46:01,04:01,8V486MPLEO2GB8W,Service Outage,D40MTMDIVI,43:06,Resolved,2025-02-22 15:50:02,2025-02-22 16:33:08
2025-02-22 16:00:31,07:40,PUPH0UIF6YFUO85,Technical Support,1L5GLHAFEB,05:39,Resolved,2025-02-22 16:08:11,2025-02-22 16:13:50
2025-02-22 16:59:25,06:19,51VOGNYVQVCJNC0,Technical Support,12DTJCOZP9,32:13,Resolved,2025-02-22 17:05:44,2025-02-22 17:37:57
2025-02-22 17:38:12,05:58,ZOVKJ4JC90SXQFA,Billing,NNI0IVHS1M,48:55,Pending,2025-02-22 17:44:10,2025-02-22 18:33:05
2025-02-22 18:11:47,02:55,WSZ2BLV3PHIY2CU,Service Outage,KCP6C30POO,13:41,Resolved,2025-02-22 18:14:42,2025-02-22 18:28:23
2025-02-22 18:20:35,00:54,UDBV9X7SY711TDQ,General Inquiry,0761T5NPZW,50:17,Resolved,2025-02-22 18:21:29,2025-02-22 19:11:46
2025-02-22 18:39:02,04:44,863O2X4XG4ZZI7X,Technical Support,MP7H6OVL7T,42:25,Resolved,2025-02-22 18:43:46,2025-02-22 19:26:11
2025-02-22 20:31:49,03:42,U9XW5VS52RYXLIN,Account Management,DHDIAGAL5D,45:36,Resolved,2025-02-22 20:35:31,2025-02-22 21:21:07
2025-02-22 20:34:01,05:40,54YIVWXANB5V51V,General Inquiry,CUTPTYVKGA,31:18,Resolved,2025-02-22 20:39:41,2025-02-22 21:10:59
2025-02-22 20:41:15,06:04,3NKM78PS8KSW50W,Technical Support,N7UU5OO1DB,22:13,Resolved,2025-02-22 20:47:19,2025-02-22 21:09:32
2025-02-22 20:44:37,08:36,BW5O7C351144ZZ7,Billing,ZS56A0DGC5,09:13,Resolved,2025-02-22 20:53:13,2025-02-22 21:02:26
2025-02-23 00:03:38,04:20,48XGAU0M716OYB7,Billing,WL0Y0R0O9V,25:20,Resolved,2025-02-23 00:07:58,2025-02-23 00:33:18
2025-02-23 00:23:14,09:45,C2SEH1R7QI73D02,Account Management,XOHMTMZEUN,30:51,Resolved,2025-02-23 00:32:59,2025-02-23 01:03:50
2025-02-23 02:00:09,01:19,L2XMG326WJOVGPB,Billing,HCAJOQF4ID,37:06,Escalated,2025-02-23 02:01:28,2025-02-23 02:38:34
2025-02-23 03:30:55,09:07,GA4YDOMO2HJHH44,Service Outage,YUAB483264,07:20,Resolved,2025-02-23 03:40:02,2025-02-23 03:47:22
2025-02-23 03:55:38,09:54,INRCDT9NF65WH8U,General Inquiry,3ZYBQMTA2D,25:12,Resolved,2025-02-23 04:05:32,2025-02-23 04:30:44
2025-02-23 04:41:42,08:17,CP9OO7WCY743JB5,Technical Support,E5O2YP19ZM,02:43,Resolved,2025-02-23 04:49:59,2025-02-23 04:52:42
2025-02-23 05:02:47,04:32,B87RTNGPL4O4DYE,Technical Support,3V48BHVVEW,52:34,Resolved,2025-02-23 05:07:19,2025-02-23 05:59:53
2025-02-23 06:46:04,10:00,DJ9ZUNMAMX49J37,Billing,7YEQF534VU,45:19,Resolved,2025-02-23 06:56:04,2025-02-23 07:41:23
2025-02-23 08:23:25,08:55,BGTSX95VWVVUAP2,Billing,F33U576PJU,42:47,Resolved,2025-02-23 08:32:20,2025-02-23 09:15:07
2025-02-23 08:41:55,07:31,JAWSGOP6LT1UIQR,Billing,84BIZX56CX,31:05,Resolved,2025-02-23 08:49:26,2025-02-23 09:20:31
2025-02-23 12:26:55,09:58,NTVMJR3KZ9HU0UB,Technical Support,S6O4QFAVC5,23:25,Resolved,2025-02-23 12:36:53,2025-02-23 13:00:18
2025-02-23 13:30:37,08:01,DJG1IK134ESCLCE,Technical Support,FCT1GG1XFB,52:52,Resolved,2025-02-23 13:38:38,2025-02-23 14:31:30
2025-02-23 14:03:08,05:47,11VRD9MD8ZG9Y5L,Technical Support,VCEXE0YWOO,50:38,Resolved,2025-02-23 14:08:55,2025-02-23 14:59:33
2025-02-23 14:33:42,01:19,NMSSXN0NHWHRBBL,Technical Support,7YEQF534VU,05:10,Resolved,2025-02-23 14:35:01,2025-02-23 14:40:11
2025-02-23 14:34:56,01:12,WIP46UL7HOZNL1A,Technical Support,KW1AUC5UYS,55:15,Pending,2025-02-23 14:36:08,2025-02-23 15:31:23
2025-02-23 14:47:03,03:19,6IIDXGA9LOGSQ1K,Billing,9Q68LCMIE2,36:19,Resolved,2025-02-23 14:50:22,2025-02-23 15:26:41
2025-02-23 17:23:36,08:35,P9ON78Q8WSPV1AS,Technical Support,1L5G1X36NW,39:53,Resolved,2025-02-23 17:32:11,2025-02-23 18:12:04
2025-02-23 17:51:12,07:58,PAPV5JI0GPDTQS3,Technical Support,5VEP98O7UQ,37:45,Pending,2025-02-23 17:59:10,2025-02-23 18:36:55
2025-02-23 18:58:52,00:36,CNX601KW7AW7VKA,Technical Support,HM6AWFF2KK,42:31,Resolved,2025-02-23 18:59:28,2025-02-23 19:41:59
2025-02-23 19:37:16,07:02,G3EFZYB3Y4AI1R4,Account Management,35X3AAFLCD,41:55,Pending,2025-02-23 19:44:18,2025-02-23 20:26:13
2025-02-23 20:27:12,00:25,R42QKBVRT6I8SOX,Technical Support,37DNZDU8U3,56:13,Resolved,2025-02-23 20:27:37,2025-02-23 21:23:50
2025-02-23 20:34:30,01:39,V9047FL4ALUA4Z8,Technical Support,1UKGNEP8Q3,48:31,Resolved,2025-02-23 20:36:09,2025-02-23 21:24:40
2025-02-23 21:49:59,02:17,8FXJQGWRN4A27ZT,Technical Support,7X144YH978,13:33,Resolved,2025-02-23 21:52:16,2025-02-23 22:05:49
2025-02-23 22:02:13,01:43,MYMIWN64URK6MFM,Technical Support,80CPEP3UQC,16:42,Resolved,2025-02-23 22:03:56,2025-02-23 22:20:38
2025-02-23 22:55:13,06:10,IQZ6AG9KCRXGIMK,Technical Support,9Q68LCMIE2,32:29,Resolved,2025-02-23 23:01:23,2025-02-23 23:33:52
2025-02-23 23:12:54,06:28,SY9L5R4593DMLO6,Technical Support,LUWWI3OOZ7,41:24,Resolved,2025-02-23 23:19:22,2025-02-24 00:00:46
2025-02-23 23:42:02,09:26,Z0L064VH1VTGCE4,Account Management,7MBSDGR63V,44:41,Resolved,2025-02-23 23:51:28,2025-02-24 00:36:09
2025-02-24 01:00:17,01:17,XK69SD6A10V3UAR,Billing,8ACJRX8UY3,55:03,Pending,2025-02-24 01:01:34,2025-02-24 01:56:37
2025-02-24 00:56:40,06:26,SG4U0CNS4E5KNAW,Billing,PM9YVO7WKX,17:21,Resolved,2025-02-24 01:03:06,2025-02-24 01:20:27
2025-02-24 02:00:34,05:40,OY1J3O08ERIXJK3,Technical Support,UU8K4SSRXB,18:27,Pending,2025-02-24 02:06:14,2025-02-24 02:24:41
2025-02-24 02:10:44,00:22,LRCP1OEOMB86RDM,Technical Support,C3IK5WEMJQ,21:48,Resolved,2025-02-24 02:11:06,2025-02-24 02:32:54
2025-02-24 02:07:13,04:21,LBNQIGVKZ9X5LYS,Service Outage,S6VZ0HTHQP,29:12,Resolved,2025-02-24 02:11:34,2025-02-24 02:40:46
2025-02-24 02:57:37,04:21,M1VNE73CYUWOOTX,Technical Support,S4XQITBP4P,10:30,Resolved,2025-02-24 03:01:58,2025-02-24 03:12:28
2025-02-24 03:33:34,08:02,201SC56SP2RBQWN,Technical Support,PZW9S611IJ,03:59,Pending,2025-02-24 03:41:36,2025-02-24 03:45:35
2025-02-24 03:57:59,02:26,J5XTK1TFR0FJ9HN,Billing,G708AXCHKB,54:39,Resolved,2025-02-24 04:00:25,2025-02-24 04:55:04
2025-02-24 04:20:01,03:27,89C29UZATTKWBS0,Technical Support,37DNZDU8U3,05:37,Resolved,2025-02-24 04:23:28,2025-02-24 04:29:05
2025-02-24 04:32:55,07:49,JYJACTE0BSSDLS9,Billing,F33U576PJU,02:04,Resolved,2025-02-24 04:40:44,2025-02-24 04:42:48
2025-02-24 06:48:13,02:29,6NMXVZA2L6O844G,Technical Support,7OCTF99Y2J,28:45,Resolved,2025-02-24 06:50:42,2025-02-24 07:19:27
2025-02-24 07:00:18,01:40,9QZ3AR3FLGAGRSS,Service Outage,H3AQCCB852,43:56,Resolved,2025-02-24 07:01:58,2025-02-24 07:45:54
2025-02-24 07:51:44,06:52,A0IMA6HLUJFGKOH,Billing,B1P6SR1QFX,50:26,Resolved,2025-02-24 07:58:36,2025-02-24 08:49:02
2025-02-24 08:57:14,04:51,OSYTU6BYD9UGDMC,Technical Support,5VNLH19TUN,40:02,Resolved,2025-02-24 09:02:05,2025-02-24 09:42:07
2025-02-24 09:14:20,01:27,1J6WJ4SCVYLTB2B,General Inquiry,37DNZDU8U3,09:52,Resolved,2025-02-24 09:15:47,2025-02-24 09:25:39
2025-02-24 09:21:31,09:39,EH9AV28VGUW3LOI,Technical Support,5ON31129US,42:44,Pending,2025-02-24 09:31:10,2025-02-24 10:13:54
2025-02-24 09:34:58,04:37,YAMAIIYTTVZ9T5Q,Technical Support,XC9RIVKYVO,14:05,Resolved,2025-02-24 09:39:35,2025-02-24 09:53:40
2025-02-24 09:40:42,06:52,WQKFJMHFR32D4GB,Feedback,1XGII9RM6R,20:02,Resolved,2025-02-24 09:47:34,2025-02-24 10:07:36
2025-02-24 10:21:22,03:19,QCSO10B55XE1SUF,Feedback,PZW9S611IJ,45:08,Resolved,2025-02-24 10:24:41,2025-02-24 11:09:49
2025-02-24 10:24:17,00:41,09PG2XU96ZU0H79,Billing,V20HMRVLGQ,52:27,Resolved,2025-02-24 10:24:58,2025-02-24 11:17:25
2025-02-24 10:46:54,06:31,WM6V1KENRNJ9EXX,Service Outage,1VG1M0PIBT,31:22,Resolved,2025-02-24 10:53:25,2025-02-24 11:24:47
2025-02-24 11:31:45,05:27,9TSB0AANJXI74O5,Technical Support,V5V4TS8NDE,29:34,Resolved,2025-02-24 11:37:12,2025-02-24 12:06:46
2025-02-24 12:15:44,05:33,5WDXG0431FC96RR,Billing,HWCQ2TQ0IY,41:01,Resolved,2025-02-24 12:21:17,2025-02-24 13:02:18
2025-02-24 12:45:28,00:18,GB0RASZIHFQ4YK1,Billing,ZJPTZCGQML,40:16,Resolved,2025-02-24 12:45:46,2025-02-24 13:26:02
2025-02-24 12:47:09,02:37,E7DVRRW459FS97T,Account Management,Y5JKXHF0W0,11:49,Resolved,2025-02-24 12:49:46,2025-02-24 13:01:35
2025-02-24 14:24:25,05:12,DQBLWKF5089H6JO,Billing,IQ5EGW2YXB,07:49,Escalated,2025-02-24 14:29:37,2025-02-24 14:37:26
2025-02-24 15:09:06,07:29,CBJ4MORCUX26MB2,Technical Support,V62ER53MJK,58:50,Resolved,2025-02-24 15:16:35,2025-02-24 16:15:25
2025-02-24 15:17:48,05:02,VLP6UP6WBF8E92H,Account Management,Q10PNJQJMC,10:53,Resolved,2025-02-24 15:22:50,2025-02-24 15:33:43
2025-02-24 16:19:04,04:37,UCVENZ8VRFR0QHX,Billing,2ALL1VH8LI,55:52,Resolved,2025-02-24 16:23:41,2025-02-24 17:19:33
2025-02-24 16:21:34,04:39,9FBQYP3UKG6GGTT,Technical Support,EOKEEITLLV,51:59,Resolved,2025-02-24 16:26:13,2025-02-24 17:18:12
2025-02-24 16:25:53,09:56,LI11KWGZ14T1J0F,Technical Support,V20HMRVLGQ,18:56,Resolved,2025-02-24 16:35:49,2025-02-24 16:54:45
2025-02-24 16:39:50,06:33,JQHOLJMP4LKOBMO,Technical Support,XH7VE1JYPI,37:54,Resolved,2025-02-24 16:46:23,2025-02-24 17:24:17
2025-02-24 16:59:08,01:28,4VYO06HZXEXWQ43,Billing,HE1LT4J38Z,52:33,Resolved,2025-02-24 17:00:36,2025-02-24 17:53:09
2025-02-24 17:16:17,07:38,17KNQO8MHDT000C,Technical Support,7OCTF99Y2J,51:18,Resolved,2025-02-24 17:23:55,2025-02-24 18:15:13
2025-02-24 20:40:02,01:33,9J74GXA2DG0OPWE,Technical Support,QHQBMUZM7P,10:17,Resolved,2025-02-24 20:41:35,2025-02-24 20:51:52
2025-02-24 22:38:05,00:55,QBBAQJR1TS9RHRX,Billing,NNI0IVHS1M,06:47,Pending,2025-02-24 22:39:00,2025-02-24 22:45:47
2025-02-24 23:11:02,05:21,MMCY1PDBE28LBJE,Billing,WL0Y0R0O9V,30:34,Resolved,2025-02-24 23:16:23,2025-02-24 23:46:57
2025-02-24 23:35:25,05:13,S1AAIZ4EMEN3BPJ,General Inquiry,37DNZDU8U3,12:40,Resolved,2025-02-24 23:40:38,2025-02-24 23:53:18
2025-02-25 01:12:57,05:43,OTF48ZH3BAFZIQI,Technical Support,P0N9BW3KN3,20:17,Resolved,2025-02-25 01:18:40,2025-02-25 01:38:57
2025-02-25 01:25:09,04:24,E9QSU6SQ3ZGKIX6,Billing,UO4AZA5ZTW,04:17,Pending,2025-02-25 01:29:33,2025-02-25 01:33:50
2025-02-25 01:41:50,07:40,2W9B64T7SLXUBNN,Technical Support,7X144YH978,19:03,Resolved,2025-02-25 01:49:30,2025-02-25 02:08:33
2025-02-25 01:50:11,08:01,DH3TOHV9K4LBAMZ,Billing,WKF6TOLNPJ,30:18,Resolved,2025-02-25 01:58:12,2025-02-25 02:28:30
2025-02-25 02:03:49,02:11,RJWKDPN061YEXXR,Account Management,OCP7VPN3M0,31:26,Resolved,2025-02-25 02:06:00,2025-02-25 02:37:26
2025-02-25 02:09:48,00:18,U4FMK2NFSHM11DB,Technical Support,D40MTMDIVI,39:07,Resolved,2025-02-25 02:10:06,2025-02-25 02:49:13
2025-02-25 02:45:42,00:49,YS269IN9OEHYE48,Billing,2ALL1VH8LI,33:04,Resolved,2025-02-25 02:46:31,2025-02-25 03:19:35
2025-02-25 03:41:38,00:50,CRBJUYUMAG82600,Technical Support,8U07NRPZ6W,51:05,Escalated,2025-02-25 03:42:28,2025-02-25 04:33:33
2025-02-25 05:16:54,09:19,140JVT56MZO2ILW,Technical Support,0CT6B8KL4F,11:22,Resolved,2025-02-25 05:26:13,2025-02-25 05:37:35
2025-02-25 05:51:33,06:30,5WNDDDPHBCBCKB3,Billing,TJDWLI1WIX,34:17,Resolved,2025-02-25 05:58:03,2025-02-25 06:32:20
2025-02-25 05:56:31,03:18,UKUY26W1O2IXBU9,Technical Support,XDW8DBKKTA,26:29,Pending,2025-02-25 05:59:49,2025-02-25 06:26:18
2025-02-25 07:10:23,03:53,19F3ZDTVGSC15ZU,Technical Support,VK191ROIQA,07:57,Resolved,2025-02-25 07:14:16,2025-02-25 07:22:13
2025-02-25 07:44:20,08:36,MSYNZ7WMFNUJQ58,Technical Support,YPYPG0LW78,03:07,Resolved,2025-02-25 07:52:56,2025-02-25 07:56:03
2025-02-25 08:03:36,08:42,WRVG05PKICL3LGO,Billing,IZKBKAZ8RY,11:03,Resolved,2025-02-25 08:12:18,2025-02-25 08:23:21
2025-02-25 10:18:31,02:55,OP72GJPLF9V2A5Y,Feedback,6HLV8VQK6Q,14:42,Resolved,2025-02-25 10:21:26,2025-02-25 10:36:08
2025-02-25 10:50:12,00:36,PC7EXI1NSLNIVXF,Account Management,3V48BHVVEW,11:26,Resolved,2025-02-25 10:50:48,2025-02-25 11:02:14
2025-02-25 12:45:46,04:17,PFVGQKU20GBMHVE,Technical Support,PHRUFX08XU,16:21,Resolved,2025-02-25 12:50:03,2025-02-25 13:06:24
2025-02-25 13:07:37,00:24,N3JZSAIRM47LOUJ,Billing,XSD3YKA0T1,03:14,Resolved,2025-02-25 13:08:01,2025-02-25 13:11:15
2025-02-25 15:50:16,03:25,7YIUUZEM3NYJXN0,Technical Support,4WW6XQA6RW,03:34,Resolved,2025-02-25 15:53:41,2025-02-25 15:57:15
2025-02-25 16:10:15,10:00,M0T0P9MQAUNBGXD,Technical Support,289K5JYCRI,22:33,Resolved,2025-02-25 16:20:15,2025-02-25 16:42:48
2025-02-25 16:25:49,06:50,664N4MS3HBRDX2U,Account Management,8ACJRX8UY3,38:59,Pending,2025-02-25 16:32:39,2025-02-25 17:11:38
2025-02-25 18:23:54,06:09,VYA5AY84L5P3JIV,Technical Support,D40MTMDIVI,52:39,Pending,2025-02-25 18:30:03,2025-02-25 19:22:42
2025-02-25 19:51:56,05:13,IOJ59IKVJTFQP79,Technical Support,RKZOW9FAW4,40:28,Resolved,2025-02-25 19:57:09,2025-02-25 20:37:37
2025-02-25 20:02:54,07:41,9RWHDPUNZHCHTJ8,Technical Support,H3AQCCB852,39:35,Resolved,2025-02-25 20:10:35,2025-02-25 20:50:10
2025-02-25 21:28:22,04:09,ETB693FSO9K7AMB,Technical Support,N3QX77XZ3T,21:22,Resolved,2025-02-25 21:32:31,2025-02-25 21:53:53
2025-02-25 23:10:13,08:59,FDMPMRM06A5O37K,Account Management,1XGII9RM6R,26:31,Resolved,2025-02-25 23:19:12,2025-02-25 23:45:43
2025-02-25 23:45:40,02:54,V6VULGGTDMJF8EG,General Inquiry,ZUXH88ENJX,26:58,Pending,2025-02-25 23:48:34,2025-02-26 00:15:32
2025-02-25 23:51:04,04:57,EU80WEFA5HGF8TV,Technical Support,XP8FC5XRN6,36:02,Resolved,2025-02-25 23:56:01,2025-02-26 00:32:03
2025-02-26 00:03:47,05:10,G6ODGOEBSKHLUIG,Technical Support,OCP7VPN3M0,13:39,Resolved,2025-02-26 00:08:57,2025-02-26 00:22:36
2025-02-26 00:06:44,07:27,XC2YEZ08PW1FW33,Billing,MJL5QJH840,12:43,Resolved,2025-02-26 00:14:11,2025-02-26 00:26:54
2025-02-26 02:30:53,06:27,4AWTKFTKPZ94517,Technical Support,17UN2SAOKL,25:13,Escalated,2025-02-26 02:37:20,2025-02-26 03:02:33
2025-02-26 02:48:10,00:25,EWZN5XHLKRMX5N2,Technical Support,BPMJS8EW15,07:25,Resolved,2025-02-26 02:48:35,2025-02-26 02:56:00
2025-02-26 03:12:14,07:01,HUCCW4A9SBE9CS5,Technical Support,P2VQ1VBCR9,04:24,Resolved,2025-02-26 03:19:15,2025-02-26 03:23:39
2025-02-26 03:54:32,03:56,KARFK961Y7K95BI,Billing,8ACJRX8UY3,31:27,Resolved,2025-02-26 03:58:28,2025-02-26 04:29:55
2025-02-26 03:52:21,07:21,YRRL50TDFNDZR7N,Account Management,SGZUTK9YMS,46:39,Resolved,2025-02-26 03:59:42,2025-02-26 04:46:21
2025-02-26 04:05:57,04:02,F20EF0WI3MQ11XH,Technical Support,YA1JOJWQND,31:11,Resolved,2025-02-26 04:09:59,2025-02-26 04:41:10
2025-02-26 05:11:42,02:06,2VBU01H2C95LDOL,Technical Support,31KAB3AA8M,30:29,Resolved,2025-02-26 05:13:48,2025-02-26 05:44:17
2025-02-26 07:22:30,07:24,86KGR2X5APH32IK,Technical Support,TEDTSF5RDM,34:07,Pending,2025-02-26 07:29:54,2025-02-26 08:04:01
2025-02-26 07:44:52,01:21,PY180VRVW1669OU,Technical Support,9JZJVY4LYR,08:46,Resolved,2025-02-26 07:46:13,2025-02-26 07:54:59
2025-02-26 07:42:30,08:02,9BUHTVTZNGIXVV5,Technical Support,P2VQ1VBCR9,19:35,Resolved,2025-02-26 07:50:32,2025-02-26 08:10:07
2025-02-26 08:28:46,05:42,67PXNNYONFBYHKO,Billing,XEWXNQAQ1M,28:46,Pending,2025-02-26 08:34:28,2025-02-26 09:03:14
2025-02-26 08:50:47,05:26,3SA8RQA823WVRWC,Billing,8ACJRX8UY3,36:42,Resolved,2025-02-26 08:56:13,2025-02-26 09:32:55
2025-02-26 10:52:58,08:27,5IBVCC3OSSTW7O5,Technical Support,FCT1GG1XFB,05:50,Escalated,2025-02-26 11:01:25,2025-02-26 11:07:15
2025-02-26 11:34:36,06:58,WFCU5MDAQC9XRYX,Technical Support,8JCHDLU8MR,45:21,Resolved,2025-02-26 11:41:34,2025-02-26 12:26:55
2025-02-26 13:07:57,07:53,HP3EUC1EWKVBMTT,Billing,1IXDU7LJ7N,19:23,Resolved,2025-02-26 13:15:50,2025-02-26 13:35:13
2025-02-26 13:48:25,03:05,NF5MFU4SBD3A1GG,Billing,GPP6YGP8D0,28:30,Resolved,2025-02-26 13:51:30,2025-02-26 14:20:00
2025-02-26 13:53:15,04:12,5B6F5PFA7DJP4E0,Billing,ZUXH88ENJX,10:43,Pending,2025-02-26 13:57:27,2025-02-26 14:08:10
2025-02-26 14:02:46,04:04,M2AFRFHTC52G08A,Technical Support,4WW6XQA6RW,31:45,Resolved,2025-02-26 14:06:50,2025-02-26 14:38:35
2025-02-26 15:32:39,05:06,EOSDS9WHZYS8YSJ,Technical Support,XOHMTMZEUN,31:44,Resolved,2025-02-26 15:37:45,2025-02-26 16:09:29
2025-02-26 17:17:07,07:31,DNZ9Q40N7TALYCN,General Inquiry,UAD4IIQV37,03:48,Resolved,2025-02-26 17:24:38,2025-02-26 17:28:26
2025-02-26 18:47:06,06:18,66M1LW6UXYT8I4S,Billing,0CT6B8KL4F,41:43,Resolved,2025-02-26 18:53:24,2025-02-26 19:35:07
2025-02-26 19:51:00,05:04,W7JDNVFZRQO3468,Technical Support,O5B5LQ9GGE,19:07,Resolved,2025-02-26 19:56:04,2025-02-26 20:15:11
2025-02-26 20:16:11,08:44,8G7KDJSH1H10092,Billing,8BG1XV1CR5,40:11,Resolved,2025-02-26 20:24:55,2025-02-26 21:05:06
2025-02-26 22:02:37,02:15,2X2ZU6V8GUQ5LOJ,Account Management,P2VQ1VBCR9,04:44,Resolved,2025-02-26 22:04:52,2025-02-26 22:09:36
2025-02-26 22:58:52,00:21,K785WQG6I5RSJOF,Service Outage,8JCHDLU8MR,10:42,Resolved,2025-02-26 22:59:13,2025-02-26 23:09:55
2025-02-26 23:48:40,03:20,7GU185RWLR83Z2V,General Inquiry,IEGIKR1KA4,32:56,Resolved,2025-02-26 23:52:00,2025-02-27 00:24:56
2025-02-27 00:01:35,07:28,L3X50JU4NN3DLXV,Account Management,Z5Z0F8NXL7,31:00,Resolved,2025-02-27 00:09:03,2025-02-27 00:40:03
2025-02-27 00:42:44,06:52,5R0I3HJ1ZOZJLSD,Technical Support,1IXDU7LJ7N,21:07,Escalated,2025-02-27 00:49:36,2025-02-27 01:10:43
2025-02-27 01:26:21,08:50,TLVH6BYZ5PV09UU,Billing,HHAMF970JF,56:28,Resolved,2025-02-27 01:35:11,2025-02-27 02:31:39
2025-02-27 01:41:24,09:37,EQS4N282JC5IZ7E,General Inquiry,4TVJ7VC77N,59:34,Resolved,2025-02-27 01:51:01,2025-02-27 02:50:35
2025-02-27 01:59:43,01:53,DOG20H4GV4GOFEG,Feedback,1XGII9RM6R,21:40,Resolved,2025-02-27 02:01:36,2025-02-27 02:23:16
2025-02-27 04:20:20,09:51,DRYY3DD33ZKPULB,Billing,IQ5EGW2YXB,56:26,Resolved,2025-02-27 04:30:11,2025-02-27 05:26:37
2025-02-27 05:57:35,04:25,UVDT2KI3QXDWOJE,Technical Support,D2TZHENPQB,36:13,Resolved,2025-02-27 06:02:00,2025-02-27 06:38:13
2025-02-27 06:05:01,05:21,6BO766VL2883RAM,Billing,X3A9VTDJEX,48:38,Pending,2025-02-27 06:10:22,2025-02-27 06:59:00
2025-02-27 07:26:23,00:35,N53M6HYTV8XYRLF,Billing,R6JTPQKMLX,29:05,Resolved,2025-02-27 07:26:58,2025-02-27 07:56:03
2025-02-27 08:14:20,02:58,R84HCUXSWMVVPAQ,Technical Support,NNI0IVHS1M,46:34,Resolved,2025-02-27 08:17:18,2025-02-27 09:03:52
2025-02-27 08:22:57,07:34,4NVQRRI41GG2YEW,Billing,HHAMF970JF,40:06,Resolved,2025-02-27 08:30:31,2025-02-27 09:10:37
2025-02-27 08:37:20,05:07,ZIR4GPDUEBNG61F,Technical Support,JTHTSTBZJK,09:58,Resolved,2025-02-27 08:42:27,2025-02-27 08:52:25
2025-02-27 10:12:39,07:48,A2OXGU1GB3NS6IW,Billing,SGZUTK9YMS,29:56,Resolved,2025-02-27 10:20:27,2025-02-27 10:50:23
2025-02-27 11:25:22,02:17,FJYSVH89OS4TJBA,Billing,FCT1GG1XFB,56:23,Resolved,2025-02-27 11:27:39,2025-02-27 12:24:02
2025-02-27 11:52:09,02:32,7ATI7YQKYA06RN8,Technical Support,RKZOW9FAW4,34:59,Resolved,2025-02-27 11:54:41,2025-02-27 12:29:40
2025-02-27 12:08:29,04:21,W1HKOJOGPOAV6AE,Billing,8ACJRX8UY3,49:59,Resolved,2025-02-27 12:12:50,2025-02-27 13:02:49
2025-02-27 12:20:32,01:24,MGZCH3BG8B0PU07,Technical Support,8883INFQI0,29:05,Resolved,2025-02-27 12:21:56,2025-02-27 12:51:01
2025-02-27 12:17:59,08:36,HNZYTOJRD9V807A,Billing,PZW9S611IJ,17:51,Resolved,2025-02-27 12:26:35,2025-02-27 12:44:26
2025-02-27 12:46:23,01:03,XLOMQ83VCYG8Q2O,Billing,V5V4TS8NDE,09:35,Resolved,2025-02-27 12:47:26,2025-02-27 12:57:01
2025-02-27 13:09:02,07:26,NF603DHBVZNSRTZ,Technical Support,1KPQELPP7X,35:53,Resolved,2025-02-27 13:16:28,2025-02-27 13:52:21
2025-02-27 13:33:07,01:11,TU53QKXESUAS07Z,Billing,9CLZ63AUJO,48:47,Escalated,2025-02-27 13:34:18,2025-02-27 14:23:05
2025-02-27 15:34:48,00:46,VFECBWRVT3F9H4S,General Inquiry,S6O4QFAVC5,49:10,Resolved,2025-02-27 15:35:34,2025-02-27 16:24:44
2025-02-27 15:31:54,06:46,JNMBTRU9AB3GF4O,General Inquiry,XM8ZK94HBU,29:00,Pending,2025-02-27 15:38:40,2025-02-27 16:07:40
2025-02-27 16:28:35,04:10,S4JUR76VQDSQACR,Technical Support,HWCQ2TQ0IY,19:26,Resolved,2025-02-27 16:32:45,2025-02-27 16:52:11
2025-02-27 16:53:16,02:25,HO597OS8EHHJHUR,Technical Support,8BG1XV1CR5,47:46,Resolved,2025-02-27 16:55:41,2025-02-27 17:43:27
2025-02-27 17:35:02,01:20,XJJK33L4QMZU88T,Cancellation,XHPLT6KOIS,40:41,Resolved,2025-02-27 17:36:22,2025-02-27 18:17:03
2025-02-27 18:35:51,02:35,X8I9YBOJEMEYL6P,Billing,QXHKZ3QHBP,58:07,Resolved,2025-02-27 18:38:26,2025-02-27 19:36:33
2025-02-27 18:58:33,09:12,40T8DRN68NB4VWF,Technical Support,289K5JYCRI,43:30,Resolved,2025-02-27 19:07:45,2025-02-27 19:51:15
2025-02-27 19:10:12,09:42,W9CZ82996WOD9YN,Billing,SUQQIYD01T,39:27,Resolved,2025-02-27 19:19:54,2025-02-27 19:59:21
2025-02-27 19:28:17,06:05,TVT6N159Y2RGJQG,Account Management,D2TZHENPQB,05:55,Resolved,2025-02-27 19:34:22,2025-02-27 19:40:17
2025-02-27 19:43:47,01:51,F63V6RCWULHZZ40,Technical Support,609A9M75Q7,06:45,Resolved,2025-02-27 19:45:38,2025-02-27 19:52:23
2025-02-27 19:46:34,03:54,NI3EWJN672LKPV3,Billing,UO4AZA5ZTW,47:23,Resolved,2025-02-27 19:50:28,2025-02-27 20:37:51
2025-02-27 19:47:41,05:05,RC9IVX7Y1I09455,General Inquiry,V5V4TS8NDE,37:28,Resolved,2025-02-27 19:52:46,2025-02-27 20:30:14
2025-02-27 20:56:29,00:51,6IS0HTVRJTJGDIB,General Inquiry,CUTPTYVKGA,35:11,Resolved,2025-02-27 20:57:20,2025-02-27 21:32:31
2025-02-27 21:07:33,03:12,AUB79Q6E1Y8JUDD,Technical Support,D0T2KSCXMU,55:59,Escalated,2025-02-27 21:10:45,2025-02-27 22:06:44
2025-02-27 21:58:59,09:09,I6ROS0DEZGHMMC8,General Inquiry,GPP6YGP8D0,19:26,Resolved,2025-02-27 22:08:08,2025-02-27 22:27:34
2025-02-28 00:07:22,01:52,0REIOFVAJF8WSFI,Technical Support,1IXDU7LJ7N,09:29,Resolved,2025-02-28 00:09:14,2025-02-28 00:18:43
2025-02-28 02:56:19,07:39,M0GHH6WUNZU7WZQ,Billing,UO4AZA5ZTW,17:03,Resolved,2025-02-28 03:03:58,2025-02-28 03:21:01
2025-02-28 03:28:02,07:47,J9W7OZWPHPLKFTJ,Technical Support,B1P6SR1QFX,37:43,Resolved,2025-02-28 03:35:49,2025-02-28 04:13:32
2025-02-28 03:36:01,01:52,ZXPWEWHQZH7STFM,General Inquiry,BFH41C2K1L,19:17,Pending,2025-02-28 03:37:53,2025-02-28 03:57:10
2025-02-28 03:47:44,02:40,UTLYBL48SZYED42,Billing,1A7LSHX07S,53:33,Resolved,2025-02-28 03:50:24,2025-02-28 04:43:57
2025-02-28 05:51:50,06:45,GFP4QNKM1AZER7N,Technical Support,U6QDU5HHQQ,55:39,Resolved,2025-02-28 05:58:35,2025-02-28 06:54:14
2025-02-28 06:01:34,04:05,EL8328EADUURPP8,Technical Support,KVJV1E2HB9,49:18,Resolved,2025-02-28 06:05:39,2025-02-28 06:54:57
2025-02-28 06:45:56,03:01,Q71XJC88Q4QCP3D,General Inquiry,TVC724P4JN,26:32,Pending,2025-02-28 06:48:57,2025-02-28 07:15:29
2025-02-28 07:25:32,02:35,48DPBM0OY6I93MM,Technical Support,VD1D20T3OW,32:37,Resolved,2025-02-28 07:28:07,2025-02-28 08:00:44
2025-02-28 07:33:44,05:01,XM0GFRXGONDINV8,Feedback,IEGIKR1KA4,55:24,Resolved,2025-02-28 07:38:45,2025-02-28 08:34:09
2025-02-28 08:35:11,01:26,8ECE419NUQN73QP,Technical Support,Y1HYMXI45H,20:28,Pending,2025-02-28 08:36:37,2025-02-28 08:57:05
2025-02-28 10:16:15,02:03,AK0I6QE75KWEIV4,Technical Support,SUQQIYD01T,34:24,Resolved,2025-02-28 10:18:18,2025-02-28 10:52:42
2025-02-28 11:02:05,07:51,WSRDEQGWRHE37G2,Technical Support,44JS0VDTJH,33:11,Escalated,2025-02-28 11:09:56,2025-02-28 11:43:07
2025-02-28 13:03:29,08:13,6BRHBPVUNDKZ7XR,Account Management,39FAPH8540,39:31,Pending,2025-02-28 13:11:42,2025-02-28 13:51:13
2025-02-28 13:43:34,01:20,UYAC0ME23FJ2ISK,Billing,5ZHF59CO65,27:14,Resolved,2025-02-28 13:44:54,2025-02-28 14:12:08
2025-02-28 13:42:47,03:18,864Y6JG76CELCHZ,Technical Support,CQIEOPYM2X,25:15,Resolved,2025-02-28 13:46:05,2025-02-28 14:11:20
2025-02-28 14:34:35,08:12,0FE3XOJAJ781PAY,Account Management,Y5JKXHF0W0,18:02,Resolved,2025-02-28 14:42:47,2025-02-28 15:00:49
2025-02-28 15:07:10,04:05,8CQBYNRFSU9XPT6,Technical Support,XE5WIXCMS6,15:52,Resolved,2025-02-28 15:11:15,2025-02-28 15:27:07
2025-02-28 16:12:27,04:18,77V4XNDCJOV7XIX,Billing,ZO0Y9E4YJE,01:35,Pending,2025-02-28 16:16:45,2025-02-28 16:18:20
2025-02-28 16:22:57,02:40,C54C8N4DMMT2PUR,Technical Support,IVCJMO7R6X,50:05,Resolved,2025-02-28 16:25:37,2025-02-28 17:15:42
2025-02-28 17:20:10,00:57,E6DW9II0JH2U6YB,Billing,7OCTF99Y2J,54:50,Resolved,2025-02-28 17:21:07,2025-02-28 18:15:57
2025-02-28 17:32:40,01:39,2T17B8FLJI0H4RD,Technical Support,YI15YKJ0XL,08:42,Resolved,2025-02-28 17:34:19,2025-02-28 17:43:01
2025-02-28 17:59:35,03:39,TOLYRT2A3URUKUJ,Technical Support,PJDR4E2INL,17:32,Resolved,2025-02-28 18:03:14,2025-02-28 18:20:46
2025-02-28 18:12:26,01:45,5LKQX9DASA332NS,Billing,QMI4KU7HX7,35:33,Pending,2025-02-28 18:14:11,2025-02-28 18:49:44
2025-02-28 18:18:07,07:12,KX0LFXTLZ3OS43L,Billing,NNI0IVHS1M,32:30,Resolved,2025-02-28 18:25:19,2025-02-28 18:57:49
2025-02-28 18:43:25,08:35,7ZBB8INZXI02Q79,General Inquiry,GML5G1C6G5,54:54,Resolved,2025-02-28 18:52:00,2025-02-28 19:46:54
2025-02-28 18:48:35,08:25,3PYPNY1T7358NJM,General Inquiry,HWCQ2TQ0IY,01:42,Resolved,2025-02-28 18:57:00,2025-02-28 18:58:42
2025-02-28 18:52:30,05:19,ZQTB3GBEZEK3LD0,Technical Support,N7UU5OO1DB,18:14,Resolved,2025-02-28 18:57:49,2025-02-28 19:16:03
2025-02-28 19:47:40,05:31,8JDH7EA3BHK0YE7,Technical Support,7Y6BBSF2ZJ,18:46,Pending,2025-02-28 19:53:11,2025-02-28 20:11:57
2025-02-28 21:09:22,04:11,418GR8K8GF3QBBY,Technical Support,G0ATVS9P7F,28:10,Resolved,2025-02-28 21:13:33,2025-02-28 21:41:43
2025-02-28 23:52:00,01:39,19KJ9BF0C4R1386,Technical Support,LA6EDSJ032,50:57,Resolved,2025-02-28 23:53:39,2025-03-01 00:44:36
2025-03-01 00:43:10,05:45,UFHWX9MRTCDAI6A,Technical Support,10JH9ZWS9D,54:36,Resolved,2025-03-01 00:48:55,2025-03-01 01:43:31
2025-03-01 00:55:12,08:42,9ELMFUD0GNK4DYP,Billing,9CLZ63AUJO,40:55,Resolved,2025-03-01 01:03:54,2025-03-01 01:44:49
2025-03-01 00:57:55,08:19,94EJJSUUKEQ345S,General Inquiry,5VNLH19TUN,05:20,Resolved,2025-03-01 01:06:14,2025-03-01 01:11:34
2025-03-01 02:16:46,06:02,VCICOZDGQOV4BIF,Account Management,QO059NJJH4,54:46,Resolved,2025-03-01 02:22:48,2025-03-01 03:17:34
2025-03-01 02:20:06,06:29,Z8ZNBJW13UTMYFD,Billing,UAD4IIQV37,53:47,Resolved,2025-03-01 02:26:35,2025-03-01 03:20:22
2025-03-01 02:53:13,06:26,6HEI190X9MMC5WC,General Inquiry,AT7A0210XJ,21:48,Resolved,2025-03-01 02:59:39,2025-03-01 03:21:27
2025-03-01 03:58:45,00:28,ENYFIL7EP0O4595,Service Outage,Y81QMU4K4A,04:59,Resolved,2025-03-01 03:59:13,2025-03-01 04:04:12
2025-03-01 04:12:59,09:03,0CN7H4VOCP3WT0G,Technical Support,WDJUM9AV28,38:58,Escalated,2025-03-01 04:22:02,2025-03-01 05:01:00
2025-03-01 04:25:38,04:51,C3C63P4U1TYIBPS,Technical Support,V62ER53MJK,14:58,Resolved,2025-03-01 04:30:29,2025-03-01 04:45:27
2025-03-01 05:18:31,05:35,S4JUWDL6GD8B1F1,Technical Support,1A7LSHX07S,56:52,Resolved,2025-03-01 05:24:06,2025-03-01 06:20:58
2025-03-01 05:53:55,07:47,IQH3DHX5WQ8UT4U,Technical Support,Y81QMU4K4A,36:21,Resolved,2025-03-01 06:01:42,2025-03-01 06:38:03
2025-03-01 06:00:20,07:55,4N5KSD29A4C2NC7,Technical Support,V62ER53MJK,43:34,Resolved,2025-03-01 06:08:15,2025-03-01 06:51:49
2025-03-01 06:10:06,03:12,9YJJR3JTVTR5A3Z,Feedback,LA6EDSJ032,02:13,Resolved,2025-03-01 06:13:18,2025-03-01 06:15:31
2025-03-01 07:14:34,03:24,ZOJZ0ITCT9HAU3X,Technical Support,Y3QO4LFI83,44:06,Resolved,2025-03-01 07:17:58,2025-03-01 08:02:04
2025-03-01 08:41:28,01:26,71P7VVVWNES5385,Billing,4TVJ7VC77N,08:49,Resolved,2025-03-01 08:42:54,2025-03-01 08:51:43
2025-03-01 09:33:29,05:22,PRUHW2M8C75LB63,Billing,S4XQITBP4P,13:52,Resolved,2025-03-01 09:38:51,2025-03-01 09:52:43
2025-03-01 10:10:18,04:10,PTBADSNC2GBLU8B,Technical Support,9CLZ63AUJO,46:53,Resolved,2025-03-01 10:14:28,2025-03-01 11:01:21
2025-03-01 10:37:23,02:36,F9ROK7ZL5DVNJI1,Billing,6HLV8VQK6Q,59:24,Resolved,2025-03-01 10:39:59,2025-03-01 11:39:23
2025-03-01 10:40:59,03:45,X5TFG2CIURRFTG9,Billing,IQ5EGW2YXB,43:21,Resolved,2025-03-01 10:44:44,2025-03-01 11:28:05
2025-03-01 11:16:42,02:59,6KLE4NSH5YQCO6Z,Technical Support,0Y1E3L6NGJ,19:16,Resolved,2025-03-01 11:19:41,2025-03-01 11:38:57
2025-03-01 12:09:04,06:52,8402X12YX1EPD6M,Technical Support,6X3YD9OB2R,42:03,Resolved,2025-03-01 12:15:56,2025-03-01 12:57:59
2025-03-01 13:48:56,03:46,WDIFZ4TAGJZGST1,Technical Support,XNFZ8S7SGX,39:11,Pending,2025-03-01 13:52:42,2025-03-01 14:31:53
2025-03-01 14:45:41,04:12,DPJBBYALDV1P8LE,Technical Support,C3IK5WEMJQ,57:32,Resolved,2025-03-01 14:49:53,2025-03-01 15:47:25
2025-03-01 14:47:44,08:05,LKP65AYLFTCF21F,Technical Support,6X3YD9OB2R,01:21,Resolved,2025-03-01 14:55:49,2025-03-01 14:57:10
2025-03-01 15:01:40,07:55,9M4YF5EMGL7KO5J,Technical Support,DOWWGH832F,23:55,Resolved,2025-03-01 15:09:35,2025-03-01 15:33:30
2025-03-01 15:32:49,09:30,S3DUB1W22XFAI74,Billing,7X144YH978,49:28,Pending,2025-03-01 15:42:19,2025-03-01 16:31:47
2025-03-01 16:38:34,02:13,15FU5GJ5WB11SX1,General Inquiry,609A9M75Q7,53:12,Escalated,2025-03-01 16:40:47,2025-03-01 17:33:59
2025-03-01 17:05:21,04:14,TQBZEJIAX8G19UP,Technical Support,407MBTYMFR,36:26,Resolved,2025-03-01 17:09:35,2025-03-01 17:46:01
2025-03-01 17:28:02,06:45,T4D8VSB30ACQXMA,Technical Support,NWKUZC5IP3,48:10,Pending,2025-03-01 17:34:47,2025-03-01 18:22:57
2025-03-01 18:43:02,07:03,3YL1CDB35GL19W1,Technical Support,WDJUM9AV28,05:48,Resolved,2025-03-01 18:50:05,2025-03-01 18:55:53
2025-03-01 19:22:24,07:21,5GUMZKY84QAJ6PW,Billing,JVYD05RTIS,22:19,Resolved,2025-03-01 19:29:45,2025-03-01 19:52:04
2025-03-01 20:13:51,09:19,KLTLYHJJJJ6AMVG,Account Management,IXQ62APEP6,29:39,Resolved,2025-03-01 20:23:10,2025-03-01 20:52:49
2025-03-01 20:20:44,05:25,ABIULM2IWT4LHM4,Technical Support,XC9RIVKYVO,18:17,Resolved,2025-03-01 20:26:09,2025-03-01 20:44:26
2025-03-01 20:26:51,02:26,S16UDU80G0TTZX3,Technical Support,ADYOBJZDW6,58:35,Resolved,2025-03-01 20:29:17,2025-03-01 21:27:52
2025-03-01 20:41:12,05:28,O7FGFPPICXSMDM8,Billing,H3AQCCB852,30:25,Resolved,2025-03-01 20:46:40,2025-03-01 21:17:05
2025-03-01 21:07:58,06:16,P2AW275JZ1O4S8W,Technical Support,59JLNXQF04,34:03,Resolved,2025-03-01 21:14:14,2025-03-01 21:48:17
2025-03-01 21:14:19,04:06,3MR2BK2XR3SHJTY,Technical Support,7MBSDGR63V,55:19,Resolved,2025-03-01 21:18:25,2025-03-01 22:13:44
2025-03-01 21:11:29,09:09,K9B4GGWIXEQGTKG,Billing,O5B5LQ9GGE,47:19,Resolved,2025-03-01 21:20:38,2025-03-01 22:07:57
2025-03-01 22:12:30,04:01,SQM2ZDQSEDDJONT,Technical Support,XP8FC5XRN6,52:07,Resolved,2025-03-01 22:16:31,2025-03-01 23:08:38
2025-03-01 22:14:31,04:54,LAY6UU8ZJ14UWNK,Technical Support,IZKBKAZ8RY,06:46,Resolved,2025-03-01 22:19:25,2025-03-01 22:26:11
2025-03-01 22:57:14,06:34,895QWK9RGWXZW1W,Account Management,1A7LSHX07S,56:59,Resolved,2025-03-01 23:03:48,2025-03-02 00:00:47
2025-03-01 23:15:18,04:40,V1C12HU7TFT0RWK,Billing,28OUVNJ3FH,51:30,Resolved,2025-03-01 23:19:58,2025-03-02 00:11:28
2025-03-02 00:05:41,02:09,5XMEJNZ2OL73K9C,Billing,085B1M387E,11:29,Resolved,2025-03-02 00:07:50,2025-03-02 00:19:19
2025-03-02 00:01:40,06:55,2PWNQBUWMIFJ2GF,Technical Support,PEVGAFDH75,39:47,Resolved,2025-03-02 00:08:35,2025-03-02 00:48:22
2025-03-02 00:11:47,04:01,5WC4GDNIOIK5CKO,General Inquiry,Y3QO4LFI83,33:51,Resolved,2025-03-02 00:15:48,2025-03-02 00:49:39
2025-03-02 00:27:46,02:21,C7CIJZWX0XARANT,Technical Support,3ZYBQMTA2D,38:11,Resolved,2025-03-02 00:30:07,2025-03-02 01:08:18
2025-03-02 00:48:00,03:11,6RT6B3QV3E9WT1C,Billing,4HX3UNW16M,12:57,Escalated,2025-03-02 00:51:11,2025-03-02 01:04:08
2025-03-02 01:39:20,08:08,FGHXZSS8DLF68LG,General Inquiry,GFAPSA0GZ7,29:34,Pending,2025-03-02 01:47:28,2025-03-02 02:17:02
2025-03-02 02:04:53,02:36,MHIB94V83CFGSL6,Billing,XYVECABPIJ,23:31,Resolved,2025-03-02 02:07:29,2025-03-02 02:31:00
2025-03-02 02:15:04,01:56,E65U96WAZRB87OJ,Technical Support,QXHKZ3QHBP,54:14,Resolved,2025-03-02 02:17:00,2025-03-02 03:11:14
2025-03-02 02:48:08,07:28,358F69OG4A3WK6P,Billing,C3IK5WEMJQ,40:41,Resolved,2025-03-02 02:55:36,2025-03-02 03:36:17
2025-03-02 04:04:49,06:20,QLBOU1B3HJ1737H,Technical Support,4HX3UNW16M,13:26,Escalated,2025-03-02 04:11:09,2025-03-02 04:24:35
2025-03-02 04:26:35,05:23,T98HPBU63XIV29P,Technical Support,ADM4GLNMAU,06:53,Escalated,2025-03-02 04:31:58,2025-03-02 04:38:51
2025-03-02 04:38:57,04:07,JJSW7O815CUUD13,Account Management,0KDZ3PE1CP,38:00,Resolved,2025-03-02 04:43:04,2025-03-02 05:21:04
2025-03-02 05:46:07,01:36,NEA77EH1AFT2KA6,General Inquiry,10JH9ZWS9D,23:04,Escalated,2025-03-02 05:47:43,2025-03-02 06:10:47
2025-03-02 06:47:34,05:47,U8XUBHA1EO5730R,Technical Support,84BIZX56CX,49:57,Resolved,2025-03-02 06:53:21,2025-03-02 07:43:18
2025-03-02 07:37:36,04:40,AYK647UCN7U6T71,Technical Support,S79YBSAU2M,09:46,Resolved,2025-03-02 07:42:16,2025-03-02 07:52:02
2025-03-02 11:17:26,00:31,QMNK33WGIC7MPKG,General Inquiry,FWFIHGPQRA,33:13,Resolved,2025-03-02 11:17:57,2025-03-02 11:51:10
2025-03-02 12:19:48,03:47,K5KRHV3NOT8X5OT,Service Outage,8BG1XV1CR5,25:53,Resolved,2025-03-02 12:23:35,2025-03-02 12:49:28
2025-03-02 12:23:16,09:41,U1JS43UI2PFTFPL,Billing,C3IK5WEMJQ,10:08,Resolved,2025-03-02 12:32:57,2025-03-02 12:43:05
2025-03-02 12:33:44,05:10,8CP88KUCYQIOKHU,Account Management,ZJPTZCGQML,47:01,Resolved,2025-03-02 12:38:54,2025-03-02 13:25:55
2025-03-02 12:51:55,09:00,2HE42UF2PX0F7WC,Technical Support,7Y6BBSF2ZJ,33:28,Resolved,2025-03-02 13:00:55,2025-03-02 13:34:23
2025-03-02 13:01:47,01:18,YMJT7EXLISGGG24,Account Management,EK8VO248TP,43:35,Resolved,2025-03-02 13:03:05,2025-03-02 13:46:40
2025-03-02 13:24:19,02:56,I8RVG5PYTH5UZHO,Technical Support,AT7A0210XJ,50:53,Resolved,2025-03-02 13:27:15,2025-03-02 14:18:08
2025-03-02 13:43:14,04:09,48U4T4DLRANIU71,Technical Support,ME4CIBW9U7,07:44,Resolved,2025-03-02 13:47:23,2025-03-02 13:55:07
2025-03-02 16:04:45,01:19,TUDJCW7MBHZ8MB1,Technical Support,ZOO6BBUCOH,49:45,Pending,2025-03-02 16:06:04,2025-03-02 16:55:49
2025-03-02 18:06:07,09:39,JYK3BJRHTIUTPC6,Technical Support,407MBTYMFR,18:13,Resolved,2025-03-02 18:15:46,2025-03-02 18:33:59
2025-03-02 18:32:47,03:46,2SY25QZHA01DLWF,Account Management,HE1LT4J38Z,41:55,Resolved,2025-03-02 18:36:33,2025-03-02 19:18:28
2025-03-02 19:07:25,01:56,YXSE9XGOJGTAQB1,General Inquiry,MJL5QJH840,57:11,Resolved,2025-03-02 19:09:21,2025-03-02 20:06:32
2025-03-02 19:07:36,01:53,NJ2B09TL4KODEHU,General Inquiry,VCEXE0YWOO,54:29,Resolved,2025-03-02 19:09:29,2025-03-02 20:03:58
2025-03-02 19:27:06,02:42,B3H7G1FCOSZOOFG,Technical Support,1A7LSHX07S,05:06,Resolved,2025-03-02 19:29:48,2025-03-02 19:34:54
2025-03-02 20:57:51,03:18,E6ZA2SUNUBZKY5A,General Inquiry,XEWXNQAQ1M,07:43,Resolved,2025-03-02 21:01:09,2025-03-02 21:08:52
2025-03-02 21:37:00,08:14,IF1TEX077GNKKPK,Billing,D8OAOCGR0A,54:48,Resolved,2025-03-02 21:45:14,2025-03-02 22:40:02
2025-03-02 22:27:33,08:50,8M3OXSTUBAYF6HG,Technical Support,Y3QO4LFI83,34:37,Resolved,2025-03-02 22:36:23,2025-03-02 23:11:00
2025-03-02 23:48:26,04:31,3PS9YTP25L5XFOD,Billing,X6943R0AP1,18:06,Resolved,2025-03-02 23:52:57,2025-03-03 00:11:03
2025-03-03 00:11:09,04:43,CFFOG90F3JH6PML,Billing,1AL9HOBOYN,21:04,Resolved,2025-03-03 00:15:52,2025-03-03 00:36:56
2025-03-03 00:12:32,09:02,BQMNA6K2KB68G1E,Technical Support,Q10PNJQJMC,08:12,Pending,2025-03-03 00:21:34,2025-03-03 00:29:46
2025-03-03 00:15:58,06:53,J1490ZEC0U1OBM8,Billing,5ON31129US,44:46,Resolved,2025-03-03 00:22:51,2025-03-03 01:07:37
2025-03-03 00:29:39,08:33,DLA2PAT6LW1NH8C,Technical Support,HOHX6DGGJB,10:20,Resolved,2025-03-03 00:38:12,2025-03-03 00:48:32
2025-03-03 00:35:03,04:23,6Q77LQYGPUPVCIH,Technical Support,IXQ62APEP6,33:41,Resolved,2025-03-03 00:39:26,2025-03-03 01:13:07
2025-03-03 01:04:01,01:44,YC1ORU95QO5U2F0,Technical Support,1L5GLHAFEB,05:14,Resolved,2025-03-03 01:05:45,2025-03-03 01:10:59
2025-03-03 03:16:23,07:49,MPPADHTUVHEOF6I,Technical Support,B1P6SR1QFX,56:28,Resolved,2025-03-03 03:24:12,2025-03-03 04:20:40
2025-03-03 03:39:39,06:19,LZQDFZDRM3XR3HT,Billing,JSA39T01BU,52:47,Resolved,2025-03-03 03:45:58,2025-03-03 04:38:45
2025-03-03 03:58:48,09:15,QPC9IABPZPJHGEL,Billing,4TVJ7VC77N,37:24,Resolved,2025-03-03 04:08:03,2025-03-03 04:45:27
2025-03-03 05:14:40,08:38,GREPHU2W3LWS578,Billing,KW1AUC5UYS,52:01,Resolved,2025-03-03 05:23:18,2025-03-03 06:15:19
2025-03-03 05:32:08,04:44,8A0J4M0UXAQQA35,Account Management,UO4AZA5ZTW,19:47,Escalated,2025-03-03 05:36:52,2025-03-03 05:56:39
2025-03-03 06:27:12,02:09,VJDMRZDJLCA8RQI,Billing,KCP6C30POO,54:34,Resolved,2025-03-03 06:29:21,2025-03-03 07:23:55
2025-03-03 06:36:21,02:15,FRURICCP6IKWQME,General Inquiry,S6O4QFAVC5,29:30,Resolved,2025-03-03 06:38:36,2025-03-03 07:08:06
2025-03-03 09:26:01,09:38,58D0M640TH2BY8A,Technical Support,V62ER53MJK,33:52,Escalated,2025-03-03 09:35:39,2025-03-03 10:09:31
2025-03-03 09:58:08,00:19,P5I13R1LL7U65I3,Account Management,IXQ62APEP6,37:01,Resolved,2025-03-03 09:58:27,2025-03-03 10:35:28
2025-03-03 09:59:13,02:19,AGS2MUDMME01J55,Technical Support,UU8K4SSRXB,23:37,Resolved,2025-03-03 10:01:32,2025-03-03 10:25:09
2025-03-03 09:58:48,08:59,6P1808PFDGETXN7,Billing,ZUXH88ENJX,37:19,Escalated,2025-03-03 10:07:47,2025-03-03 10:45:06
2025-03-03 11:48:48,09:13,RC376883D7J7GDO,Billing,N3QX77XZ3T,50:57,Pending,2025-03-03 11:58:01,2025-03-03 12:48:58
2025-03-03 13:08:44,09:49,6MUO2ZAIF0SA7CQ,General Inquiry,H3AQCCB852,55:24,Pending,2025-03-03 13:18:33,2025-03-03 14:13:57
2025-03-03 14:35:41,07:23,ON13EJQWUD6O84H,Billing,R6JTPQKMLX,57:31,Resolved,2025-03-03 14:43:04,2025-03-03 15:40:35
2025-03-03 16:46:50,01:21,6OSTBSDG6S1N69K,Technical Support,YZ3STW1DAX,15:29,Resolved,2025-03-03 16:48:11,2025-03-03 17:03:40
2025-03-03 19:15:14,02:17,YREZ4E9Q91E8R5H,Technical Support,GML5G1C6G5,12:05,Resolved,2025-03-03 19:17:31,2025-03-03 19:29:36
2025-03-03 19:24:04,09:12,8YU543RPAOY3KPU,Technical Support,74UIL5DLP5,06:17,Resolved,2025-03-03 19:33:16,2025-03-03 19:39:33
2025-03-03 20:01:09,00:27,RMZ17IIZ0T9EBG8,Billing,WL0Y0R0O9V,35:58,Resolved,2025-03-03 20:01:36,2025-03-03 20:37:34
2025-03-03 21:37:48,03:48,TKUQLR89V63DGQF,Technical Support,F33U576PJU,33:54,Resolved,2025-03-03 21:41:36,2025-03-03 22:15:30
2025-03-03 23:45:34,07:36,D15KF3LFKGW2ZQK,General Inquiry,ZS56A0DGC5,23:35,Escalated,2025-03-03 23:53:10,2025-03-04 00:16:45
2025-03-03 23:51:42,09:51,HJASR9NZ9JLO9R4,General Inquiry,7MBSDGR63V,47:20,Resolved,2025-03-04 00:01:33,2025-03-04 00:48:53
2025-03-04 00:36:46,02:27,COZFYIBVBDMCQ01,Billing,1KPQELPP7X,49:39,Resolved,2025-03-04 00:39:13,2025-03-04 01:28:52
2025-03-04 01:12:46,06:54,1PQWQ9HHGBD0C0O,Technical Support,G0ATVS9P7F,09:36,Resolved,2025-03-04 01:19:40,2025-03-04 01:29:16
2025-03-04 01:20:19,01:59,LTI7NQG8N6G99F6,Technical Support,VD1D20T3OW,07:16,Resolved,2025-03-04 01:22:18,2025-03-04 01:29:34
2025-03-04 02:03:23,05:46,O9BYK819QFDLP1A,Service Outage,FWFIHGPQRA,20:34,Resolved,2025-03-04 02:09:09,2025-03-04 02:29:43
2025-03-04 02:22:13,05:07,1RVK2V291Y2VD1O,Technical Support,TEDTSF5RDM,12:34,Pending,2025-03-04 02:27:20,2025-03-04 02:39:54
2025-03-04 06:56:18,09:54,K1B0B1C19D79BUZ,Account Management,QHQBMUZM7P,48:35,Resolved,2025-03-04 07:06:12,2025-03-04 07:54:47
2025-03-04 07:52:09,07:46,KJQTDZ3IGFRUE2R,Billing,G0ATVS9P7F,48:24,Resolved,2025-03-04 07:59:55,2025-03-04 08:48:19
2025-03-04 09:46:50,00:59,ELKZHAMJSA7563Z,Service Outage,1AL9HOBOYN,07:06,Resolved,2025-03-04 09:47:49,2025-03-04 09:54:55
2025-03-04 10:43:18,00:16,1DKNQG5IB1MGWR4,Technical Support,HOHX6DGGJB,55:59,Pending,2025-03-04 10:43:34,2025-03-04 11:39:33
2025-03-04 12:20:04,09:15,MKWKW7ZG1Q5HQB9,Account Management,EK8VO248TP,10:52,Pending,2025-03-04 12:29:19,2025-03-04 12:40:11
2025-03-04 12:40:29,09:55,M5HP23YXNTCFW0Z,Technical Support,MP7H6OVL7T,07:13,Pending,2025-03-04 12:50:24,2025-03-04 12:57:37
2025-03-04 13:56:12,06:11,6J5XHCSI1Y34DS0,Account Management,D6VZTNH4XH,56:48,Resolved,2025-03-04 14:02:23,2025-03-04 14:59:11
2025-03-04 14:59:49,00:21,JJUQB0G2U15YFCJ,Billing,0CT6B8KL4F,39:56,Resolved,2025-03-04 15:00:10,2025-03-04 15:40:06
2025-03-04 15:45:59,04:50,XYPUBOAN567CWK3,Billing,SGZUTK9YMS,41:45,Resolved,2025-03-04 15:50:49,2025-03-04 16:32:34
2025-03-04 15:59:38,07:50,TPXNRKETY1XRD7N,General Inquiry,COSU7XWCCI,02:27,Resolved,2025-03-04 16:07:28,2025-03-04 16:09:55
2025-03-04 16:18:32,02:56,4KQIIKICZLV93X4,Account Management,Y1HYMXI45H,44:43,Resolved,2025-03-04 16:21:28,2025-03-04 17:06:11
2025-03-04 16:41:42,05:37,QQNIR9NBFWERD8Z,Technical Support,33J1JTE15V,48:55,Resolved,2025-03-04 16:47:19,2025-03-04 17:36:14
2025-03-04 17:14:34,03:38,KWQ8ZR559R5K0NH,Billing,XH7VE1JYPI,42:58,Resolved,2025-03-04 17:18:12,2025-03-04 18:01:10
2025-03-04 17:42:33,09:16,KC1D9YI6OPCWP4C,Billing,YZ3STW1DAX,51:16,Resolved,2025-03-04 17:51:49,2025-03-04 18:43:05
2025-03-04 17:57:20,00:48,LC32U4EGZR8IGE0,Account Management,Y81QMU4K4A,12:15,Resolved,2025-03-04 17:58:08,2025-03-04 18:10:23
2025-03-04 18:20:01,07:06,78EMJHFWXJGKROO,Technical Support,D2TZHENPQB,55:24,Escalated,2025-03-04 18:27:07,2025-03-04 19:22:31
2025-03-04 19:00:53,09:02,JAHSMES24SNVNYU,Technical Support,XI049RV3AX,19:25,Resolved,2025-03-04 19:09:55,2025-03-04 19:29:20
2025-03-04 19:26:20,01:02,8BAX37M68TNDQX7,Billing,O1OIM1SEOR,50:24,Resolved,2025-03-04 19:27:22,2025-03-04 20:17:46
2025-03-04 20:41:26,07:44,C22AOU6BRTTKY2I,Billing,7Y6BBSF2ZJ,23:10,Pending,2025-03-04 20:49:10,2025-03-04 21:12:20
2025-03-04 21:37:41,08:44,ORGERKDTR3HC390,Technical Support,QMI4KU7HX7,33:00,Escalated,2025-03-04 21:46:25,2025-03-04 22:19:25
2025-03-04 21:50:53,08:37,HOA7VCS685SXUNM,Billing,8JCHDLU8MR,49:32,Resolved,2025-03-04 21:59:30,2025-03-04 22:49:02
2025-03-04 22:53:19,04:16,5P57VYAZ08D5L6K,Technical Support,S79YBSAU2M,03:17,Resolved,2025-03-04 22:57:35,2025-03-04 23:00:52
2025-03-04 23:57:05,04:09,OR8GSAYIL90HB6Z,Billing,5VNLH19TUN,26:42,Resolved,2025-03-05 00:01:14,2025-03-05 00:27:56
2025-03-05 00:23:42,04:40,CRUEZHSKQ6T4LDZ,Technical Support,4T5D6A26PA,09:36,Resolved,2025-03-05 00:28:22,2025-03-05 00:37:58
2025-03-05 01:25:08,09:20,UJL8668UNNHEFW1,Technical Support,0Y1E3L6NGJ,05:19,Resolved,2025-03-05 01:34:28,2025-03-05 01:39:47
2025-03-05 01:52:29,00:32,1SNOWV1T7ASIFZE,Technical Support,EGGPRLOCG3,57:22,Resolved,2025-03-05 01:53:01,2025-03-05 02:50:23
2025-03-05 02:10:50,08:38,X0OGORVZOMO7ABZ,Account Management,1A7LSHX07S,35:11,Resolved,2025-03-05 02:19:28,2025-03-05 02:54:39
2025-03-05 02:24:38,09:15,74TVFURYCBK4PYN,Technical Support,ILPNQ5U024,04:04,Resolved,2025-03-05 02:33:53,2025-03-05 02:37:57
2025-03-05 02:34:08,03:56,1IWLW8HQOHYM9Y2,Technical Support,O1OIM1SEOR,44:18,Resolved,2025-03-05 02:38:04,2025-03-05 03:22:22
2025-03-05 03:05:51,05:03,KW47L7W1G4BBBQD,General Inquiry,NWKUZC5IP3,43:14,Resolved,2025-03-05 03:10:54,2025-03-05 03:54:08
2025-03-05 03:12:34,02:59,BPBF5P6AD4UNJRJ,General Inquiry,D40MTMDIVI,03:26,Pending,2025-03-05 03:15:33,2025-03-05 03:18:59
2025-03-05 03:09:07,09:54,IRGDKGEESJWER46,Billing,E5O2YP19ZM,47:34,Resolved,2025-03-05 03:19:01,2025-03-05 04:06:35
2025-03-05 07:13:40,00:39,MODF9YE7WQ9NQL6,Technical Support,N3QX77XZ3T,41:33,Resolved,2025-03-05 07:14:19,2025-03-05 07:55:52
2025-03-05 07:25:53,01:16,G9R1DWK4XL23IDM,Service Outage,31KAB3AA8M,14:14,Resolved,2025-03-05 07:27:09,2025-03-05 07:41:23
2025-03-05 07:33:58,08:51,EPM9D463QT7KUX8,Technical Support,39FAPH8540,49:10,Resolved,2025-03-05 07:42:49,2025-03-05 08:31:59
2025-03-05 08:50:41,07:35,GX95SW45C7MLSG9,Technical Support,JVYD05RTIS,09:32,Resolved,2025-03-05 08:58:16,2025-03-05 09:07:48
2025-03-05 09:00:22,05:33,8DD8WMWSN5WB5NR,Billing,ADYOBJZDW6,50:16,Resolved,2025-03-05 09:05:55,2025-03-05 09:56:11
2025-03-05 09:04:06,08:16,OI08S5XGF4ZS7SQ,Feedback,DHDIAGAL5D,29:24,Resolved,2025-03-05 09:12:22,2025-03-05 09:41:46
2025-03-05 09:15:25,01:33,EVVIZ7X8SB51DU7,General Inquiry,9JZJVY4LYR,33:43,Resolved,2025-03-05 09:16:58,2025-03-05 09:50:41
2025-03-05 09:32:26,07:10,KDGHQPF7XRLLMPC,Technical Support,1KPQELPP7X,29:10,Resolved,2025-03-05 09:39:36,2025-03-05 10:08:46
2025-03-05 11:11:06,00:37,K714B53VUV6KMS4,Billing,7X144YH978,08:39,Resolved,2025-03-05 11:11:43,2025-03-05 11:20:22
2025-03-05 11:30:45,01:09,SKC4ZBVDMNXQXQW,Technical Support,DOWWGH832F,04:43,Resolved,2025-03-05 11:31:54,2025-03-05 11:36:37
2025-03-05 11:55:14,03:03,0J8UT1OZTEZIE3I,Technical Support,44JS0VDTJH,18:51,Resolved,2025-03-05 11:58:17,2025-03-05 12:17:08
2025-03-05 11:58:05,09:27,550JJKOUHKT3CRY,Service Outage,8JCHDLU8MR,56:36,Resolved,2025-03-05 12:07:32,2025-03-05 13:04:08
2025-03-05 12:23:15,01:10,YN924PGW2OTS2ZY,Billing,39FAPH8540,11:09,Resolved,2025-03-05 12:24:25,2025-03-05 12:35:34
2025-03-05 12:26:33,05:38,6G0T28M4CCC2AOM,Account Management,42AOT9NYX1,19:11,Resolved,2025-03-05 12:32:11,2025-03-05 12:51:22
2025-03-05 13:12:17,00:57,VBI5DORS3SFQ2IX,Billing,7X144YH978,11:10,Pending,2025-03-05 13:13:14,2025-03-05 13:24:24
2025-03-05 15:32:41,09:42,2686KC42HVYAX03,Billing,2XIHPOZH4B,18:47,Resolved,2025-03-05 15:42:23,2025-03-05 16:01:10
2025-03-05 15:41:22,07:51,F9HGPH4HPIKV3QL,Technical Support,1XGII9RM6R,26:07,Resolved,2025-03-05 15:49:13,2025-03-05 16:15:20
2025-03-05 16:33:25,06:14,DE7HLB6F8DYIQP0,Account Management,E5O2YP19ZM,28:10,Resolved,2025-03-05 16:39:39,2025-03-05 17:07:49
2025-03-05 19:44:43,06:59,I01GEY047AB1A73,Technical Support,R8XXYL17EA,29:38,Resolved,2025-03-05 19:51:42,2025-03-05 20:21:20
2025-03-05 19:44:32,07:59,33KSPEMYWR9Y02T,Billing,PJDR4E2INL,55:07,Resolved,2025-03-05 19:52:31,2025-03-05 20:47:38
2025-03-05 22:11:42,02:09,B7ZDNOL2FNPUXVA,Technical Support,YEP4P8AQ7E,02:07,Resolved,2025-03-05 22:13:51,2025-03-05 22:15:58
2025-03-06 00:30:27,02:07,XWS9B8L0PVV3MZL,General Inquiry,XC9RIVKYVO,23:33,Resolved,2025-03-06 00:32:34,2025-03-06 00:56:07
2025-03-06 01:30:42,02:11,HLMZC5MQ7IA7KQ8,Technical Support,4T5D6A26PA,59:47,Resolved,2025-03-06 01:32:53,2025-03-06 02:32:40
2025-03-06 01:43:19,06:13,EG4RVR8QICGO0R8,General Inquiry,A5YQZAZQVF,26:21,Escalated,2025-03-06 01:49:32,2025-03-06 02:15:53
2025-03-06 03:39:08,01:15,GLP4KG22O13Z7I2,General Inquiry,V2TPUT8ER8,41:58,Resolved,2025-03-06 03:40:23,2025-03-06 04:22:21
2025-03-06 04:03:35,04:06,5ANM9RXN0HIB7RE,Technical Support,4TVJ7VC77N,15:50,Resolved,2025-03-06 04:07:41,2025-03-06 04:23:31
2025-03-06 04:36:59,03:50,7R1ZG4N91X4D6FJ,Account Management,D40MTMDIVI,50:16,Resolved,2025-03-06 04:40:49,2025-03-06 05:31:05
2025-03-06 05:38:14,07:47,ON29O0VRSQCOCHV,Feedback,O5B5LQ9GGE,37:21,Resolved,2025-03-06 05:46:01,2025-03-06 06:23:22
2025-03-06 06:08:13,10:00,Q8NXO71DV5CBUVZ,Technical Support,7MBSDGR63V,36:51,Escalated,2025-03-06 06:18:13,2025-03-06 06:55:04
2025-03-06 06:59:22,05:17,60BDR9YQSWD3KF8,General Inquiry,XYVECABPIJ,59:53,Resolved,2025-03-06 07:04:39,2025-03-06 08:04:32
2025-03-06 07:18:35,01:28,JBH69ROSUCO5O4U,Technical Support,44JS0VDTJH,17:42,Resolved,2025-03-06 07:20:03,2025-03-06 07:37:45
2025-03-06 08:01:04,02:16,1BMFS11RA8PFEXG,Technical Support,Y3PU7SF7MX,30:41,Resolved,2025-03-06 08:03:20,2025-03-06 08:34:01
2025-03-06 11:25:49,08:22,IVYXYA8CQ8MTOTI,Technical Support,F4UJGWI632,35:56,Pending,2025-03-06 11:34:11,2025-03-06 12:10:07
2025-03-06 11:57:09,09:45,Q46DUCTQEIQ61TH,Technical Support,QKJW9MJ1FN,04:53,Resolved,2025-03-06 12:06:54,2025-03-06 12:11:47
2025-03-06 13:43:04,01:20,81JYWCYGW401J29,Technical Support,ZO0Y9E4YJE,19:55,Resolved,2025-03-06 13:44:24,2025-03-06 14:04:19
2025-03-06 13:59:12,01:41,6KPM432SNVES2P6,Feedback,IVCJMO7R6X,56:46,Resolved,2025-03-06 14:00:53,2025-03-06 14:57:39
2025-03-06 14:15:25,04:34,1H36VWG0GZIRLCB,Technical Support,TVC724P4JN,29:27,Resolved,2025-03-06 14:19:59,2025-03-06 14:49:26
2025-03-06 14:34:18,04:17,UC28TT8G6P4S7ZO,Technical Support,9JZJVY4LYR,38:23,Pending,2025-03-06 14:38:35,2025-03-06 15:16:58
2025-03-06 15:16:22,09:35,WTD51SW9X6CZU9Z,Account Management,84BIZX56CX,54:05,Resolved,2025-03-06 15:25:57,2025-03-06 16:20:02
2025-03-06 15:38:36,02:42,837BH2F4JTZDEF9,Account Management,80CPEP3UQC,50:13,Resolved,2025-03-06 15:41:18,2025-03-06 16:31:31
2025-03-06 16:52:32,01:34,BDWBCJIQD93JPPB,Account Management,5ZHF59CO65,38:45,Resolved,2025-03-06 16:54:06,2025-03-06 17:32:51
2025-03-06 17:23:22,02:48,WULKC4B8ZIO9SLT,Technical Support,CUTPTYVKGA,20:25,Escalated,2025-03-06 17:26:10,2025-03-06 17:46:35
2025-03-06 19:18:23,02:39,MICQMQKG4UN0CBU,Billing,V20HMRVLGQ,40:41,Resolved,2025-03-06 19:21:02,2025-03-06 20:01:43
2025-03-06 23:18:05,06:35,W3U1JN4NFKUEQ0X,Billing,PZ03EAIP33,27:06,Pending,2025-03-06 23:24:40,2025-03-06 23:51:46
2025-03-06 23:55:29,00:39,ZOIKB0W4XV9764H,Technical Support,TMPPSC4TH2,56:49,Resolved,2025-03-06 23:56:08,2025-03-07 00:52:57
2025-03-07 00:31:59,04:36,VSA12XKX4792LT7,Technical Support,KVJV1E2HB9,53:15,Resolved,2025-03-07 00:36:35,2025-03-07 01:29:50
2025-03-07 00:38:18,06:10,JKOIETID39FCWAF,General Inquiry,6X3YD9OB2R,31:01,Pending,2025-03-07 00:44:28,2025-03-07 01:15:29
2025-03-07 01:24:46,06:35,8J4T4HH7MQ9X45F,Technical Support,RKZOW9FAW4,35:02,Resolved,2025-03-07 01:31:21,2025-03-07 02:06:23
2025-03-07 01:44:26,05:36,YC2K7UWKPRECUMT,Billing,HOHX6DGGJB,14:01,Resolved,2025-03-07 01:50:02,2025-03-07 02:04:03
2025-03-07 02:06:08,03:58,4YKTVQR0GLKS3DZ,Feedback,QKJW9MJ1FN,10:43,Resolved,2025-03-07 02:10:06,2025-03-07 02:20:49
2025-03-07 02:30:37,06:27,RM91H1BDHGFYU66,Technical Support,457067XAP5,09:15,Resolved,2025-03-07 02:37:04,2025-03-07 02:46:19
2025-03-07 03:21:23,07:08,68VXVDVAQHDY87W,Billing,F4UJGWI632,37:21,Resolved,2025-03-07 03:28:31,2025-03-07 04:05:52
2025-03-07 04:06:07,04:04,A7YG2EI2MFPGBGT,Service Outage,IIIXK34IJ6,46:05,Resolved,2025-03-07 04:10:11,2025-03-07 04:56:16
2025-03-07 04:50:57,09:15,CT4MCUXVRVOZ7IM,Billing,HWCQ2TQ0IY,41:07,Resolved,2025-03-07 05:00:12,2025-03-07 05:41:19
2025-03-07 05:00:04,08:55,3ZF6ZSJX687HLCW,Billing,9CLZ63AUJO,06:31,Resolved,2025-03-07 05:08:59,2025-03-07 05:15:30
2025-03-07 05:09:33,05:00,H67AQR3YF9SC9CQ,Technical Support,EK8VO248TP,10:36,Resolved,2025-03-07 05:14:33,2025-03-07 05:25:09
2025-03-07 06:59:01,10:00,MCUS4T435FG6S5V,Billing,D2TZHENPQB,57:14,Resolved,2025-03-07 07:09:01,2025-03-07 08:06:15
2025-03-07 07:12:07,02:21,A8Y83O69C7T6RYI,Technical Support,HWCQ2TQ0IY,16:02,Resolved,2025-03-07 07:14:28,2025-03-07 07:30:30
2025-03-07 08:03:17,06:46,PQPTMEIN7SAOQPP,Technical Support,WL0Y0R0O9V,37:33,Pending,2025-03-07 08:10:03,2025-03-07 08:47:36
2025-03-07 09:27:15,01:52,A6MO42TQQECWXVT,General Inquiry,5VNLH19TUN,08:58,Resolved,2025-03-07 09:29:07,2025-03-07 09:38:05
2025-03-07 10:25:14,03:41,9V7K5KOBXJHVJN0,Technical Support,XE5WIXCMS6,21:00,Resolved,2025-03-07 10:28:55,2025-03-07 10:49:55
2025-03-07 11:16:18,04:24,YQK62W1RP8GXQFC,Technical Support,D4AJ1PF4A3,11:39,Resolved,2025-03-07 11:20:42,2025-03-07 11:32:21
2025-03-07 11:35:00,04:45,M5UK1IIN9UHU7GR,Service Outage,BPMJS8EW15,57:21,Resolved,2025-03-07 11:39:45,2025-03-07 12:37:06
2025-03-07 11:52:47,02:49,LCI9D1L2NF117E9,Technical Support,59JLNXQF04,20:10,Resolved,2025-03-07 11:55:36,2025-03-07 12:15:46
2025-03-07 12:30:55,04:07,C6N33WMB9IVPJSW,Technical Support,LLH4X2TYCI,13:50,Resolved,2025-03-07 12:35:02,2025-03-07 12:48:52
2025-03-07 12:49:45,02:45,K4RMY1N27CYCKC5,Billing,FCT1GG1XFB,17:28,Resolved,2025-03-07 12:52:30,2025-03-07 13:09:58
2025-03-07 13:52:14,07:27,JMT30BWQAPDSBJ5,General Inquiry,6X3YD9OB2R,53:24,Resolved,2025-03-07 13:59:41,2025-03-07 14:53:05
2025-03-07 14:04:30,03:53,I6HOAQ1RZLNL40M,Billing,VD1D20T3OW,09:32,Pending,2025-03-07 14:08:23,2025-03-07 14:17:55
2025-03-07 15:23:55,07:50,4DNGQ2JV1PD2Y8H,Account Management,2ALL1VH8LI,20:39,Resolved,2025-03-07 15:31:45,2025-03-07 15:52:24
2025-03-07 16:27:01,09:57,HD67FKV1AK0HHOK,Technical Support,Y5JKXHF0W0,47:17,Pending,2025-03-07 16:36:58,2025-03-07 17:24:15
2025-03-07 16:56:43,09:35,1PR5BS2PQKK93EB,Billing,0761T5NPZW,49:27,Resolved,2025-03-07 17:06:18,2025-03-07 17:55:45
2025-03-07 18:20:47,09:17,EIWFO3LM50GJMQ0,Service Outage,0761T5NPZW,21:07,Resolved,2025-03-07 18:30:04,2025-03-07 18:51:11
2025-03-07 18:25:19,06:23,00ZJV4P2VH88JT9,Technical Support,407MBTYMFR,21:16,Resolved,2025-03-07 18:31:42,2025-03-07 18:52:58
2025-03-07 19:17:02,07:38,P4JRMELQZA2IL6V,Technical Support,WKF6TOLNPJ,47:23,Pending,2025-03-07 19:24:40,2025-03-07 20:12:03
2025-03-07 19:44:10,01:51,5PIH9K4TQYQ4RBP,Technical Support,P2VQ1VBCR9,30:43,Pending,2025-03-07 19:46:01,2025-03-07 20:16:44
2025-03-07 20:27:39,04:03,8KA9HSZAA6LMU0X,Technical Support,39FAPH8540,31:44,Resolved,2025-03-07 20:31:42,2025-03-07 21:03:26
2025-03-07 21:41:27,07:13,55VPHRHH22J34N2,Billing,KCP6C30POO,10:32,Resolved,2025-03-07 21:48:40,2025-03-07 21:59:12
2025-03-08 00:06:43,01:16,7TUL2G0TQXD9H25,Billing,UAD4IIQV37,39:39,Resolved,2025-03-08 00:07:59,2025-03-08 00:47:38
2025-03-08 00:19:19,04:08,53YI7ZKV489G37Y,Technical Support,HCAJOQF4ID,44:23,Resolved,2025-03-08 00:23:27,2025-03-08 01:07:50
2025-03-08 03:17:33,02:56,T7VB59S6CYJFGHN,General Inquiry,OJG75KVJ38,26:37,Pending,2025-03-08 03:20:29,2025-03-08 03:47:06
2025-03-08 04:40:42,02:42,KFO2REEBZ10M98O,Technical Support,S79YBSAU2M,31:32,Escalated,2025-03-08 04:43:24,2025-03-08 05:14:56
2025-03-08 04:53:51,05:33,NNX2WIQTAEW6V6W,Technical Support,D40MTMDIVI,21:55,Resolved,2025-03-08 04:59:24,2025-03-08 05:21:19
2025-03-08 05:56:59,02:31,PK69LWMX37TMNUD,General Inquiry,1KPQELPP7X,14:30,Resolved,2025-03-08 05:59:30,2025-03-08 06:14:00
2025-03-08 07:22:31,00:44,SOC0HARMSQ2W8GO,Technical Support,NNI0IVHS1M,42:01,Resolved,2025-03-08 07:23:15,2025-03-08 08:05:16
2025-03-08 07:51:38,07:18,39J8ZF33TFANA8U,Technical Support,XYVECABPIJ,10:02,Resolved,2025-03-08 07:58:56,2025-03-08 08:08:58
2025-03-08 08:56:12,07:10,OZPJC1SINXKUN3B,Technical Support,XNFZ8S7SGX,34:02,Resolved,2025-03-08 09:03:22,2025-03-08 09:37:24
2025-03-08 09:06:22,07:49,GSAR0UKRKTCI90U,Technical Support,QZHW5WV8YV,47:08,Resolved,2025-03-08 09:14:11,2025-03-08 10:01:19
2025-03-08 09:13:19,06:21,WP4W8L7YRXZM8I4,Account Management,VD1D20T3OW,38:28,Resolved,2025-03-08 09:19:40,2025-03-08 09:58:08
2025-03-08 09:33:27,09:12,ETB2IOZ4O6UPB4N,Technical Support,P0N9BW3KN3,41:29,Escalated,2025-03-08 09:42:39,2025-03-08 10:24:08
2025-03-08 09:48:36,03:11,O0YUX0TFCA6TEK0,Technical Support,ZUXH88ENJX,14:52,Resolved,2025-03-08 09:51:47,2025-03-08 10:06:39
2025-03-08 10:31:46,05:39,S5FYSS6RILXEDFM,Technical Support,2XIHPOZH4B,59:20,Resolved,2025-03-08 10:37:25,2025-03-08 11:36:45
2025-03-08 11:08:29,03:13,OK36EOC0QCZ68RC,Account Management,PJDR4E2INL,08:43,Resolved,2025-03-08 11:11:42,2025-03-08 11:20:25
2025-03-08 12:03:25,01:17,ICPQ6S7VAM9V2J0,Technical Support,PEVGAFDH75,41:55,Resolved,2025-03-08 12:04:42,2025-03-08 12:46:37
2025-03-08 12:21:50,00:23,LZKXMZBMUZTTMCJ,Technical Support,44JS0VDTJH,03:24,Resolved,2025-03-08 12:22:13,2025-03-08 12:25:37
2025-03-08 13:28:43,07:24,TT0BGBSQGNZMXGA,Technical Support,Y81QMU4K4A,29:46,Resolved,2025-03-08 13:36:07,2025-03-08 14:05:53
2025-03-08 14:36:57,06:25,EVLSRKPMQKHJVO1,Technical Support,SMDTYF01A6,49:29,Resolved,2025-03-08 14:43:22,2025-03-08 15:32:51
2025-03-08 16:12:50,09:36,BKP4VA9U8L4OB70,Technical Support,EK8VO248TP,08:47,Resolved,2025-03-08 16:22:26,2025-03-08 16:31:13
2025-03-08 16:37:27,08:40,BBJD95HJSL23BTA,Technical Support,80CPEP3UQC,46:34,Resolved,2025-03-08 16:46:07,2025-03-08 17:32:41
2025-03-08 18:58:25,09:56,ZQ1ARWKD10TN4H6,Feedback,N3QX77XZ3T,32:36,Resolved,2025-03-08 19:08:21,2025-03-08 19:40:57
2025-03-08 20:41:50,07:24,1ZY9HQCIBA78EA2,Technical Support,N73YDXWYJP,49:47,Escalated,2025-03-08 20:49:14,2025-03-08 21:39:01
2025-03-08 21:56:57,05:54,RECG62HZZJ1HJE1,Technical Support,RPT5QREKGU,07:38,Resolved,2025-03-08 22:02:51,2025-03-08 22:10:29
2025-03-08 22:17:12,09:12,OOQPOPGIM2YCVFZ,Account Management,8883INFQI0,25:53,Resolved,2025-03-08 22:26:24,2025-03-08 22:52:17
2025-03-09 01:56:25,08:08,82SEXVPVDGGUZ39,Account Management,TMPPSC4TH2,56:52,Resolved,2025-03-09 02:04:33,2025-03-09 03:01:25
2025-03-09 03:09:40,03:50,FQ5D0ZZV6YLJRZP,Technical Support,F4UJGWI632,56:13,Resolved,2025-03-09 03:13:30,2025-03-09 04:09:43
2025-03-09 04:06:46,03:45,YK0BT8FFXW0B3GP,Technical Support,PZ03EAIP33,05:33,Resolved,2025-03-09 04:10:31,2025-03-09 04:16:04
2025-03-09 06:12:13,00:53,O0N4RVAYT0PAJ1U,Account Management,5VEP98O7UQ,59:49,Resolved,2025-03-09 06:13:06,2025-03-09 07:12:55
2025-03-09 06:33:19,00:36,X5ONJEBWY8X6PPU,Technical Support,RNM7SLMP7W,10:24,Resolved,2025-03-09 06:33:55,2025-03-09 06:44:19
2025-03-09 06:44:37,07:15,79RSNCUD7MCNCNH,Cancellation,D2TZHENPQB,58:04,Resolved,2025-03-09 06:51:52,2025-03-09 07:49:56
2025-03-09 06:50:48,07:39,U1QL8TTWSTFRZ21,Technical Support,HA7ZLGSQ93,18:09,Escalated,2025-03-09 06:58:27,2025-03-09 07:16:36
2025-03-09 07:36:03,01:07,O1NUS71DPA41DJY,General Inquiry,RKZOW9FAW4,27:13,Resolved,2025-03-09 07:37:10,2025-03-09 08:04:23
2025-03-09 07:54:30,09:32,OZOBC1VZ8KIJRSS,Technical Support,D6VZTNH4XH,46:44,Resolved,2025-03-09 08:04:02,2025-03-09 08:50:46
2025-03-09 08:34:16,06:59,O8ROOGOIJJ6Q455,Technical Support,7ODCGNJIM6,44:28,Resolved,2025-03-09 08:41:15,2025-03-09 09:25:43
2025-03-09 09:24:45,06:05,5SIX7JG6QTTIV2N,Billing,289K5JYCRI,32:20,Resolved,2025-03-09 09:30:50,2025-03-09 10:03:10
2025-03-09 09:24:22,06:49,YJ5RYQCJHVEMEQQ,Account Management,YA1JOJWQND,18:46,Resolved,2025-03-09 09:31:11,2025-03-09 09:49:57
2025-03-09 09:46:04,03:39,XO05BLRW39G83MV,Billing,HHAMF970JF,13:21,Resolved,2025-03-09 09:49:43,2025-03-09 10:03:04
2025-03-09 10:51:37,09:24,LVDCYEB28SI5YFT,Technical Support,CY235VURQU,48:22,Resolved,2025-03-09 11:01:01,2025-03-09 11:49:23
2025-03-09 11:01:11,07:03,V5JQM9UI74TDNJ3,Technical Support,ADM4GLNMAU,45:12,Resolved,2025-03-09 11:08:14,2025-03-09 11:53:26
2025-03-09 11:09:33,05:36,3AARSUF1GT39CT9,Account Management,3V48BHVVEW,04:01,Resolved,2025-03-09 11:15:09,2025-03-09 11:19:10
2025-03-09 11:12:41,05:40,L7IVGPU4XUGRQGQ,Technical Support,JTHTSTBZJK,23:40,Resolved,2025-03-09 11:18:21,2025-03-09 11:42:01
2025-03-09 11:39:46,02:30,MR56J6DI9N0J2NJ,Billing,DHDIAGAL5D,46:29,Resolved,2025-03-09 11:42:16,2025-03-09 12:28:45
2025-03-09 12:00:29,05:14,4M2YQR8HMB8CTA3,Billing,JSA39T01BU,24:29,Resolved,2025-03-09 12:05:43,2025-03-09 12:30:12
2025-03-09 12:18:05,03:56,19PX76TV8HSOHOI,Feedback,1VG1M0PIBT,47:18,Resolved,2025-03-09 12:22:01,2025-03-09 13:09:19
2025-03-09 12:38:52,09:39,OJU5RQXM2WCP83M,Billing,7FVFE6CUFZ,53:43,Resolved,2025-03-09 12:48:31,2025-03-09 13:42:14
2025-03-09 13:09:18,08:57,FXAERF8MZPR34QA,Technical Support,5VNLH19TUN,11:32,Resolved,2025-03-09 13:18:15,2025-03-09 13:29:47
2025-03-09 14:21:25,01:05,C7T020COSPTDDD7,Service Outage,085B1M387E,31:42,Escalated,2025-03-09 14:22:30,2025-03-09 14:54:12
2025-03-09 14:21:18,02:30,J4TKZFWOX6ERFWW,Technical Support,28OUVNJ3FH,46:44,Resolved,2025-03-09 14:23:48,2025-03-09 15:10:32
2025-03-09 14:38:52,02:59,KEWGYUQ6ACP9JFV,Billing,U6QDU5HHQQ,08:50,Resolved,2025-03-09 14:41:51,2025-03-09 14:50:41
2025-03-09 14:44:34,09:53,8KM9A7FTO2G1CVC,Technical Support,EK8VO248TP,59:20,Resolved,2025-03-09 14:54:27,2025-03-09 15:53:47
2025-03-09 15:07:13,04:45,QKECZ7PZT9THF34,Technical Support,X3A9VTDJEX,50:04,Escalated,2025-03-09 15:11:58,2025-03-09 16:02:02
2025-03-09 16:36:23,01:25,DSN3X49MV23S1AR,Technical Support,80CPEP3UQC,33:27,Resolved,2025-03-09 16:37:48,2025-03-09 17:11:15
2025-03-09 16:48:46,02:04,XD5MJ7UVF00JFOG,Technical Support,Y3QO4LFI83,15:55,Pending,2025-03-09 16:50:50,2025-03-09 17:06:45
2025-03-09 16:54:47,00:38,9JYQF6R2T8AMG58,Technical Support,0761T5NPZW,13:00,Resolved,2025-03-09 16:55:25,2025-03-09 17:08:25
2025-03-09 17:46:51,08:31,CDKK7K7M3NWHWW6,Billing,289K5JYCRI,56:16,Escalated,2025-03-09 17:55:22,2025-03-09 18:51:38
2025-03-09 18:34:19,07:53,LRA1HB5JCZ5463X,Billing,ZOO6BBUCOH,30:02,Resolved,2025-03-09 18:42:12,2025-03-09 19:12:14
2025-03-09 19:10:29,08:16,GXOS6DUHNZCP6RS,Technical Support,O8C1FO5MR8,27:35,Resolved,2025-03-09 19:18:45,2025-03-09 19:46:20
2025-03-09 19:22:48,04:12,LRONH73ACGRBNP4,Billing,3U00VGSYNE,55:39,Resolved,2025-03-09 19:27:00,2025-03-09 20:22:39
2025-03-09 19:56:40,04:19,NULKHAK2SEJV3YK,Billing,Y3QO4LFI83,55:16,Resolved,2025-03-09 20:00:59,2025-03-09 20:56:15
2025-03-09 20:27:24,06:23,85CR5VEVEPXCX8C,Account Management,1A7LSHX07S,31:26,Resolved,2025-03-09 20:33:47,2025-03-09 21:05:13
2025-03-09 20:35:49,01:26,652D90E5V1X1I95,Billing,V20HMRVLGQ,16:37,Resolved,2025-03-09 20:37:15,2025-03-09 20:53:52
2025-03-09 21:50:25,06:54,764M6H5YDCAO2G1,General Inquiry,X6943R0AP1,38:03,Resolved,2025-03-09 21:57:19,2025-03-09 22:35:22
2025-03-09 22:04:08,01:10,P2GYG20MNVFA86I,Technical Support,XOHMTMZEUN,01:12,Resolved,2025-03-09 22:05:18,2025-03-09 22:06:30
2025-03-09 22:15:19,07:50,2BTQOP3RLGWLWB8,Technical Support,HA7ZLGSQ93,51:49,Resolved,2025-03-09 22:23:09,2025-03-09 23:14:58
2025-03-09 22:17:35,09:57,T3Z9BVMM9G461EJ,Technical Support,MJL5QJH840,54:12,Resolved,2025-03-09 22:27:32,2025-03-09 23:21:44
2025-03-09 22:39:51,08:57,EJM3WVFYORS3GHC,Technical Support,CQIEOPYM2X,17:33,Resolved,2025-03-09 22:48:48,2025-03-09 23:06:21
2025-03-09 22:53:36,05:37,ZPXM47K4UCRBUAT,Service Outage,1A4C3UMET3,04:02,Resolved,2025-03-09 22:59:13,2025-03-09 23:03:15
2025-03-09 22:58:14,01:09,9BBWXOEP3P44TL6,Technical Support,S6O4QFAVC5,21:35,Resolved,2025-03-09 22:59:23,2025-03-09 23:20:58
2025-03-10 00:47:32,09:43,DS4T3FJO5BICFJD,Billing,HWCQ2TQ0IY,14:26,Pending,2025-03-10 00:57:15,2025-03-10 01:11:41
2025-03-10 01:18:45,01:45,20A6QUFKC2UCF6X,Technical Support,NWKUZC5IP3,27:08,Escalated,2025-03-10 01:20:30,2025-03-10 01:47:38
2025-03-10 02:36:45,07:37,652K5OHKJVMQYEF,Billing,UU8K4SSRXB,23:11,Pending,2025-03-10 02:44:22,2025-03-10 03:07:33
2025-03-10 04:14:33,06:50,1XBR6WG1X529T2N,General Inquiry,2K3P8D3XK4,16:10,Resolved,2025-03-10 04:21:23,2025-03-10 04:37:33
2025-03-10 05:22:12,06:14,LY9BSIHSC4UADFV,Technical Support,P0N9BW3KN3,17:47,Resolved,2025-03-10 05:28:26,2025-03-10 05:46:13
2025-03-10 06:10:47,06:58,KQU6ZNLF50BZY4J,Technical Support,8ACJRX8UY3,27:57,Resolved,2025-03-10 06:17:45,2025-03-10 06:45:42
2025-03-10 06:19:28,09:23,8EKDQDAD0GA7Q1F,Billing,YI15YKJ0XL,16:43,Resolved,2025-03-10 06:28:51,2025-03-10 06:45:34
2025-03-10 06:50:00,06:14,9G28ODTI9BP1S88,Technical Support,V20HMRVLGQ,19:50,Resolved,2025-03-10 06:56:14,2025-03-10 07:16:04
2025-03-10 07:00:36,09:34,F1D0O0J5GDR7YYG,Billing,X3A9VTDJEX,29:26,Resolved,2025-03-10 07:10:10,2025-03-10 07:39:36
2025-03-10 07:50:26,09:52,V7KI4LL7ZTFVZWA,Feedback,VD1D20T3OW,53:16,Resolved,2025-03-10 08:00:18,2025-03-10 08:53:34
2025-03-10 07:59:53,02:04,1HP7H14DQGM5OK5,Account Management,IIIXK34IJ6,46:27,Resolved,2025-03-10 08:01:57,2025-03-10 08:48:24
2025-03-10 08:14:00,02:08,DU6T7UGMSXD1YEM,Account Management,D2TZHENPQB,12:36,Resolved,2025-03-10 08:16:08,2025-03-10 08:28:44
2025-03-10 09:59:52,03:32,BXFNZA66Y363FY1,Technical Support,0F8YFNUIYL,56:51,Pending,2025-03-10 10:03:24,2025-03-10 11:00:15
2025-03-10 10:52:16,06:35,JZMFLKS91IOMNJY,Technical Support,XH7VE1JYPI,44:29,Resolved,2025-03-10 10:58:51,2025-03-10 11:43:20
2025-03-10 13:04:47,07:03,MUTABPCO16LRIPG,Service Outage,BPMJS8EW15,52:55,Pending,2025-03-10 13:11:50,2025-03-10 14:04:45
2025-03-10 13:52:36,02:57,6NNX3Y9IO3C2TN0,Account Management,1AL9HOBOYN,30:20,Resolved,2025-03-10 13:55:33,2025-03-10 14:25:53
2025-03-10 14:05:39,08:31,VBJL7UGI35DGAW0,Technical Support,IIIXK34IJ6,33:13,Resolved,2025-03-10 14:14:10,2025-03-10 14:47:23
2025-03-10 16:18:41,04:46,2NT1KD63N1G9MNK,Billing,PHRUFX08XU,32:40,Resolved,2025-03-10 16:23:27,2025-03-10 16:56:07
2025-03-10 19:43:45,04:42,4WJKQZPLBVSD459,Technical Support,A8LBHR4AJZ,49:08,Resolved,2025-03-10 19:48:27,2025-03-10 20:37:35
2025-03-10 19:58:27,09:35,WU7NKRCD66CTCGK,Technical Support,CQIEOPYM2X,29:55,Resolved,2025-03-10 20:08:02,2025-03-10 20:37:57
2025-03-10 20:59:06,08:30,XG3TIZXEGJQKERF,Billing,PHRUFX08XU,37:32,Resolved,2025-03-10 21:07:36,2025-03-10 21:45:08
2025-03-10 23:14:36,03:31,R01HCX5AQ7E76P3,Account Management,44JS0VDTJH,37:12,Resolved,2025-03-10 23:18:07,2025-03-10 23:55:19
2025-03-10 23:56:41,00:31,GIDCBEGVCJU1KDB,Technical Support,GFAPSA0GZ7,21:00,Resolved,2025-03-10 23:57:12,2025-03-11 00:18:12
2025-03-11 00:48:52,01:50,ZLIVH4IFLOJ89QB,Service Outage,1L5GLHAFEB,02:40,Resolved,2025-03-11 00:50:42,2025-03-11 00:53:22
2025-03-11 01:01:25,03:24,Y53NK6O7SMN2R33,General Inquiry,E5O2YP19ZM,59:47,Resolved,2025-03-11 01:04:49,2025-03-11 02:04:36
2025-03-11 01:58:17,01:53,YTJSNWXJFI9PWCI,Technical Support,XI049RV3AX,51:58,Resolved,2025-03-11 02:00:10,2025-03-11 02:52:08
2025-03-11 03:07:44,05:49,X5W3EH0F71K5T1R,Billing,AT7A0210XJ,39:43,Resolved,2025-03-11 03:13:33,2025-03-11 03:53:16
2025-03-11 03:41:19,04:50,8GH41IG47SEOJPJ,General Inquiry,28OUVNJ3FH,08:52,Resolved,2025-03-11 03:46:09,2025-03-11 03:55:01
2025-03-11 05:39:12,00:40,Y9WTANR5ZRLOHAC,Technical Support,MJL5QJH840,09:37,Resolved,2025-03-11 05:39:52,2025-03-11 05:49:29
2025-03-11 05:38:21,08:27,JNZ9LBJY2VTQRXT,Technical Support,RKZOW9FAW4,57:03,Resolved,2025-03-11 05:46:48,2025-03-11 06:43:51
2025-03-11 07:08:35,03:18,4FIGZIWKMOYOF6J,Technical Support,HOHX6DGGJB,01:01,Resolved,2025-03-11 07:11:53,2025-03-11 07:12:54
2025-03-11 08:12:21,03:08,G4N1FJDTQKHZNWH,Technical Support,1XGII9RM6R,57:23,Resolved,2025-03-11 08:15:29,2025-03-11 09:12:52
2025-03-11 09:31:40,01:24,D5AWY3PHXHFIY73,Technical Support,V62ER53MJK,25:37,Resolved,2025-03-11 09:33:04,2025-03-11 09:58:41
2025-03-11 09:39:39,02:00,PGAYC0ORJNUR9T8,Service Outage,F33U576PJU,19:25,Resolved,2025-03-11 09:41:39,2025-03-11 10:01:04
2025-03-11 09:43:23,08:09,AYGX3A667RO8H0W,Technical Support,007NG3XQ3G,39:39,Resolved,2025-03-11 09:51:32,2025-03-11 10:31:11
2025-03-11 10:03:54,05:29,OUULOZZUJ18L1ZK,Billing,WL0Y0R0O9V,25:53,Resolved,2025-03-11 10:09:23,2025-03-11 10:35:16
2025-03-11 10:39:13,10:00,MZW8AZGSMN3NDQQ,Billing,5VNLH19TUN,34:23,Resolved,2025-03-11 10:49:13,2025-03-11 11:23:36
2025-03-11 10:44:19,06:20,GLKMCDR2QDXLKLH,Technical Support,R8XXYL17EA,53:04,Escalated,2025-03-11 10:50:39,2025-03-11 11:43:43
2025-03-11 11:28:14,09:51,6KK0L9TJ5JUFD0D,Technical Support,XEWXNQAQ1M,41:00,Resolved,2025-03-11 11:38:05,2025-03-11 12:19:05
2025-03-11 11:39:19,03:05,5PKTX8SLXM01FAW,Technical Support,YI15YKJ0XL,06:17,Resolved,2025-03-11 11:42:24,2025-03-11 11:48:41
2025-03-11 12:42:44,07:21,HS5VA32QJ6COKXK,Account Management,GVLOFG1PYV,10:59,Resolved,2025-03-11 12:50:05,2025-03-11 13:01:04
2025-03-11 13:49:14,03:12,HM1NGHBTXCKRT9A,General Inquiry,GVLOFG1PYV,17:23,Resolved,2025-03-11 13:52:26,2025-03-11 14:09:49
2025-03-11 13:47:51,08:56,OZ1ADBFOWAFA4DM,Billing,1LFL7ED7C7,54:52,Resolved,2025-03-11 13:56:47,2025-03-11 14:51:39
2025-03-11 14:06:38,04:05,QVR9FKI1FMJ6KEM,Account Management,S79YBSAU2M,35:17,Pending,2025-03-11 14:10:43,2025-03-11 14:46:00
2025-03-11 14:34:40,09:08,6FW8JGNK4HE9LD9,Technical Support,9Q68LCMIE2,47:16,Resolved,2025-03-11 14:43:48,2025-03-11 15:31:04
2025-03-11 16:03:24,01:48,6W20GMD1YNTWJBT,Technical Support,U6QDU5HHQQ,32:14,Resolved,2025-03-11 16:05:12,2025-03-11 16:37:26
2025-03-11 16:32:34,05:55,JQHC7YMOXCABCOL,Billing,XTT9VHOD0A,31:30,Resolved,2025-03-11 16:38:29,2025-03-11 17:09:59
2025-03-11 16:50:55,06:38,D8KOCS14O2BX9J9,General Inquiry,5ZHF59CO65,37:51,Pending,2025-03-11 16:57:33,2025-03-11 17:35:24
2025-03-11 17:53:08,07:53,Q0CBRKK7HN7QD13,Billing,YEP4P8AQ7E,16:35,Resolved,2025-03-11 18:01:01,2025-03-11 18:17:36
2025-03-11 19:47:11,08:08,22ILFC944DLSCAA,Billing,HOHX6DGGJB,38:10,Resolved,2025-03-11 19:55:19,2025-03-11 20:33:29
2025-03-11 21:10:00,02:23,8FPOH1PZJ1BLM7D,Account Management,X6943R0AP1,21:50,Resolved,2025-03-11 21:12:23,2025-03-11 21:34:13
2025-03-11 22:57:07,02:07,0FW40ODYS5OI7MX,Billing,Y3QO4LFI83,12:23,Resolved,2025-03-11 22:59:14,2025-03-11 23:11:37
2025-03-11 23:01:13,06:01,3V4KMEW4QJ0F60M,Technical Support,HCAJOQF4ID,24:46,Resolved,2025-03-11 23:07:14,2025-03-11 23:32:00
2025-03-11 23:25:40,01:07,LJYXL5VQ5EXYI79,General Inquiry,ZUXH88ENJX,05:19,Resolved,2025-03-11 23:26:47,2025-03-11 23:32:06
2025-03-12 00:18:13,02:41,R261SZATKNKMHXD,Technical Support,HDCBSCKPWK,29:55,Escalated,2025-03-12 00:20:54,2025-03-12 00:50:49
2025-03-12 00:19:56,05:00,HC0ECBJSLX9JKN6,General Inquiry,YI15YKJ0XL,21:21,Resolved,2025-03-12 00:24:56,2025-03-12 00:46:17
2025-03-12 00:25:17,06:59,SSCOJ0VHL84Q22A,Technical Support,D40MTMDIVI,42:35,Resolved,2025-03-12 00:32:16,2025-03-12 01:14:51
2025-03-12 00:37:22,00:15,URSNIEK56GGFQLZ,Billing,42AOT9NYX1,18:16,Resolved,2025-03-12 00:37:37,2025-03-12 00:55:53
2025-03-12 02:05:02,02:12,7XXHNCO9IHL2ICA,Billing,HDCBSCKPWK,33:59,Resolved,2025-03-12 02:07:14,2025-03-12 02:41:13
2025-03-12 04:21:55,06:51,GPLEWWYQJYFM5SR,Technical Support,ME4CIBW9U7,33:20,Resolved,2025-03-12 04:28:46,2025-03-12 05:02:06
2025-03-12 04:59:04,03:28,DAJOKOHXREZ46RQ,Technical Support,S6O4QFAVC5,03:14,Resolved,2025-03-12 05:02:32,2025-03-12 05:05:46
2025-03-12 05:45:04,00:58,IEH6GP00DVBGN8W,General Inquiry,28OUVNJ3FH,16:00,Resolved,2025-03-12 05:46:02,2025-03-12 06:02:02
2025-03-12 06:28:00,05:31,TA7MQRVNXZZX573,Account Management,KCP6C30POO,45:51,Resolved,2025-03-12 06:33:31,2025-03-12 07:19:22
2025-03-12 07:10:53,05:12,OCUPD7LFUF8ADFR,General Inquiry,SUQQIYD01T,31:12,Resolved,2025-03-12 07:16:05,2025-03-12 07:47:17
2025-03-12 08:03:57,09:25,PDZ21UAONLAOCL6,Billing,ZUXH88ENJX,52:22,Pending,2025-03-12 08:13:22,2025-03-12 09:05:44
2025-03-12 11:00:22,01:01,WGB0JRYNTWSCGW6,Billing,D0T2KSCXMU,23:44,Resolved,2025-03-12 11:01:23,2025-03-12 11:25:07
2025-03-12 11:08:16,08:54,NAV9CHG5LQG2CL2,Technical Support,8BG1XV1CR5,36:07,Escalated,2025-03-12 11:17:10,2025-03-12 11:53:17
2025-03-12 11:12:48,06:12,OM7QYW7B103PHWQ,Technical Support,17UN2SAOKL,10:03,Resolved,2025-03-12 11:19:00,2025-03-12 11:29:03
2025-03-12 12:11:32,07:41,NXALD7TOB1UM3KG,Technical Support,Y3QO4LFI83,46:21,Resolved,2025-03-12 12:19:13,2025-03-12 13:05:34
2025-03-12 14:28:39,02:22,7PK1O2BKTKYE0HB,Technical Support,9JZJVY4LYR,42:23,Resolved,2025-03-12 14:31:01,2025-03-12 15:13:24
2025-03-12 14:58:19,03:52,BZVMYZY173M99EX,Technical Support,WWJ8DQZ4IM,13:53,Resolved,2025-03-12 15:02:11,2025-03-12 15:16:04
2025-03-12 15:50:12,03:09,Q8KDAJXRKSJY63H,Technical Support,609A9M75Q7,30:47,Resolved,2025-03-12 15:53:21,2025-03-12 16:24:08
2025-03-12 17:25:51,05:44,M1BPB8CNBPJ45BA,General Inquiry,007NG3XQ3G,47:03,Resolved,2025-03-12 17:31:35,2025-03-12 18:18:38
2025-03-12 17:48:30,02:35,HMJ5YGHZAGILNTR,Billing,RNM7SLMP7W,39:40,Resolved,2025-03-12 17:51:05,2025-03-12 18:30:45
2025-03-12 18:14:54,09:26,1IZNEP6XQMPOGMW,Billing,HM6AWFF2KK,10:24,Pending,2025-03-12 18:24:20,2025-03-12 18:34:44
2025-03-12 18:26:57,08:36,KIFLJ20XWGB047R,Billing,289K5JYCRI,43:05,Resolved,2025-03-12 18:35:33,2025-03-12 19:18:38
2025-03-12 18:54:25,08:37,OGD7MTKG7LPKS78,General Inquiry,HM6AWFF2KK,01:31,Resolved,2025-03-12 19:03:02,2025-03-12 19:04:33
2025-03-12 19:07:22,04:20,8AAS36S8Q2J9VXB,Technical Support,0R5MVVD23K,08:55,Resolved,2025-03-12 19:11:42,2025-03-12 19:20:37
2025-03-12 19:38:43,09:04,UGABEY0H0SLZF2R,Technical Support,8ACJRX8UY3,19:19,Resolved,2025-03-12 19:47:47,2025-03-12 20:07:06
2025-03-12 20:22:51,09:00,X0Q6KXHNBCLT1EN,Technical Support,CUTPTYVKGA,37:24,Resolved,2025-03-12 20:31:51,2025-03-12 21:09:15
2025-03-12 20:31:53,04:43,CM81NIXAYLISQ88,Technical Support,GVLOFG1PYV,51:11,Resolved,2025-03-12 20:36:36,2025-03-12 21:27:47
2025-03-12 23:53:18,09:26,0HVAAVMU7XF8QTM,Billing,6X3YD9OB2R,48:05,Pending,2025-03-13 00:02:44,2025-03-13 00:50:49
2025-03-13 01:48:09,02:48,U7B2H1KYN5C0NVX,Billing,SUQQIYD01T,19:27,Resolved,2025-03-13 01:50:57,2025-03-13 02:10:24
2025-03-13 02:06:53,03:49,JZU6OE6S8FUWQGP,Billing,2H1OZV7RNC,18:04,Resolved,2025-03-13 02:10:42,2025-03-13 02:28:46
2025-03-13 02:22:08,06:12,B5D46WMVATNYF3U,General Inquiry,XDW8DBKKTA,12:07,Resolved,2025-03-13 02:28:20,2025-03-13 02:40:27
2025-03-13 02:31:20,05:22,TW26TCZERQHHHUL,Technical Support,1VG1M0PIBT,48:12,Resolved,2025-03-13 02:36:42,2025-03-13 03:24:54
2025-03-13 02:52:49,05:15,BE6JQ3L4OF27PX6,Technical Support,SGZUTK9YMS,33:27,Pending,2025-03-13 02:58:04,2025-03-13 03:31:31
2025-03-13 03:13:44,07:11,OTTOJD0VYOPJ9YL,Technical Support,XI049RV3AX,51:17,Resolved,2025-03-13 03:20:55,2025-03-13 04:12:12
2025-03-13 04:00:37,00:54,Q5BXGMHXGT60R0N,Technical Support,TEDTSF5RDM,50:44,Resolved,2025-03-13 04:01:31,2025-03-13 04:52:15
2025-03-13 07:53:51,07:28,NNYCHELJR8GGERT,Technical Support,EOKEEITLLV,59:18,Resolved,2025-03-13 08:01:19,2025-03-13 09:00:37
2025-03-13 10:41:00,06:25,6VNQ466QURPQ0UP,Service Outage,KW1AUC5UYS,33:35,Resolved,2025-03-13 10:47:25,2025-03-13 11:21:00
2025-03-13 10:52:42,09:52,O7L7QFF4C6GPIDZ,Billing,2H1OZV7RNC,28:17,Resolved,2025-03-13 11:02:34,2025-03-13 11:30:51
2025-03-13 11:42:02,09:00,AD7MYJV1J04JTNI,Technical Support,UO4AZA5ZTW,45:51,Pending,2025-03-13 11:51:02,2025-03-13 12:36:53
2025-03-13 12:03:06,01:35,J4GA6TRN9HQ1HDQ,General Inquiry,EOKEEITLLV,30:59,Resolved,2025-03-13 12:04:41,2025-03-13 12:35:40
2025-03-13 12:57:07,04:38,9OE0LTAT6D5B43J,Technical Support,39FAPH8540,13:35,Resolved,2025-03-13 13:01:45,2025-03-13 13:15:20
2025-03-13 13:57:38,07:08,WUABAEDV99ATNO4,Technical Support,KCP6C30POO,29:41,Resolved,2025-03-13 14:04:46,2025-03-13 14:34:27
2025-03-13 14:59:06,08:01,SS67V2073QNLYF6,Technical Support,1KPQELPP7X,53:07,Resolved,2025-03-13 15:07:07,2025-03-13 16:00:14
2025-03-13 15:01:20,08:28,E2MDCE8EFMUQAJV,Technical Support,YUAB483264,24:25,Resolved,2025-03-13 15:09:48,2025-03-13 15:34:13
2025-03-13 15:07:10,06:29,BCMC5LU9PXDUIT3,Technical Support,IXQ62APEP6,55:44,Resolved,2025-03-13 15:13:39,2025-03-13 16:09:23
2025-03-13 16:39:12,04:06,HWMC0NBB64Z992U,General Inquiry,PJDR4E2INL,16:16,Resolved,2025-03-13 16:43:18,2025-03-13 16:59:34
2025-03-13 16:53:40,02:53,R7SJNWKSHETL6MH,Account Management,XEWXNQAQ1M,37:18,Resolved,2025-03-13 16:56:33,2025-03-13 17:33:51
2025-03-13 19:18:30,08:03,BV61ZQHDGZHIBY3,Technical Support,BPMJS8EW15,41:27,Escalated,2025-03-13 19:26:33,2025-03-13 20:08:00
2025-03-13 19:50:28,01:59,LLT8UXE9YFOHF6Q,General Inquiry,IZKBKAZ8RY,54:04,Resolved,2025-03-13 19:52:27,2025-03-13 20:46:31
2025-03-13 20:29:23,01:16,NP781PM85ADOZED,Account Management,XP8FC5XRN6,48:09,Resolved,2025-03-13 20:30:39,2025-03-13 21:18:48
2025-03-13 20:36:01,00:50,IHYHNZMXTDCPRB6,Technical Support,KCP6C30POO,56:15,Resolved,2025-03-13 20:36:51,2025-03-13 21:33:06
2025-03-13 21:37:43,07:17,TQ2G802B390FC0O,Technical Support,1UKGNEP8Q3,36:51,Resolved,2025-03-13 21:45:00,2025-03-13 22:21:51
2025-03-13 21:40:28,08:46,V2X7KIBA5XNZC1H,Technical Support,ME4CIBW9U7,14:02,Resolved,2025-03-13 21:49:14,2025-03-13 22:03:16
2025-03-13 22:10:56,05:14,EABQYYY6D3V3LBB,General Inquiry,VK191ROIQA,39:34,Resolved,2025-03-13 22:16:10,2025-03-13 22:55:44
2025-03-14 01:35:43,03:05,44PJT2H5GWKCL8M,Billing,HE1LT4J38Z,26:56,Resolved,2025-03-14 01:38:48,2025-03-14 02:05:44
2025-03-14 02:51:06,09:05,48UUQGAF30HFVO2,Technical Support,COSU7XWCCI,22:29,Pending,2025-03-14 03:00:11,2025-03-14 03:22:40
2025-03-14 03:47:46,01:11,B9B2VPY1ZM0305Q,Account Management,0Y1E3L6NGJ,32:31,Resolved,2025-03-14 03:48:57,2025-03-14 04:21:28
2025-03-14 03:59:41,06:01,EF05DN81LD2H4H1,Technical Support,0OWW4LAOB9,55:40,Escalated,2025-03-14 04:05:42,2025-03-14 05:01:22
2025-03-14 04:21:50,02:31,ZJ51Z4YAPIDV66R,Billing,LLH4X2TYCI,32:09,Resolved,2025-03-14 04:24:21,2025-03-14 04:56:30
2025-03-14 06:45:33,08:07,2BCZ8W1MP9YDSLQ,General Inquiry,609A9M75Q7,54:14,Resolved,2025-03-14 06:53:40,2025-03-14 07:47:54
2025-03-14 08:23:33,04:52,X222IT7JR0ZTH5S,General Inquiry,FCT1GG1XFB,13:48,Pending,2025-03-14 08:28:25,2025-03-14 08:42:13
2025-03-14 10:20:30,09:54,GFTZGKPWDCZN6FF,Cancellation,17UN2SAOKL,04:25,Resolved,2025-03-14 10:30:24,2025-03-14 10:34:49
2025-03-14 11:28:26,09:24,0WS0GEUEIITAA17,Technical Support,4HX3UNW16M,37:43,Resolved,2025-03-14 11:37:50,2025-03-14 12:15:33
2025-03-14 13:37:28,05:53,VZIFBY1PYAFQ0VY,Billing,QZHW5WV8YV,34:11,Resolved,2025-03-14 13:43:21,2025-03-14 14:17:32
2025-03-14 13:49:44,08:37,XM764C3WZ9T7HM7,Account Management,42AOT9NYX1,10:25,Resolved,2025-03-14 13:58:21,2025-03-14 14:08:46
2025-03-14 14:09:53,09:33,0ZUZR09KJX4FEH8,Billing,289K5JYCRI,48:36,Resolved,2025-03-14 14:19:26,2025-03-14 15:08:02
2025-03-14 16:01:09,03:28,VJ5LL8TIQLSBOMT,Billing,10JH9ZWS9D,06:05,Resolved,2025-03-14 16:04:37,2025-03-14 16:10:42
2025-03-14 16:17:58,01:00,EMG3SDWBBLBPLQR,General Inquiry,20I5VYLR6Z,54:12,Resolved,2025-03-14 16:18:58,2025-03-14 17:13:10
2025-03-14 18:28:36,02:45,TXAQV3INDESDPOA,Service Outage,KCP6C30POO,40:40,Resolved,2025-03-14 18:31:21,2025-03-14 19:12:01
2025-03-14 18:44:01,09:23,854JMSC2JX1QG2D,General Inquiry,DHDIAGAL5D,53:21,Resolved,2025-03-14 18:53:24,2025-03-14 19:46:45
2025-03-14 19:43:52,09:11,PQA4MZFDXIHHQ0N,Technical Support,8JCHDLU8MR,44:15,Resolved,2025-03-14 19:53:03,2025-03-14 20:37:18
2025-03-14 20:13:26,05:45,TL560ZA1J4BRMO3,Account Management,1LFL7ED7C7,03:03,Pending,2025-03-14 20:19:11,2025-03-14 20:22:14
2025-03-14 20:46:09,03:53,V1EGUJCB3A3GQRZ,Feedback,7FVFE6CUFZ,13:55,Pending,2025-03-14 20:50:02,2025-03-14 21:03:57
2025-03-14 21:18:45,03:25,10JUE4P1BBFQ2IZ,General Inquiry,UO4AZA5ZTW,33:16,Pending,2025-03-14 21:22:10,2025-03-14 21:55:26
2025-03-14 22:20:02,01:14,UCF2XEF0BPHJSOI,Billing,JTHTSTBZJK,34:31,Resolved,2025-03-14 22:21:16,2025-03-14 22:55:47
2025-03-14 22:27:15,00:45,VVF1ED9O9FYB0AJ,Technical Support,3U00VGSYNE,53:35,Resolved,2025-03-14 22:28:00,2025-03-14 23:21:35
2025-03-14 22:26:32,06:59,QOQ78BVLXVIU5DZ,Technical Support,XTT9VHOD0A,01:28,Resolved,2025-03-14 22:33:31,2025-03-14 22:34:59
2025-03-14 23:14:05,03:01,M2OIESSIWTDPH4A,Technical Support,Z7LLIDN5OS,03:50,Resolved,2025-03-14 23:17:06,2025-03-14 23:20:56
2025-03-15 01:54:59,04:32,AKN79I1U9UOWK5S,Technical Support,3U00VGSYNE,05:21,Resolved,2025-03-15 01:59:31,2025-03-15 02:04:52
2025-03-15 03:22:37,00:58,RG8D7EEOYP4X6FD,Technical Support,Z7LLIDN5OS,43:35,Resolved,2025-03-15 03:23:35,2025-03-15 04:07:10
2025-03-15 03:34:54,04:16,PTC4G5LPE7RAK7M,Technical Support,DOWWGH832F,35:09,Resolved,2025-03-15 03:39:10,2025-03-15 04:14:19
2025-03-15 04:05:48,09:37,H9HOAEABZWFZ6JJ,General Inquiry,4HX3UNW16M,45:09,Resolved,2025-03-15 04:15:25,2025-03-15 05:00:34
2025-03-15 08:12:43,06:17,2HRIA9UX2JD9H7W,General Inquiry,1VG1M0PIBT,46:28,Resolved,2025-03-15 08:19:00,2025-03-15 09:05:28
2025-03-15 09:39:00,01:17,Z26XYEN8MXYJL27,Account Management,C3IK5WEMJQ,34:13,Resolved,2025-03-15 09:40:17,2025-03-15 10:14:30
2025-03-15 09:47:18,06:59,MBEI4YDUCRRN8QR,Technical Support,3ZYBQMTA2D,30:41,Resolved,2025-03-15 09:54:17,2025-03-15 10:24:58
2025-03-15 09:50:25,06:44,VJW8JPQB3GSYDG2,Account Management,7ODCGNJIM6,35:57,Resolved,2025-03-15 09:57:09,2025-03-15 10:33:06
2025-03-15 11:43:34,07:24,P53YN7YAS8WD0HN,General Inquiry,YPK1BT8J0S,28:43,Resolved,2025-03-15 11:50:58,2025-03-15 12:19:41
2025-03-15 12:49:15,06:08,RLS0WF24SDBKZ4T,Billing,MJL5QJH840,36:33,Resolved,2025-03-15 12:55:23,2025-03-15 13:31:56
2025-03-15 13:03:13,01:03,W6BJJGN8DPL6P4N,Billing,7YEQF534VU,59:57,Resolved,2025-03-15 13:04:16,2025-03-15 14:04:13
2025-03-15 13:14:22,01:56,KZFV0ATCEK8KZXM,Billing,74UIL5DLP5,04:41,Resolved,2025-03-15 13:16:18,2025-03-15 13:20:59
2025-03-15 13:29:22,01:59,DRYXGEM1X7TC1IA,General Inquiry,IVCJMO7R6X,39:19,Pending,2025-03-15 13:31:21,2025-03-15 14:10:40
2025-03-15 13:38:10,07:56,HASUR5E9BABSMSE,Technical Support,LA6EDSJ032,08:42,Resolved,2025-03-15 13:46:06,2025-03-15 13:54:48
2025-03-15 14:12:40,02:26,AO6XZ0S992VLN1H,Account Management,V2TPUT8ER8,23:13,Resolved,2025-03-15 14:15:06,2025-03-15 14:38:19
2025-03-15 14:15:42,04:02,N2ACCAUV8GI4KLI,Account Management,0CT6B8KL4F,03:48,Resolved,2025-03-15 14:19:44,2025-03-15 14:23:32
2025-03-15 14:52:25,09:51,H6JPA31H6P5SNJF,Feedback,F4UJGWI632,12:39,Resolved,2025-03-15 15:02:16,2025-03-15 15:14:55
2025-03-15 15:10:39,00:17,RQQ9DKTCZ79RJJL,Technical Support,ZOO6BBUCOH,16:39,Resolved,2025-03-15 15:10:56,2025-03-15 15:27:35
2025-03-15 15:37:45,05:42,ISZAK9XP0BVGVIF,Billing,HWCQ2TQ0IY,25:13,Resolved,2025-03-15 15:43:27,2025-03-15 16:08:40
2025-03-15 15:40:56,07:16,WY986NIF9Q0TBPO,Technical Support,VC9M3WX8IU,43:34,Resolved,2025-03-15 15:48:12,2025-03-15 16:31:46
2025-03-15 16:21:47,07:25,WYXLKR3BG6Q9LDB,Account Management,V20HMRVLGQ,33:17,Resolved,2025-03-15 16:29:12,2025-03-15 17:02:29
2025-03-15 17:23:02,01:11,JXBZRQY91M0QKRR,Account Management,NWKUZC5IP3,27:34,Resolved,2025-03-15 17:24:13,2025-03-15 17:51:47
2025-03-15 18:23:26,04:02,B4F8VGLMQR62B33,Technical Support,CUTPTYVKGA,13:15,Pending,2025-03-15 18:27:28,2025-03-15 18:40:43
2025-03-15 18:47:35,06:09,LXAAXWII9CUSTS9,Technical Support,DOWWGH832F,02:45,Resolved,2025-03-15 18:53:44,2025-03-15 18:56:29
2025-03-15 19:28:53,01:53,8N1ZAWBEQFEROV7,Account Management,80CPEP3UQC,10:34,Escalated,2025-03-15 19:30:46,2025-03-15 19:41:20
2025-03-15 20:42:23,03:30,VM8VFBO0TIL9PL8,Technical Support,1MB4ZJGMD3,39:26,Resolved,2025-03-15 20:45:53,2025-03-15 21:25:19
2025-03-15 20:56:19,07:16,3KWIMS111G1TNM4,Account Management,GFAPSA0GZ7,52:54,Resolved,2025-03-15 21:03:35,2025-03-15 21:56:29
2025-03-15 22:07:42,05:48,QQOMNP3U6NAG6RV,Technical Support,XEWXNQAQ1M,49:27,Resolved,2025-03-15 22:13:30,2025-03-15 23:02:57
2025-03-16 00:57:19,07:00,D3QO7K91KJ6PBSM,Billing,17UN2SAOKL,17:09,Resolved,2025-03-16 01:04:19,2025-03-16 01:21:28
2025-03-16 02:28:24,08:14,X5FK61YI11MTD5R,Technical Support,7X144YH978,02:07,Resolved,2025-03-16 02:36:38,2025-03-16 02:38:45
2025-03-16 02:39:37,09:50,ZX565A8FZF83L4G,Billing,O5B5LQ9GGE,25:12,Escalated,2025-03-16 02:49:27,2025-03-16 03:14:39
2025-03-16 02:54:06,03:35,6CP7E9JLI06SFCL,Technical Support,JTHTSTBZJK,10:36,Resolved,2025-03-16 02:57:41,2025-03-16 03:08:17
2025-03-16 03:16:59,00:26,DDYDR2HNGS2IFNK,Billing,ZO0Y9E4YJE,56:56,Resolved,2025-03-16 03:17:25,2025-03-16 04:14:21
2025-03-16 04:51:40,00:29,EPKNVV8T4UY2IDO,Technical Support,1L5GLHAFEB,38:27,Resolved,2025-03-16 04:52:09,2025-03-16 05:30:36
2025-03-16 05:37:53,09:26,D07OR33WC4V561C,Billing,0R5MVVD23K,23:46,Resolved,2025-03-16 05:47:19,2025-03-16 06:11:05
2025-03-16 06:01:44,01:11,ASM5TF5ESCCAM5E,Billing,JVYD05RTIS,59:22,Resolved,2025-03-16 06:02:55,2025-03-16 07:02:17
2025-03-16 06:08:40,05:34,VDZ60ZONZZJF4SO,Billing,1L5G1X36NW,39:27,Resolved,2025-03-16 06:14:14,2025-03-16 06:53:41
2025-03-16 06:47:03,04:13,SELNC3PI4NOTJDB,Technical Support,7OCTF99Y2J,24:52,Resolved,2025-03-16 06:51:16,2025-03-16 07:16:08
2025-03-16 07:13:40,00:24,2R20G3GUDX3R2VK,Technical Support,QO059NJJH4,19:06,Resolved,2025-03-16 07:14:04,2025-03-16 07:33:10
2025-03-16 08:20:39,08:59,VW5I82J4FHT4FD5,Technical Support,AT7A0210XJ,46:49,Resolved,2025-03-16 08:29:38,2025-03-16 09:16:27
2025-03-16 09:08:59,00:50,6LA6XVTNXJYQMFT,Technical Support,RKZOW9FAW4,57:10,Resolved,2025-03-16 09:09:49,2025-03-16 10:06:59
2025-03-16 10:02:50,03:59,3IXM29A9AFZP2QC,Billing,17UN2SAOKL,01:16,Resolved,2025-03-16 10:06:49,2025-03-16 10:08:05
2025-03-16 10:33:12,01:49,1DZ3FTUV1SDWXCB,General Inquiry,0F8YFNUIYL,28:07,Resolved,2025-03-16 10:35:01,2025-03-16 11:03:08
2025-03-16 11:56:11,08:51,4WAMSLIDZ0OFX7J,Technical Support,V2TPUT8ER8,36:48,Pending,2025-03-16 12:05:02,2025-03-16 12:41:50
2025-03-16 12:41:40,02:00,J6ATVL9ZHLLZJYC,Technical Support,PM9YVO7WKX,13:40,Resolved,2025-03-16 12:43:40,2025-03-16 12:57:20
2025-03-16 12:38:57,04:52,5RE3Z0AEHCQ8TZ4,Technical Support,7YEQF534VU,22:45,Resolved,2025-03-16 12:43:49,2025-03-16 13:06:34
2025-03-16 16:55:24,01:31,LN02GIHXI1P1S29,Technical Support,YPYPG0LW78,43:32,Escalated,2025-03-16 16:56:55,2025-03-16 17:40:27
2025-03-16 18:14:43,04:51,63F7UXV3IJLDQPQ,Account Management,JSA39T01BU,13:30,Resolved,2025-03-16 18:19:34,2025-03-16 18:33:04
2025-03-16 20:27:36,06:19,RWOJ4XR86VR7MLR,Technical Support,4WW6XQA6RW,04:42,Pending,2025-03-16 20:33:55,2025-03-16 20:38:37
2025-03-16 21:57:04,06:55,GRWETZZKF56Z6EB,Technical Support,3U00VGSYNE,38:14,Resolved,2025-03-16 22:03:59,2025-03-16 22:42:13
2025-03-16 23:45:14,07:03,9YU2WT9GVWAAUFS,Technical Support,54X1HVG1MX,36:31,Resolved,2025-03-16 23:52:17,2025-03-17 00:28:48
2025-03-17 01:20:10,03:04,1WXGE88CROH6RW2,Billing,33J1JTE15V,53:22,Resolved,2025-03-17 01:23:14,2025-03-17 02:16:36
2025-03-17 01:32:36,09:08,NLNIVOLKG7RN4WA,Billing,ADM4GLNMAU,04:49,Resolved,2025-03-17 01:41:44,2025-03-17 01:46:33
2025-03-17 01:45:05,06:15,GFL47B6H6WPPK9K,Technical Support,3ZYBQMTA2D,16:57,Resolved,2025-03-17 01:51:20,2025-03-17 02:08:17
2025-03-17 02:07:02,09:05,XI1H331SR5608TT,Billing,S6O4QFAVC5,54:18,Resolved,2025-03-17 02:16:07,2025-03-17 03:10:25
2025-03-17 03:00:41,07:21,YX07SMW1YC9EM7K,Billing,V20HMRVLGQ,45:24,Pending,2025-03-17 03:08:02,2025-03-17 03:53:26
2025-03-17 03:59:17,02:33,4UVDXF9YR8DECG4,Billing,085B1M387E,01:37,Resolved,2025-03-17 04:01:50,2025-03-17 04:03:27
2025-03-17 04:25:28,05:51,5Y7859DJZYZEL1W,Technical Support,2H1OZV7RNC,19:49,Resolved,2025-03-17 04:31:19,2025-03-17 04:51:08
2025-03-17 05:35:50,06:56,4GTYL6EQZELBPAD,Account Management,O1OIM1SEOR,05:58,Escalated,2025-03-17 05:42:46,2025-03-17 05:48:44
2025-03-17 06:31:25,08:54,YVLTRTSLRRL0LJX,Technical Support,D6VZTNH4XH,03:49,Escalated,2025-03-17 06:40:19,2025-03-17 06:44:08
2025-03-17 06:39:27,02:25,FFQU3WJ3L2XYKJX,Account Management,VC9M3WX8IU,41:21,Pending,2025-03-17 06:41:52,2025-03-17 07:23:13
2025-03-17 07:50:38,05:16,EQCDS127XUBJWMX,Technical Support,DHDIAGAL5D,40:57,Resolved,2025-03-17 07:55:54,2025-03-17 08:36:51
2025-03-17 09:28:36,02:22,9LZM3Y88NZKL19N,Technical Support,XOHMTMZEUN,17:47,Resolved,2025-03-17 09:30:58,2025-03-17 09:48:45
2025-03-17 09:36:26,01:11,JLYR0OCHI0RTC61,Technical Support,R6JTPQKMLX,09:20,Resolved,2025-03-17 09:37:37,2025-03-17 09:46:57
2025-03-17 10:00:34,06:58,E7D85FBAL4E906X,General Inquiry,1UKGNEP8Q3,22:20,Resolved,2025-03-17 10:07:32,2025-03-17 10:29:52
2025-03-17 10:19:04,07:54,BTY3GRLS7FMKLEI,Billing,BPMJS8EW15,14:50,Pending,2025-03-17 10:26:58,2025-03-17 10:41:48
2025-03-17 11:26:55,06:59,AFA2309RQVSSMLZ,General Inquiry,3V48BHVVEW,13:38,Pending,2025-03-17 11:33:54,2025-03-17 11:47:32
2025-03-17 12:33:04,04:36,EWFXHG537U110BG,Technical Support,JTHTSTBZJK,25:14,Resolved,2025-03-17 12:37:40,2025-03-17 13:02:54
2025-03-17 12:46:37,06:19,4TNO7UV809MGD58,Technical Support,HWCQ2TQ0IY,18:57,Resolved,2025-03-17 12:52:56,2025-03-17 13:11:53
2025-03-17 13:32:09,02:36,7XZYE3ILT0XQA8Z,Cancellation,G708AXCHKB,03:27,Resolved,2025-03-17 13:34:45,2025-03-17 13:38:12
2025-03-17 13:43:28,01:22,34LRURFTEO5ZR98,Technical Support,0761T5NPZW,30:07,Resolved,2025-03-17 13:44:50,2025-03-17 14:14:57
2025-03-17 15:05:03,07:52,UKBMVRYHCLXX4GO,Feedback,AT7A0210XJ,35:07,Resolved,2025-03-17 15:12:55,2025-03-17 15:48:02
2025-03-17 16:51:36,04:15,KNMN1N01OW2KHAT,Technical Support,V2TPUT8ER8,38:02,Resolved,2025-03-17 16:55:51,2025-03-17 17:33:53
2025-03-17 20:59:38,06:58,0WUP9S3IPDRPPCM,Technical Support,7YEQF534VU,04:40,Resolved,2025-03-17 21:06:36,2025-03-17 21:11:16
2025-03-17 21:34:00,00:20,VFDVBR7PE2OTVSD,Account Management,Y3PU7SF7MX,35:28,Pending,2025-03-17 21:34:20,2025-03-17 22:09:48
2025-03-17 21:59:57,05:03,XTWGUZSWD1H8MZT,General Inquiry,P0N9BW3KN3,32:11,Pending,2025-03-17 22:05:00,2025-03-17 22:37:11
2025-03-18 02:12:44,07:47,3A5Y1RZQNE3I6OP,Technical Support,A8LBHR4AJZ,28:59,Pending,2025-03-18 02:20:31,2025-03-18 02:49:30
2025-03-18 02:58:25,00:19,MRRKQ2E1205NX7Q,General Inquiry,D6VZTNH4XH,32:26,Resolved,2025-03-18 02:58:44,2025-03-18 03:31:10
2025-03-18 03:08:41,08:11,I409NM2ZJCR4WR5,Technical Support,007NG3XQ3G,49:51,Resolved,2025-03-18 03:16:52,2025-03-18 04:06:43
2025-03-18 04:57:20,04:50,VQRBWDYM0QOAS3W,Account Management,HHAMF970JF,09:04,Resolved,2025-03-18 05:02:10,2025-03-18 05:11:14
2025-03-18 06:35:38,06:33,OQTT3I69BGR0BJQ,General Inquiry,D8OAOCGR0A,01:15,Pending,2025-03-18 06:42:11,2025-03-18 06:43:26
2025-03-18 06:42:41,04:42,NIBIZ8NIYWB1NIG,Technical Support,HA7ZLGSQ93,54:13,Resolved,2025-03-18 06:47:23,2025-03-18 07:41:36
2025-03-18 07:36:22,01:52,RGMSSCIAJ7S7RPO,General Inquiry,S4XQITBP4P,35:15,Resolved,2025-03-18 07:38:14,2025-03-18 08:13:29
2025-03-18 08:14:19,08:13,R1E90F17BBSBLP5,Billing,EK8VO248TP,55:01,Resolved,2025-03-18 08:22:32,2025-03-18 09:17:33
2025-03-18 08:43:31,01:46,MG0XRW9FX1A07GQ,Technical Support,Y3QO4LFI83,57:49,Resolved,2025-03-18 08:45:17,2025-03-18 09:43:06
2025-03-18 08:49:57,02:22,TMMA0OACXIC1EMD,Billing,V5V4TS8NDE,50:19,Resolved,2025-03-18 08:52:19,2025-03-18 09:42:38
2025-03-18 08:48:08,07:21,D9EUMKY1IU1TUWP,Billing,HM6AWFF2KK,16:14,Resolved,2025-03-18 08:55:29,2025-03-18 09:11:43
2025-03-18 09:03:46,04:25,PZ4IVNF8BX8DBZP,Technical Support,31KAB3AA8M,56:45,Resolved,2025-03-18 09:08:11,2025-03-18 10:04:56
2025-03-18 09:27:20,04:20,JRER0YKJ2ABCGGX,Billing,007NG3XQ3G,23:14,Resolved,2025-03-18 09:31:40,2025-03-18 09:54:54
2025-03-18 09:40:05,01:43,ZDCY7QIOLN399X4,Technical Support,S4XQITBP4P,12:09,Resolved,2025-03-18 09:41:48,2025-03-18 09:53:57
2025-03-18 09:46:01,03:51,Q5PKMV5JPAGRVWR,Billing,U6QDU5HHQQ,03:34,Resolved,2025-03-18 09:49:52,2025-03-18 09:53:26
2025-03-18 12:06:27,05:58,6NRPIERC6TX2R0I,Technical Support,JVYD05RTIS,08:25,Resolved,2025-03-18 12:12:25,2025-03-18 12:20:50
2025-03-18 12:39:53,03:04,TTOFSDIWMV2NYL1,Billing,ZS56A0DGC5,59:05,Resolved,2025-03-18 12:42:57,2025-03-18 13:42:02
2025-03-18 12:45:50,05:05,17XTX0PVZ21ZBIY,Billing,YEP4P8AQ7E,13:27,Resolved,2025-03-18 12:50:55,2025-03-18 13:04:22
2025-03-18 13:36:39,07:40,PJRS73MP6H2HVS5,Billing,Q10PNJQJMC,22:56,Resolved,2025-03-18 13:44:19,2025-03-18 14:07:15
2025-03-18 16:40:00,09:10,UCQ94SQ4Z9TJIFF,Technical Support,5ON31129US,23:38,Resolved,2025-03-18 16:49:10,2025-03-18 17:12:48
2025-03-18 18:51:10,03:58,MR7L2X3WQ7N9OR8,Feedback,LLH4X2TYCI,12:47,Resolved,2025-03-18 18:55:08,2025-03-18 19:07:55
2025-03-18 21:52:16,07:12,YSSEWDG5VVGTPRQ,General Inquiry,UAD4IIQV37,48:39,Resolved,2025-03-18 21:59:28,2025-03-18 22:48:07
2025-03-18 22:16:58,02:04,J55U7S77IT9GVOE,Technical Support,EK8VO248TP,41:23,Resolved,2025-03-18 22:19:02,2025-03-18 23:00:25
2025-03-18 23:13:25,04:38,VBTWQNBMC85282L,Technical Support,HM6AWFF2KK,29:18,Resolved,2025-03-18 23:18:03,2025-03-18 23:47:21
2025-03-19 00:14:31,05:36,WFWHKA8FOTH9S96,Billing,HCAJOQF4ID,03:33,Pending,2025-03-19 00:20:07,2025-03-19 00:23:40
2025-03-19 00:39:08,07:31,ILQ1U6A1JQS4FX4,Billing,S4XQITBP4P,19:56,Resolved,2025-03-19 00:46:39,2025-03-19 01:06:35
2025-03-19 01:54:50,06:14,MJBFS973WSY2FRM,Technical Support,JVYD05RTIS,05:24,Resolved,2025-03-19 02:01:04,2025-03-19 02:06:28
2025-03-19 02:02:19,03:44,HX9LCUEOI7P3QWH,Billing,S4XQITBP4P,34:40,Resolved,2025-03-19 02:06:03,2025-03-19 02:40:43
2025-03-19 04:02:33,06:56,7O26LHI3RH8O0V6,Technical Support,3ZYBQMTA2D,51:08,Resolved,2025-03-19 04:09:29,2025-03-19 05:00:37
2025-03-19 08:01:13,05:01,WGES9TWGOTTI27S,General Inquiry,KCP6C30POO,22:43,Pending,2025-03-19 08:06:14,2025-03-19 08:28:57
2025-03-19 13:27:20,03:00,HWMFJ3D3CQTLGMP,Technical Support,UQ5NMFD6LQ,31:26,Resolved,2025-03-19 13:30:20,2025-03-19 14:01:46
2025-03-19 14:00:54,03:03,BUFW2HW6TMSHKXF,Billing,IVCJMO7R6X,15:32,Escalated,2025-03-19 14:03:57,2025-03-19 14:19:29
2025-03-19 14:00:48,07:29,ZPUPPXSJJNO6A9A,Technical Support,UU8K4SSRXB,16:34,Pending,2025-03-19 14:08:17,2025-03-19 14:24:51
2025-03-19 15:44:08,03:27,6U3U54PUS9HA9AC,Technical Support,MJL5QJH840,48:43,Resolved,2025-03-19 15:47:35,2025-03-19 16:36:18
2025-03-19 15:58:16,09:59,A82V32J3EXLQSLJ,Billing,54X1HVG1MX,34:53,Resolved,2025-03-19 16:08:15,2025-03-19 16:43:08
2025-03-19 16:30:45,00:34,LWRUDOG14DTSKH4,Technical Support,KCP6C30POO,09:12,Resolved,2025-03-19 16:31:19,2025-03-19 16:40:31
2025-03-19 16:43:43,04:17,9VI2UABS5XW2G7P,Cancellation,Z7LLIDN5OS,15:45,Resolved,2025-03-19 16:48:00,2025-03-19 17:03:45
2025-03-19 16:42:01,08:46,HQRV9UZJAW81KOW,Technical Support,4HX3UNW16M,23:45,Resolved,2025-03-19 16:50:47,2025-03-19 17:14:32
2025-03-19 16:47:44,06:46,Q8DUSFTE63GB9LU,Feedback,7ODCGNJIM6,55:41,Resolved,2025-03-19 16:54:30,2025-03-19 17:50:11
2025-03-19 16:49:27,06:28,7TYLLKIMF0XVF9U,Technical Support,4WW6XQA6RW,19:50,Resolved,2025-03-19 16:55:55,2025-03-19 17:15:45
2025-03-19 17:02:04,03:24,AJVVZYX77BHREPE,Billing,4T5D6A26PA,43:21,Resolved,2025-03-19 17:05:28,2025-03-19 17:48:49
2025-03-19 18:06:02,07:22,86RLIEH582OJK1M,Technical Support,0Y1E3L6NGJ,56:29,Resolved,2025-03-19 18:13:24,2025-03-19 19:09:53
2025-03-19 18:21:37,00:46,1HA8QG2LUQQMO7P,Billing,XSD3YKA0T1,07:44,Resolved,2025-03-19 18:22:23,2025-03-19 18:30:07
2025-03-19 18:29:47,03:10,VQ758ZU6WXDIV8Y,Technical Support,JSA39T01BU,33:49,Pending,2025-03-19 18:32:57,2025-03-19 19:06:46
2025-03-19 18:52:13,09:05,LZHZMHGIDOOG2DA,Technical Support,80CPEP3UQC,34:11,Resolved,2025-03-19 19:01:18,2025-03-19 19:35:29
2025-03-19 19:05:47,02:44,TU08SH06J2YL2NB,Billing,1UKGNEP8Q3,34:58,Resolved,2025-03-19 19:08:31,2025-03-19 19:43:29
2025-03-19 19:16:16,07:00,A5XB9OW30DPVKFQ,Technical Support,UU8K4SSRXB,46:04,Resolved,2025-03-19 19:23:16,2025-03-19 20:09:20
2025-03-19 19:35:38,00:23,I03XS8VNQF7AFAU,Billing,0F8YFNUIYL,34:46,Resolved,2025-03-19 19:36:01,2025-03-19 20:10:47
2025-03-19 19:39:41,00:36,Z7UBGQ806NVW6RT,Technical Support,JSA39T01BU,32:18,Resolved,2025-03-19 19:40:17,2025-03-19 20:12:35
2025-03-19 19:37:30,06:42,DPLKD22QU6KS8RL,Billing,XEWXNQAQ1M,18:25,Resolved,2025-03-19 19:44:12,2025-03-19 20:02:37
2025-03-19 19:48:31,05:44,3MD1BSXXKMRZ9PK,Billing,10JH9ZWS9D,31:37,Pending,2025-03-19 19:54:15,2025-03-19 20:25:52
2025-03-19 20:47:13,05:42,JNFCQBKP8OWMDJX,Technical Support,0761T5NPZW,37:20,Resolved,2025-03-19 20:52:55,2025-03-19 21:30:15
2025-03-19 21:19:10,07:41,JRA0G8RNAXF4M4X,Service Outage,54X1HVG1MX,05:35,Resolved,2025-03-19 21:26:51,2025-03-19 21:32:26
2025-03-19 21:42:48,02:20,B88BC6SLBS9FM80,Technical Support,6HLV8VQK6Q,07:53,Resolved,2025-03-19 21:45:08,2025-03-19 21:53:01
2025-03-20 00:09:10,01:46,RLO9MUZRUXDX3T9,Technical Support,Y5JKXHF0W0,02:51,Resolved,2025-03-20 00:10:56,2025-03-20 00:13:47
2025-03-20 00:14:51,04:00,21MDXW39LIBAYQ2,Service Outage,8ACJRX8UY3,47:36,Resolved,2025-03-20 00:18:51,2025-03-20 01:06:27
2025-03-20 01:28:45,08:11,OI4CVKSW1HJZ2YF,Technical Support,QZHW5WV8YV,42:06,Resolved,2025-03-20 01:36:56,2025-03-20 02:19:02
2025-03-20 01:52:19,09:33,B1401UM0BQTFN84,Service Outage,085B1M387E,55:53,Resolved,2025-03-20 02:01:52,2025-03-20 02:57:45
2025-03-20 04:43:22,04:56,MWUL1T68XIZF9A4,Service Outage,D4AJ1PF4A3,35:00,Resolved,2025-03-20 04:48:18,2025-03-20 05:23:18
2025-03-20 04:51:52,06:54,DTBR9VYMXTMMPMB,Account Management,PJDR4E2INL,42:41,Pending,2025-03-20 04:58:46,2025-03-20 05:41:27
2025-03-20 06:28:19,05:46,EQHBIC1R5VD1CCH,General Inquiry,XEWXNQAQ1M,24:55,Resolved,2025-03-20 06:34:05,2025-03-20 06:59:00
2025-03-20 06:31:12,08:39,NXCBX9RT6DXE96H,Technical Support,TEDTSF5RDM,41:50,Resolved,2025-03-20 06:39:51,2025-03-20 07:21:41
2025-03-20 08:02:44,09:53,M9F37C49RQAZQJU,Technical Support,1XGII9RM6R,03:51,Resolved,2025-03-20 08:12:37,2025-03-20 08:16:28
2025-03-20 09:24:54,05:02,FNVQXL7OV5SHUNH,Billing,007NG3XQ3G,39:07,Resolved,2025-03-20 09:29:56,2025-03-20 10:09:03
2025-03-20 10:13:02,07:35,WV893PEBYIHAWXE,Technical Support,UKSG9Z7EZP,55:56,Resolved,2025-03-20 10:20:37,2025-03-20 11:16:33
2025-03-20 11:42:33,00:52,22PX1EBC7Y89LM5,Technical Support,0OWW4LAOB9,12:19,Resolved,2025-03-20 11:43:25,2025-03-20 11:55:44
2025-03-20 11:48:59,04:44,TQ9X9AQS5IJXFZ4,Technical Support,1L5GLHAFEB,44:41,Resolved,2025-03-20 11:53:43,2025-03-20 12:38:24
2025-03-20 12:45:30,01:14,5QPRG0OMI7QDNJ5,Account Management,609A9M75Q7,20:42,Resolved,2025-03-20 12:46:44,2025-03-20 13:07:26
2025-03-20 12:52:10,04:08,6WG262IDS1XDFEO,Technical Support,N73YDXWYJP,03:52,Resolved,2025-03-20 12:56:18,2025-03-20 13:00:10
2025-03-20 13:11:44,06:28,S1UDRRMWHAZEHZ6,Billing,XE5WIXCMS6,44:54,Resolved,2025-03-20 13:18:12,2025-03-20 14:03:06
2025-03-20 13:57:16,00:20,61RQKD1VTE0S8G0,Billing,0R5MVVD23K,16:16,Resolved,2025-03-20 13:57:36,2025-03-20 14:13:52
2025-03-20 14:27:31,06:25,7JL1MLRCGNGSCGJ,Service Outage,XM8ZK94HBU,01:56,Escalated,2025-03-20 14:33:56,2025-03-20 14:35:52
2025-03-20 14:49:37,01:24,AIFOJP7E5NZKKIC,Technical Support,XDW8DBKKTA,04:40,Pending,2025-03-20 14:51:01,2025-03-20 14:55:41
2025-03-20 15:05:30,07:00,HEYYHK1Y8O8G4Z0,Technical Support,TEDTSF5RDM,24:13,Resolved,2025-03-20 15:12:30,2025-03-20 15:36:43
2025-03-20 15:38:47,03:56,E4YD1CVWDA5DKFQ,Technical Support,289K5JYCRI,23:41,Pending,2025-03-20 15:42:43,2025-03-20 16:06:24
2025-03-20 17:09:07,01:20,8WPJN0UK8NN9FRH,General Inquiry,V20HMRVLGQ,18:40,Pending,2025-03-20 17:10:27,2025-03-20 17:29:07
2025-03-20 17:32:42,03:49,TJN3JL4QECHCUW1,General Inquiry,KW1AUC5UYS,14:47,Resolved,2025-03-20 17:36:31,2025-03-20 17:51:18
2025-03-20 18:29:32,06:31,2XZQD3EI1GUZVOW,Technical Support,XH7VE1JYPI,39:02,Resolved,2025-03-20 18:36:03,2025-03-20 19:15:05
2025-03-20 19:33:08,06:34,M67VLBYA42VN6QX,Account Management,BFH41C2K1L,34:58,Resolved,2025-03-20 19:39:42,2025-03-20 20:14:40
2025-03-20 19:37:08,05:44,FG6J7YHO9WKU4LB,Technical Support,0761T5NPZW,51:04,Resolved,2025-03-20 19:42:52,2025-03-20 20:33:56
2025-03-20 19:57:30,00:47,1YOBYEVB10JCCSO,Billing,80CPEP3UQC,45:43,Resolved,2025-03-20 19:58:17,2025-03-20 20:44:00
2025-03-20 20:11:53,08:42,VMI6MOUXEB7DPC7,Billing,7X144YH978,27:29,Resolved,2025-03-20 20:20:35,2025-03-20 20:48:04
2025-03-20 20:43:59,07:47,2DGFDU125TEO85L,Cancellation,D0T2KSCXMU,34:29,Resolved,2025-03-20 20:51:46,2025-03-20 21:26:15
2025-03-20 20:55:34,05:40,D2EPPB97U9CBX9I,Technical Support,CUTPTYVKGA,02:46,Pending,2025-03-20 21:01:14,2025-03-20 21:04:00
2025-03-20 20:58:28,03:02,DQDZJFGHSPMYLG8,Technical Support,5ON31129US,06:00,Resolved,2025-03-20 21:01:30,2025-03-20 21:07:30
2025-03-20 22:09:48,08:21,BCNN0ZL3U1FYXA5,Billing,JVYD05RTIS,25:28,Resolved,2025-03-20 22:18:09,2025-03-20 22:43:37
2025-03-20 22:36:16,09:43,FHW41TQHFSOF4BI,Billing,V20HMRVLGQ,10:29,Resolved,2025-03-20 22:45:59,2025-03-20 22:56:28
2025-03-20 22:52:44,02:55,G95H4KAKTTPJMDT,Billing,1IXDU7LJ7N,59:10,Resolved,2025-03-20 22:55:39,2025-03-20 23:54:49
2025-03-20 23:15:48,09:30,DFZET8F2XD89B9Y,Technical Support,N3QX77XZ3T,06:53,Pending,2025-03-20 23:25:18,2025-03-20 23:32:11
2025-03-20 23:46:12,07:19,GKE7COBLPWO0PME,Technical Support,YEP4P8AQ7E,33:37,Escalated,2025-03-20 23:53:31,2025-03-21 00:27:08
2025-03-21 01:32:52,08:58,B0J8ODFQ13BAXEK,Billing,0VWM4OS698,05:27,Resolved,2025-03-21 01:41:50,2025-03-21 01:47:17
2025-03-21 02:20:36,07:26,0CB01B8O88PGUZX,Technical Support,XI049RV3AX,03:12,Resolved,2025-03-21 02:28:02,2025-03-21 02:31:14
2025-03-21 02:38:35,09:38,SCMVTZ01DE9CQ9T,Billing,D6VZTNH4XH,47:18,Resolved,2025-03-21 02:48:13,2025-03-21 03:35:31
2025-03-21 03:25:01,04:35,GM9AC7GAXQVGSAG,Billing,5ZHF59CO65,19:43,Resolved,2025-03-21 03:29:36,2025-03-21 03:49:19
2025-03-21 05:03:56,03:49,JBSVCW0VALLMPQF,Technical Support,GML5G1C6G5,41:53,Resolved,2025-03-21 05:07:45,2025-03-21 05:49:38
2025-03-21 06:37:59,02:08,ZK2IG3GQ1Q7E8GD,Billing,ME4CIBW9U7,39:14,Pending,2025-03-21 06:40:07,2025-03-21 07:19:21
2025-03-21 07:16:47,00:21,IOCCPMZLCMBO116,Billing,0CT6B8KL4F,40:14,Resolved,2025-03-21 07:17:08,2025-03-21 07:57:22
2025-03-21 07:16:36,02:21,77A7LZD6EIMODII,Technical Support,DOWWGH832F,33:29,Resolved,2025-03-21 07:18:57,2025-03-21 07:52:26
2025-03-21 09:51:00,05:21,S75K2LB3Q5IHY43,Service Outage,HOHX6DGGJB,01:03,Resolved,2025-03-21 09:56:21,2025-03-21 09:57:24
2025-03-21 14:44:18,04:07,BAOSJD9N82SRT88,Billing,EOKEEITLLV,45:00,Resolved,2025-03-21 14:48:25,2025-03-21 15:33:25
2025-03-21 16:49:35,04:42,A9TRGVZTD0ALQ32,Technical Support,39FAPH8540,20:04,Pending,2025-03-21 16:54:17,2025-03-21 17:14:21
2025-03-21 16:54:10,00:15,Y5Z8QQFBLIMOWM6,Service Outage,Y3PU7SF7MX,39:42,Resolved,2025-03-21 16:54:25,2025-03-21 17:34:07
2025-03-21 18:57:53,09:42,WU8WPSF281O35UE,Billing,Y3PU7SF7MX,23:21,Resolved,2025-03-21 19:07:35,2025-03-21 19:30:56
2025-03-21 19:00:24,09:32,4ATQ28M8HW3YP1O,Billing,8JCHDLU8MR,55:09,Resolved,2025-03-21 19:09:56,2025-03-21 20:05:05
2025-03-21 19:18:02,06:01,T4D37UVSQIE6J7A,Billing,TJDWLI1WIX,10:58,Resolved,2025-03-21 19:24:03,2025-03-21 19:35:01
2025-03-21 19:35:12,00:16,8GWNJY5ZMF0GS2E,Billing,D4AJ1PF4A3,06:04,Pending,2025-03-21 19:35:28,2025-03-21 19:41:32
2025-03-21 21:02:52,01:15,6WYT1T50P175ZXK,Billing,0761T5NPZW,50:17,Resolved,2025-03-21 21:04:07,2025-03-21 21:54:24
2025-03-21 21:58:16,02:54,EXGMPVV76RAC3PT,Account Management,YA1JOJWQND,57:15,Resolved,2025-03-21 22:01:10,2025-03-21 22:58:25
2025-03-21 22:58:55,02:03,V1ZCO5ZNU5NRJYB,Technical Support,7ODCGNJIM6,22:49,Resolved,2025-03-21 23:00:58,2025-03-21 23:23:47
2025-03-21 23:33:30,05:07,BACNPSLC2PIDHC9,Billing,GML5G1C6G5,37:55,Resolved,2025-03-21 23:38:37,2025-03-22 00:16:32
2025-03-22 00:04:04,01:43,Q1KCL59DVKLMXLY,Billing,9CLZ63AUJO,25:35,Resolved,2025-03-22 00:05:47,2025-03-22 00:31:22
2025-03-22 01:08:10,03:29,PMNVJG3BZAVRHHR,Technical Support,7ODCGNJIM6,25:44,Resolved,2025-03-22 01:11:39,2025-03-22 01:37:23
2025-03-22 01:38:18,02:38,PGEOHOI0V4C5GZF,Technical Support,XC9RIVKYVO,36:32,Resolved,2025-03-22 01:40:56,2025-03-22 02:17:28
2025-03-22 02:08:06,08:10,XBVCFTOV0JBMSVN,General Inquiry,TEDTSF5RDM,25:17,Resolved,2025-03-22 02:16:16,2025-03-22 02:41:33
2025-03-22 02:42:58,05:05,Y4NT3W0ABQ9YCLS,Account Management,1MB4ZJGMD3,09:32,Resolved,2025-03-22 02:48:03,2025-03-22 02:57:35
2025-03-22 03:17:41,01:50,Y4G5APKD0UTFPMP,Billing,ILPNQ5U024,43:12,Resolved,2025-03-22 03:19:31,2025-03-22 04:02:43
2025-03-22 03:55:29,08:30,UUWIRRHBIPE09MN,General Inquiry,ADM4GLNMAU,07:51,Resolved,2025-03-22 04:03:59,2025-03-22 04:11:50
2025-03-22 04:33:17,03:29,KWOFKIRTF4O2BIL,General Inquiry,S79YBSAU2M,29:02,Resolved,2025-03-22 04:36:46,2025-03-22 05:05:48
2025-03-22 06:11:59,09:47,ZV2325MU9D2VFX1,Technical Support,6HLV8VQK6Q,21:03,Resolved,2025-03-22 06:21:46,2025-03-22 06:42:49
2025-03-22 06:48:08,03:35,TQFVL1L0Q745XOT,Billing,N73YDXWYJP,50:46,Pending,2025-03-22 06:51:43,2025-03-22 07:42:29
2025-03-22 07:10:03,03:18,1Z08R95LBGQLEHS,Technical Support,42AOT9NYX1,55:33,Resolved,2025-03-22 07:13:21,2025-03-22 08:08:54
2025-03-22 07:06:02,09:37,8CTT2QR3D03OWZ1,Technical Support,9M3ML175YY,54:46,Resolved,2025-03-22 07:15:39,2025-03-22 08:10:25
2025-03-22 07:57:59,09:55,VNS8B6VBJZK0FA0,Service Outage,ADM4GLNMAU,11:54,Resolved,2025-03-22 08:07:54,2025-03-22 08:19:48
2025-03-22 08:16:57,09:50,HN4MV860CO3636F,Billing,1A7LSHX07S,16:31,Resolved,2025-03-22 08:26:47,2025-03-22 08:43:18
2025-03-22 10:15:07,07:00,7NIKO7UMI7HFEEL,Technical Support,SMDTYF01A6,31:25,Resolved,2025-03-22 10:22:07,2025-03-22 10:53:32
2025-03-22 10:25:58,01:13,E72NA2GRE6SCDGV,General Inquiry,007NG3XQ3G,12:31,Resolved,2025-03-22 10:27:11,2025-03-22 10:39:42
2025-03-22 11:19:17,00:30,XN7T2RAFJL0GLGM,Technical Support,XSD3YKA0T1,23:48,Resolved,2025-03-22 11:19:47,2025-03-22 11:43:35
2025-03-22 11:42:42,08:32,H471QC139VI618O,Account Management,XDW8DBKKTA,51:25,Resolved,2025-03-22 11:51:14,2025-03-22 12:42:39
2025-03-22 13:19:34,09:50,Y94Y46O72WGADY5,Technical Support,IVCJMO7R6X,49:59,Resolved,2025-03-22 13:29:24,2025-03-22 14:19:23
2025-03-22 13:31:48,03:39,MAZXD2P01JCNYX9,Technical Support,PZ03EAIP33,45:18,Resolved,2025-03-22 13:35:27,2025-03-22 14:20:45
2025-03-22 13:47:19,04:13,XH21WLF86CY4C40,Service Outage,V5V4TS8NDE,22:31,Resolved,2025-03-22 13:51:32,2025-03-22 14:14:03
2025-03-22 14:01:08,08:19,53NQZ8M9R26H3ID,Account Management,1L5G1X36NW,33:58,Resolved,2025-03-22 14:09:27,2025-03-22 14:43:25
2025-03-22 14:37:31,06:36,ZELAWZYI638GKVB,Feedback,5VNLH19TUN,07:38,Resolved,2025-03-22 14:44:07,2025-03-22 14:51:45
2025-03-22 15:02:31,09:42,W6NJHLRW4XC1XFC,Technical Support,44JS0VDTJH,37:16,Resolved,2025-03-22 15:12:13,2025-03-22 15:49:29
2025-03-22 16:01:33,05:46,JBVS5VQV5NI4DMX,Billing,LLH4X2TYCI,59:52,Pending,2025-03-22 16:07:19,2025-03-22 17:07:11
2025-03-22 17:50:46,04:09,OFJTUAJ6IVXVK1B,Technical Support,B1P6SR1QFX,28:02,Resolved,2025-03-22 17:54:55,2025-03-22 18:22:57
2025-03-22 21:41:11,05:56,ECZ7RAJ1ARMT9C2,Technical Support,007NG3XQ3G,17:33,Resolved,2025-03-22 21:47:07,2025-03-22 22:04:40
2025-03-22 22:02:32,00:47,HP1S05OYRL0RGYU,Technical Support,HCAJOQF4ID,49:38,Resolved,2025-03-22 22:03:19,2025-03-22 22:52:57
2025-03-22 23:19:09,06:08,MLUKKWEGWRLTO34,Technical Support,XP8FC5XRN6,16:25,Resolved,2025-03-22 23:25:17,2025-03-22 23:41:42
2025-03-23 02:35:44,03:18,2GK36HIGD4T9L9N,General Inquiry,39FAPH8540,23:53,Resolved,2025-03-23 02:39:02,2025-03-23 03:02:55
2025-03-23 03:19:09,02:07,U04MBU8XTSTRIJB,Technical Support,3ZYBQMTA2D,28:20,Resolved,2025-03-23 03:21:16,2025-03-23 03:49:36
2025-03-23 03:29:16,09:01,J7T64FUMGOPS360,Account Management,QXHKZ3QHBP,09:52,Resolved,2025-03-23 03:38:17,2025-03-23 03:48:09
2025-03-23 05:16:51,01:51,25ECUJXMNH6T62E,Technical Support,TMPPSC4TH2,52:52,Resolved,2025-03-23 05:18:42,2025-03-23 06:11:34
2025-03-23 05:27:31,02:42,2WZME7D8C7E59W9,Billing,VK191ROIQA,19:51,Resolved,2025-03-23 05:30:13,2025-03-23 05:50:04
2025-03-23 05:31:25,07:09,S4XDLLS2ZFTNI64,Technical Support,4TVJ7VC77N,12:51,Resolved,2025-03-23 05:38:34,2025-03-23 05:51:25
2025-03-23 05:58:16,07:31,P6M4WZWMK3NYZ8F,Cancellation,4HX3UNW16M,42:12,Resolved,2025-03-23 06:05:47,2025-03-23 06:47:59
2025-03-23 06:17:57,03:19,P2NY9F5VKQIKHGT,General Inquiry,0Y1E3L6NGJ,14:45,Resolved,2025-03-23 06:21:16,2025-03-23 06:36:01
2025-03-23 06:43:06,09:19,SJ3GBDOUQEU6M2G,Billing,5VEP98O7UQ,39:17,Resolved,2025-03-23 06:52:25,2025-03-23 07:31:42
2025-03-23 07:09:25,01:18,KODJQCU4R9RK5R2,Technical Support,PZ03EAIP33,43:56,Resolved,2025-03-23 07:10:43,2025-03-23 07:54:39
2025-03-23 07:14:49,09:19,70WKHGGEWC2O5O6,General Inquiry,10JH9ZWS9D,25:44,Resolved,2025-03-23 07:24:08,2025-03-23 07:49:52
2025-03-23 07:31:54,01:37,38JBGABPGNURSO3,Account Management,6X3YD9OB2R,46:17,Escalated,2025-03-23 07:33:31,2025-03-23 08:19:48
2025-03-23 09:29:37,04:17,6JE93WNH725IG3Z,Billing,33J1JTE15V,56:51,Resolved,2025-03-23 09:33:54,2025-03-23 10:30:45
2025-03-23 10:39:19,05:13,AL6XFOGND2NOXZF,Billing,TEDTSF5RDM,28:33,Resolved,2025-03-23 10:44:32,2025-03-23 11:13:05
2025-03-23 12:08:14,06:11,0OTYLRSMQ9ZRPE2,Account Management,NNI0IVHS1M,21:15,Resolved,2025-03-23 12:14:25,2025-03-23 12:35:40
2025-03-23 12:40:43,01:35,N732FI9F9H012YE,Technical Support,20I5VYLR6Z,53:36,Pending,2025-03-23 12:42:18,2025-03-23 13:35:54
2025-03-23 13:03:35,06:03,HWUR9O11Z97PJJO,Billing,457067XAP5,02:47,Resolved,2025-03-23 13:09:38,2025-03-23 13:12:25
2025-03-23 13:20:49,07:06,B5H9Z547O3M57KA,Billing,ZO0Y9E4YJE,37:55,Resolved,2025-03-23 13:27:55,2025-03-23 14:05:50
2025-03-23 14:15:47,03:39,Q9RB6WONAT6ACZP,Billing,4WW6XQA6RW,56:24,Resolved,2025-03-23 14:19:26,2025-03-23 15:15:50
2025-03-23 14:39:40,01:35,ESZD55T38OBR1CX,General Inquiry,QZHW5WV8YV,48:35,Resolved,2025-03-23 14:41:15,2025-03-23 15:29:50
2025-03-23 14:39:17,02:08,0UE56EM43LAZSE6,Billing,VK191ROIQA,21:03,Resolved,2025-03-23 14:41:25,2025-03-23 15:02:28
2025-03-23 17:23:11,07:26,9VU46SEBP9A73EH,Billing,GFAPSA0GZ7,58:54,Resolved,2025-03-23 17:30:37,2025-03-23 18:29:31
2025-03-23 17:53:32,05:57,P29NET7WYC0AT6P,Technical Support,XYVECABPIJ,35:07,Resolved,2025-03-23 17:59:29,2025-03-23 18:34:36
2025-03-23 18:56:41,07:03,VAGLWWDH02PX49X,Billing,PEVGAFDH75,59:25,Resolved,2025-03-23 19:03:44,2025-03-23 20:03:09
2025-03-23 21:32:27,02:36,RGP8NLX93M4D8IV,Technical Support,7Y6BBSF2ZJ,42:37,Resolved,2025-03-23 21:35:03,2025-03-23 22:17:40
2025-03-23 21:45:07,05:44,Z51LQVLDH8P9R8Y,Technical Support,RNM7SLMP7W,40:32,Resolved,2025-03-23 21:50:51,2025-03-23 22:31:23
2025-03-23 22:18:58,09:53,CB5A8I5N1D4P01A,General Inquiry,S6VZ0HTHQP,12:43,Escalated,2025-03-23 22:28:51,2025-03-23 22:41:34
2025-03-23 22:54:01,00:16,Q9YNRH6Y5YBLCWE,General Inquiry,1VG1M0PIBT,46:33,Resolved,2025-03-23 22:54:17,2025-03-23 23:40:50
2025-03-24 01:05:52,05:28,UIFX9JQM2GG1JNE,Billing,VC9M3WX8IU,07:13,Resolved,2025-03-24 01:11:20,2025-03-24 01:18:33
2025-03-24 01:01:49,09:58,T80SRI8U6ZKL1FN,Technical Support,D6VZTNH4XH,37:45,Resolved,2025-03-24 01:11:47,2025-03-24 01:49:32
2025-03-24 02:56:52,02:23,SP1XEXHNF9U9WXR,Technical Support,28OUVNJ3FH,44:31,Resolved,2025-03-24 02:59:15,2025-03-24 03:43:46
2025-03-24 03:45:37,02:07,326H2A7RODYFKIR,General Inquiry,D0T2KSCXMU,06:52,Resolved,2025-03-24 03:47:44,2025-03-24 03:54:36
2025-03-24 04:50:07,04:52,NUUL179L0U8TH88,Technical Support,3U00VGSYNE,53:16,Resolved,2025-03-24 04:54:59,2025-03-24 05:48:15
2025-03-24 04:56:48,06:45,94390HWVSTQ7BOF,Technical Support,N7UU5OO1DB,10:41,Resolved,2025-03-24 05:03:33,2025-03-24 05:14:14
2025-03-24 05:50:46,03:48,UF3MH8LI5UQCJT1,Billing,XE5WIXCMS6,28:34,Pending,2025-03-24 05:54:34,2025-03-24 06:23:08
2025-03-24 06:34:07,09:36,I9ZTUSAPPVTKXT6,Billing,PJDR4E2INL,50:36,Resolved,2025-03-24 06:43:43,2025-03-24 07:34:19
2025-03-24 06:56:38,03:22,3TY5DROPN08UY1A,Technical Support,V20HMRVLGQ,08:46,Resolved,2025-03-24 07:00:00,2025-03-24 07:08:46
2025-03-24 07:09:08,07:43,B4PM2LTF9LY1HVR,Billing,HCAJOQF4ID,45:05,Pending,2025-03-24 07:16:51,2025-03-24 08:01:56
2025-03-24 10:21:49,08:57,1JCMPOSFYJP7MLS,Billing,9Q68LCMIE2,13:08,Resolved,2025-03-24 10:30:46,2025-03-24 10:43:54
2025-03-24 11:23:17,02:21,WXT7VRU9R6I1EZW,Technical Support,HCAJOQF4ID,33:08,Resolved,2025-03-24 11:25:38,2025-03-24 11:58:46
2025-03-24 12:05:20,08:19,JP3URNW2CSCKZN0,Technical Support,WDJUM9AV28,03:35,Resolved,2025-03-24 12:13:39,2025-03-24 12:17:14
2025-03-24 14:12:10,01:31,5TLSUDFZR7ZS7P9,Account Management,9JZJVY4LYR,36:35,Resolved,2025-03-24 14:13:41,2025-03-24 14:50:16
2025-03-24 14:19:15,03:05,C1C9TO2V9RMILL5,General Inquiry,D6VZTNH4XH,01:59,Resolved,2025-03-24 14:22:20,2025-03-24 14:24:19
2025-03-24 14:54:52,03:45,F5XRXK639DBPYGG,General Inquiry,XHPLT6KOIS,54:29,Resolved,2025-03-24 14:58:37,2025-03-24 15:53:06
2025-03-24 15:11:21,03:00,46DM4Z0MFBKFF75,Billing,4T5D6A26PA,44:25,Resolved,2025-03-24 15:14:21,2025-03-24 15:58:46
2025-03-24 16:11:25,03:35,8AXUL7NKBC7H8U7,Technical Support,7FVFE6CUFZ,25:30,Resolved,2025-03-24 16:15:00,2025-03-24 16:40:30
2025-03-24 16:13:10,04:47,KANTJH8ID04DLHZ,Billing,1L5GLHAFEB,50:54,Resolved,2025-03-24 16:17:57,2025-03-24 17:08:51
2025-03-24 16:46:44,09:50,WB6HCCANQA8RY5C,Account Management,MP7H6OVL7T,38:38,Resolved,2025-03-24 16:56:34,2025-03-24 17:35:12
2025-03-24 17:21:22,08:40,1BLQMPHEX1TW8IB,Feedback,PZW9S611IJ,15:28,Resolved,2025-03-24 17:30:02,2025-03-24 17:45:30
2025-03-24 17:58:01,06:03,FZVDMOZ7YCWVEOW,Technical Support,0OWW4LAOB9,48:54,Resolved,2025-03-24 18:04:04,2025-03-24 18:52:58
2025-03-24 17:59:12,08:35,V79X6JCMGC27YIY,Technical Support,9JZJVY4LYR,37:45,Resolved,2025-03-24 18:07:47,2025-03-24 18:45:32
2025-03-24 19:40:03,06:23,WBFJA7IAV8ZCHU6,Technical Support,74UIL5DLP5,11:21,Resolved,2025-03-24 19:46:26,2025-03-24 19:57:47
2025-03-24 19:46:16,01:48,GTHEJAB7E4XZZ6U,Billing,YEP4P8AQ7E,01:23,Resolved,2025-03-24 19:48:04,2025-03-24 19:49:27
2025-03-24 20:06:24,05:20,1Y2WMAS4AREO9WZ,Billing,RKZOW9FAW4,11:57,Resolved,2025-03-24 20:11:44,2025-03-24 20:23:41
2025-03-24 20:47:21,08:46,9DFZ67D7TIZDU9K,Service Outage,2AYZTIKJXT,05:48,Resolved,2025-03-24 20:56:07,2025-03-24 21:01:55
2025-03-24 21:09:05,01:21,HROFOY12I32GQUH,Feedback,GVLOFG1PYV,41:51,Resolved,2025-03-24 21:10:26,2025-03-24 21:52:17
2025-03-24 21:19:26,01:19,3HWYR8Z29KLFRWW,Account Management,8ACJRX8UY3,40:54,Resolved,2025-03-24 21:20:45,2025-03-24 22:01:39
2025-03-24 22:14:23,06:42,BFJF8QUWSIOH18F,Account Management,RPT5QREKGU,05:36,Resolved,2025-03-24 22:21:05,2025-03-24 22:26:41
2025-03-24 23:30:20,09:37,0GD2YHK1BTBO4F8,Billing,H3AQCCB852,03:55,Resolved,2025-03-24 23:39:57,2025-03-24 23:43:52
2025-03-25 00:31:08,03:09,TIE2879HBGDKXJ8,Technical Support,PJDR4E2INL,36:42,Resolved,2025-03-25 00:34:17,2025-03-25 01:10:59
2025-03-25 00:38:01,03:53,S7T7ND6ZN64SEJ8,Billing,8883INFQI0,55:59,Resolved,2025-03-25 00:41:54,2025-03-25 01:37:53
2025-03-25 00:42:13,07:30,HVJ45JD6ZCCK5L3,Technical Support,HDCBSCKPWK,58:09,Resolved,2025-03-25 00:49:43,2025-03-25 01:47:52
2025-03-25 01:05:20,03:42,4B09IW953NW99OC,Technical Support,G0ATVS9P7F,54:17,Resolved,2025-03-25 01:09:02,2025-03-25 02:03:19
2025-03-25 02:27:31,06:23,2JDAQJMLOM4D1O3,Service Outage,XHPLT6KOIS,41:42,Escalated,2025-03-25 02:33:54,2025-03-25 03:15:36
2025-03-25 04:39:11,01:55,LPQWAEYCXY3U7LE,Technical Support,8U07NRPZ6W,15:45,Resolved,2025-03-25 04:41:06,2025-03-25 04:56:51
2025-03-25 05:06:33,09:45,C0MMDEG3R4SKYZN,Technical Support,IXQ62APEP6,12:47,Resolved,2025-03-25 05:16:18,2025-03-25 05:29:05
2025-03-25 05:21:26,07:39,LHY2LG5TPSUBJ3K,Billing,ME4CIBW9U7,37:28,Resolved,2025-03-25 05:29:05,2025-03-25 06:06:33
2025-03-25 07:10:22,01:22,S4GCGG90JJ6EN7C,Technical Support,8ACJRX8UY3,35:53,Resolved,2025-03-25 07:11:44,2025-03-25 07:47:37
2025-03-25 07:07:37,04:54,GPHQXLP7R53HYTL,Technical Support,0VWM4OS698,17:26,Resolved,2025-03-25 07:12:31,2025-03-25 07:29:57
2025-03-25 07:08:04,05:33,3VFW6SPMFPBX8ZT,Billing,Z7LLIDN5OS,24:29,Resolved,2025-03-25 07:13:37,2025-03-25 07:38:06
2025-03-25 07:39:29,06:13,PZ34DJVGY6TXFC6,Billing,ADYOBJZDW6,31:20,Pending,2025-03-25 07:45:42,2025-03-25 08:17:02
2025-03-25 11:05:13,06:08,IYHMZRIHY02BGQS,Technical Support,LA6EDSJ032,34:31,Pending,2025-03-25 11:11:21,2025-03-25 11:45:52
2025-03-25 11:44:09,00:26,DM4E7HPVU35DGF8,Technical Support,YPYPG0LW78,06:54,Resolved,2025-03-25 11:44:35,2025-03-25 11:51:29
2025-03-25 12:02:58,01:33,JCRQLKI922AVI0S,Technical Support,Y3PU7SF7MX,40:08,Resolved,2025-03-25 12:04:31,2025-03-25 12:44:39
2025-03-25 12:37:45,08:47,X1ZQ5GS7SPQ5K85,Technical Support,9CLZ63AUJO,10:11,Resolved,2025-03-25 12:46:32,2025-03-25 12:56:43
2025-03-25 13:46:27,03:49,H6WPVLYBAJ60XS8,Technical Support,4TVJ7VC77N,37:48,Resolved,2025-03-25 13:50:16,2025-03-25 14:28:04
2025-03-25 15:30:26,02:17,984EZDOJ769XBXL,Billing,QMI4KU7HX7,44:44,Escalated,2025-03-25 15:32:43,2025-03-25 16:17:27
2025-03-25 16:22:49,01:43,IEF2XS36JYZKRXG,Technical Support,WWJ8DQZ4IM,18:00,Resolved,2025-03-25 16:24:32,2025-03-25 16:42:32
2025-03-25 17:51:40,03:39,ZXRT2PWADYQWRLA,Technical Support,Y5JKXHF0W0,59:50,Escalated,2025-03-25 17:55:19,2025-03-25 18:55:09
2025-03-25 18:19:57,09:41,014O8Y6OEHKCUWB,Billing,33J1JTE15V,29:16,Resolved,2025-03-25 18:29:38,2025-03-25 18:58:54
2025-03-25 18:27:06,05:07,S4PKK09VIW92BLW,Billing,ZOO6BBUCOH,40:33,Pending,2025-03-25 18:32:13,2025-03-25 19:12:46
2025-03-25 19:47:20,08:03,5FRYZZ2Y9NYDUPS,Technical Support,20I5VYLR6Z,21:51,Resolved,2025-03-25 19:55:23,2025-03-25 20:17:14
2025-03-25 20:19:16,08:15,AU95JLJN817KHN9,Technical Support,80CPEP3UQC,27:46,Pending,2025-03-25 20:27:31,2025-03-25 20:55:17
2025-03-25 20:31:59,01:09,Z1IEEABT333FSY1,Account Management,S4XQITBP4P,33:18,Resolved,2025-03-25 20:33:08,2025-03-25 21:06:26
2025-03-25 20:39:11,10:00,IRGEDB0LTKFMOEP,Billing,FCT1GG1XFB,59:31,Resolved,2025-03-25 20:49:11,2025-03-25 21:48:42
2025-03-25 20:40:17,09:17,ESOXQUPTMHFH4VX,Technical Support,PM9YVO7WKX,16:52,Resolved,2025-03-25 20:49:34,2025-03-25 21:06:26
2025-03-25 21:24:35,01:46,WCMKFEDECZVDIGE,Billing,S79YBSAU2M,58:16,Resolved,2025-03-25 21:26:21,2025-03-25 22:24:37
2025-03-25 23:40:53,04:28,HGYD5DGS6BL28BE,Technical Support,LA6EDSJ032,41:02,Resolved,2025-03-25 23:45:21,2025-03-26 00:26:23
2025-03-26 00:24:09,01:14,TRWZ2ZNKTPICAWU,General Inquiry,D2TZHENPQB,24:59,Resolved,2025-03-26 00:25:23,2025-03-26 00:50:22
2025-03-26 01:17:47,06:45,7G8XENBP5VU0RA6,Technical Support,P0N9BW3KN3,53:10,Resolved,2025-03-26 01:24:32,2025-03-26 02:17:42
2025-03-26 02:00:47,02:28,6NLHH5YT2XBH4VW,Billing,CUTPTYVKGA,35:18,Resolved,2025-03-26 02:03:15,2025-03-26 02:38:33
2025-03-26 02:17:35,05:25,DROMVRVUAL38J2D,Technical Support,UQ5NMFD6LQ,13:50,Resolved,2025-03-26 02:23:00,2025-03-26 02:36:50
2025-03-26 04:34:03,08:35,ARVGLGQV7SK1JTD,Technical Support,1A7LSHX07S,52:16,Resolved,2025-03-26 04:42:38,2025-03-26 05:34:54
2025-03-26 05:05:10,02:47,TP2P0WO7XEJWE7U,Technical Support,D6VZTNH4XH,04:16,Resolved,2025-03-26 05:07:57,2025-03-26 05:12:13
2025-03-26 06:13:31,07:02,7YVP45XW9ENDK57,Technical Support,WDJUM9AV28,04:48,Resolved,2025-03-26 06:20:33,2025-03-26 06:25:21
2025-03-26 06:24:48,09:57,X9ZWT4AZ7FRGK5B,Account Management,37DNZDU8U3,12:08,Resolved,2025-03-26 06:34:45,2025-03-26 06:46:53
2025-03-26 07:13:38,01:13,HYHV9MFN1I557FS,Billing,PJDR4E2INL,11:28,Pending,2025-03-26 07:14:51,2025-03-26 07:26:19
2025-03-26 08:39:35,08:54,7XOFPE5CXZJBTVI,Billing,V20HMRVLGQ,11:54,Resolved,2025-03-26 08:48:29,2025-03-26 09:00:23
2025-03-26 10:30:14,07:02,MLZ3M929DGXBIL9,Technical Support,XM8ZK94HBU,53:59,Resolved,2025-03-26 10:37:16,2025-03-26 11:31:15
2025-03-26 12:13:19,05:23,6160Z654D9E394J,Technical Support,0R5MVVD23K,21:14,Pending,2025-03-26 12:18:42,2025-03-26 12:39:56
2025-03-26 12:51:28,07:20,IT3X1FM8F80JN9Q,Technical Support,457067XAP5,58:42,Resolved,2025-03-26 12:58:48,2025-03-26 13:57:30
2025-03-26 13:08:33,04:28,P7WJAK67UFQFWWH,Technical Support,YPYPG0LW78,33:24,Pending,2025-03-26 13:13:01,2025-03-26 13:46:25
2025-03-26 13:37:38,03:21,2DZKI549ZATQU2W,General Inquiry,ZS56A0DGC5,45:51,Resolved,2025-03-26 13:40:59,2025-03-26 14:26:50
2025-03-26 13:59:39,06:26,XKHKALNSLTW8ZNX,Technical Support,D40MTMDIVI,15:01,Resolved,2025-03-26 14:06:05,2025-03-26 14:21:06
2025-03-26 14:40:23,03:03,VGJ7ZGICY7Y8848,Billing,UKSG9Z7EZP,31:58,Resolved,2025-03-26 14:43:26,2025-03-26 15:15:24
2025-03-26 15:47:42,08:19,GLR5XBBEYIP5UB3,Technical Support,9Q68LCMIE2,50:04,Pending,2025-03-26 15:56:01,2025-03-26 16:46:05
2025-03-26 17:40:11,09:04,N6ORZGCXK9N9OWA,General Inquiry,PEVGAFDH75,44:15,Resolved,2025-03-26 17:49:15,2025-03-26 18:33:30
2025-03-26 19:08:59,05:24,5PUQ943O7158W39,Technical Support,457067XAP5,28:14,Resolved,2025-03-26 19:14:23,2025-03-26 19:42:37
2025-03-27 00:03:29,01:17,T8W30CUMZOBVWON,Technical Support,1LFL7ED7C7,13:54,Pending,2025-03-27 00:04:46,2025-03-27 00:18:40
2025-03-27 00:12:03,04:08,GMBQMDCABTMRCBR,General Inquiry,FWFIHGPQRA,45:23,Resolved,2025-03-27 00:16:11,2025-03-27 01:01:34
2025-03-27 02:12:13,00:43,NT3Z3WFLROYE25E,Billing,4TVJ7VC77N,52:13,Resolved,2025-03-27 02:12:56,2025-03-27 03:05:09
2025-03-27 04:22:35,03:20,T1KMYU6SQN20DT8,Technical Support,KVJV1E2HB9,58:05,Resolved,2025-03-27 04:25:55,2025-03-27 05:24:00
2025-03-27 04:37:33,07:09,P9CH430BER8SK6K,Technical Support,1MB4ZJGMD3,17:57,Escalated,2025-03-27 04:44:42,2025-03-27 05:02:39
2025-03-27 05:11:21,06:12,KP6O2EQKD0ZI7KZ,Technical Support,SMDTYF01A6,13:04,Resolved,2025-03-27 05:17:33,2025-03-27 05:30:37
2025-03-27 05:20:06,05:33,EDF8XAQ0KVW7UQM,Technical Support,EGGPRLOCG3,50:53,Resolved,2025-03-27 05:25:39,2025-03-27 06:16:32
2025-03-27 05:49:38,05:24,S2A7CZV1NMBPSQG,Billing,PHRUFX08XU,01:04,Pending,2025-03-27 05:55:02,2025-03-27 05:56:06
2025-03-27 07:39:37,00:24,IHYMJE98SPJI4QO,Billing,F4UJGWI632,20:34,Resolved,2025-03-27 07:40:01,2025-03-27 08:00:35
2025-03-27 08:14:55,02:04,RG6N3RMX8NABCCX,Technical Support,KCP6C30POO,34:42,Resolved,2025-03-27 08:16:59,2025-03-27 08:51:41
2025-03-27 08:37:04,03:53,IGBZR3Y3MCZ98M6,Technical Support,0KDZ3PE1CP,16:20,Resolved,2025-03-27 08:40:57,2025-03-27 08:57:17
2025-03-27 13:13:34,06:40,VFSZF8O0GBAFYDU,Billing,CUTPTYVKGA,12:32,Resolved,2025-03-27 13:20:14,2025-03-27 13:32:46
2025-03-27 13:53:22,03:36,XTX832KIFMJ88YD,General Inquiry,SMDTYF01A6,53:26,Resolved,2025-03-27 13:56:58,2025-03-27 14:50:24
2025-03-27 14:13:43,04:48,TTJR0K9478VQ7ZX,Billing,EK8VO248TP,33:12,Resolved,2025-03-27 14:18:31,2025-03-27 14:51:43
2025-03-27 15:12:01,03:43,K7KI8N04BMC8601,Technical Support,0CT6B8KL4F,47:22,Resolved,2025-03-27 15:15:44,2025-03-27 16:03:06
2025-03-27 16:08:21,05:48,D34M534497ZUNQH,Technical Support,OCP7VPN3M0,43:36,Pending,2025-03-27 16:14:09,2025-03-27 16:57:45
2025-03-27 16:34:58,07:51,KPWRFF90SHOKBM2,Billing,G708AXCHKB,31:20,Resolved,2025-03-27 16:42:49,2025-03-27 17:14:09
2025-03-27 16:43:04,04:07,844MK29U67V1296,Billing,X6943R0AP1,49:28,Resolved,2025-03-27 16:47:11,2025-03-27 17:36:39
2025-03-27 16:43:55,04:32,RC7WMICHBLYO0SV,Technical Support,YPK1BT8J0S,17:36,Resolved,2025-03-27 16:48:27,2025-03-27 17:06:03
2025-03-27 19:08:15,04:15,WFZWBRC9OPJIFU8,Technical Support,YEP4P8AQ7E,42:59,Resolved,2025-03-27 19:12:30,2025-03-27 19:55:29
2025-03-27 20:09:25,00:53,N3916CAA26PDZY0,Technical Support,HDCBSCKPWK,11:02,Resolved,2025-03-27 20:10:18,2025-03-27 20:21:20
2025-03-27 22:11:03,00:28,GVT5SLW98DCTGRY,Billing,085B1M387E,44:07,Resolved,2025-03-27 22:11:31,2025-03-27 22:55:38
2025-03-27 22:20:19,00:40,HD261EOUKIOIV9T,General Inquiry,5VEP98O7UQ,46:16,Resolved,2025-03-27 22:20:59,2025-03-27 23:07:15
2025-03-27 22:21:56,04:32,O3NV8DFFST5DHD2,Technical Support,COSU7XWCCI,10:07,Resolved,2025-03-27 22:26:28,2025-03-27 22:36:35
2025-03-27 22:30:03,04:23,GTHC4M3KIWOZSJU,Technical Support,S4XQITBP4P,33:19,Resolved,2025-03-27 22:34:26,2025-03-27 23:07:45
2025-03-27 23:14:33,05:04,KP0364Q64WCDMUC,Feedback,Y5JKXHF0W0,02:03,Resolved,2025-03-27 23:19:37,2025-03-27 23:21:40
2025-03-28 00:03:10,04:06,65F84D1GVMDY126,Billing,TMPPSC4TH2,07:08,Resolved,2025-03-28 00:07:16,2025-03-28 00:14:24
2025-03-28 02:12:35,01:34,XZ12S3JNUCYISSP,Billing,0F8YFNUIYL,42:05,Resolved,2025-03-28 02:14:09,2025-03-28 02:56:14
2025-03-28 02:19:08,04:11,UH6PT2QKW3AIYPP,Billing,A5YQZAZQVF,18:03,Resolved,2025-03-28 02:23:19,2025-03-28 02:41:22
2025-03-28 06:33:25,01:26,HK8LUE2YXR1CFD5,Technical Support,QO059NJJH4,32:19,Resolved,2025-03-28 06:34:51,2025-03-28 07:07:10
2025-03-28 06:36:46,03:32,K3YOS25I0TMKZJH,Technical Support,XE5WIXCMS6,06:16,Resolved,2025-03-28 06:40:18,2025-03-28 06:46:34
2025-03-28 07:22:55,08:54,RSCT2KGUMNSNA52,Technical Support,NWKUZC5IP3,52:42,Resolved,2025-03-28 07:31:49,2025-03-28 08:24:31
2025-03-28 08:50:18,02:48,3J6DZHXDARXX6WT,Billing,80CPEP3UQC,32:01,Resolved,2025-03-28 08:53:06,2025-03-28 09:25:07
2025-03-28 11:00:40,02:58,ELJVIRXZ5AEQCSC,Account Management,7X144YH978,45:45,Resolved,2025-03-28 11:03:38,2025-03-28 11:49:23
2025-03-28 15:09:28,04:24,P4HRVUYM5ISB80B,Technical Support,JVYD05RTIS,15:02,Pending,2025-03-28 15:13:52,2025-03-28 15:28:54
2025-03-28 15:41:03,01:09,F2DX5NOBNRB6BKF,General Inquiry,0R5MVVD23K,41:49,Resolved,2025-03-28 15:42:12,2025-03-28 16:24:01
2025-03-28 15:40:12,03:15,KA4YF5JLUOCFKVJ,Technical Support,7OCTF99Y2J,05:47,Resolved,2025-03-28 15:43:27,2025-03-28 15:49:14
2025-03-28 17:13:39,02:32,V80Q7EM1AB2TUZA,Billing,4WW6XQA6RW,52:55,Resolved,2025-03-28 17:16:11,2025-03-28 18:09:06
2025-03-28 17:08:18,09:00,KK4BT1C5N572TEH,Billing,ZS56A0DGC5,06:34,Resolved,2025-03-28 17:17:18,2025-03-28 17:23:52
2025-03-28 17:10:20,08:01,79JKV5G8QNN045E,Account Management,PM9YVO7WKX,27:52,Resolved,2025-03-28 17:18:21,2025-03-28 17:46:13
2025-03-28 18:09:42,06:17,6329X5JOTYXW83P,Billing,085B1M387E,57:48,Pending,2025-03-28 18:15:59,2025-03-28 19:13:47
2025-03-28 18:57:33,09:42,2LDMSL1QHLBPDY9,Technical Support,31KAB3AA8M,51:03,Resolved,2025-03-28 19:07:15,2025-03-28 19:58:18
2025-03-28 19:25:26,00:54,QTW6U0F6DNG24X6,General Inquiry,F4UJGWI632,44:39,Resolved,2025-03-28 19:26:20,2025-03-28 20:10:59
2025-03-28 20:37:04,06:52,VQ9M18PP13W758W,Account Management,ILPNQ5U024,23:27,Resolved,2025-03-28 20:43:56,2025-03-28 21:07:23
2025-03-28 20:38:26,06:27,1XAFWB273GZ5P95,Account Management,3U00VGSYNE,57:27,Resolved,2025-03-28 20:44:53,2025-03-28 21:42:20
2025-03-28 20:46:35,08:11,LW1L43SV7N9RZDR,Service Outage,UKSG9Z7EZP,35:23,Resolved,2025-03-28 20:54:46,2025-03-28 21:30:09
2025-03-28 20:52:14,05:30,7K0X7KRR6447M25,Billing,UQ5NMFD6LQ,54:46,Pending,2025-03-28 20:57:44,2025-03-28 21:52:30
2025-03-28 21:07:27,07:06,PGK738TZLEQNOVU,Technical Support,HA7ZLGSQ93,40:55,Pending,2025-03-28 21:14:33,2025-03-28 21:55:28
2025-03-28 21:12:20,02:45,MMNG1LS22T8H3NZ,Account Management,XI049RV3AX,08:37,Resolved,2025-03-28 21:15:05,2025-03-28 21:23:42
2025-03-28 21:33:57,09:37,2AICYWGD04KL7J4,Billing,C3IK5WEMJQ,04:21,Pending,2025-03-28 21:43:34,2025-03-28 21:47:55
2025-03-28 22:08:56,09:10,XAD4R3B0AC4KN27,Technical Support,3V48BHVVEW,05:16,Resolved,2025-03-28 22:18:06,2025-03-28 22:23:22
2025-03-28 23:00:47,01:08,KO3LIYVTZEGZ3EK,Billing,Y3PU7SF7MX,42:33,Resolved,2025-03-28 23:01:55,2025-03-28 23:44:28
2025-03-28 23:53:50,03:45,D0UNXEDJ36GBYL7,Billing,1L5GLHAFEB,36:08,Resolved,2025-03-28 23:57:35,2025-03-29 00:33:43
2025-03-29 00:27:01,01:55,TJTN3JLJSC7DEKB,Technical Support,GPP6YGP8D0,56:17,Resolved,2025-03-29 00:28:56,2025-03-29 01:25:13
2025-03-29 00:34:05,04:23,OO0K05PVK5X0RPG,Billing,Z5Z0F8NXL7,30:27,Resolved,2025-03-29 00:38:28,2025-03-29 01:08:55
2025-03-29 02:08:30,02:21,A0AZCOD373B60FN,General Inquiry,PEVGAFDH75,29:15,Resolved,2025-03-29 02:10:51,2025-03-29 02:40:06
2025-03-29 02:16:57,07:57,OIWJU6LY4S30KZH,General Inquiry,0KDZ3PE1CP,29:17,Resolved,2025-03-29 02:24:54,2025-03-29 02:54:11
2025-03-29 03:02:24,09:16,YLDYPTRRRX3GBKD,Technical Support,ZO0Y9E4YJE,10:25,Resolved,2025-03-29 03:11:40,2025-03-29 03:22:05
2025-03-29 03:47:01,03:55,OT19Y65LAWI49WA,Billing,TMPPSC4TH2,54:53,Resolved,2025-03-29 03:50:56,2025-03-29 04:45:49
2025-03-29 04:18:15,05:21,MSVAGWIHZUKO8BI,Technical Support,VCEXE0YWOO,16:09,Resolved,2025-03-29 04:23:36,2025-03-29 04:39:45
2025-03-29 04:34:42,08:31,POVHEDIEPL6T46O,Account Management,XH7VE1JYPI,35:47,Pending,2025-03-29 04:43:13,2025-03-29 05:19:00
2025-03-29 05:05:17,07:20,ESONBWPUL2CIOEJ,Billing,609A9M75Q7,52:45,Resolved,2025-03-29 05:12:37,2025-03-29 06:05:22
2025-03-29 07:03:13,06:36,RJFY7MIZXXF46W4,Technical Support,WL0Y0R0O9V,55:29,Resolved,2025-03-29 07:09:49,2025-03-29 08:05:18
2025-03-29 07:16:51,07:21,ZMKADB1UJN54XVZ,Technical Support,GML5G1C6G5,02:19,Resolved,2025-03-29 07:24:12,2025-03-29 07:26:31
2025-03-29 07:46:17,07:53,N2F77ESNDHOO7JJ,Billing,VC9M3WX8IU,40:40,Resolved,2025-03-29 07:54:10,2025-03-29 08:34:50
2025-03-29 08:01:05,00:25,KWC5JSZABJTBZQN,Account Management,Y3QO4LFI83,47:22,Pending,2025-03-29 08:01:30,2025-03-29 08:48:52
2025-03-29 08:17:27,08:00,0T3P2X3LVVDZM91,Billing,PM9YVO7WKX,41:25,Resolved,2025-03-29 08:25:27,2025-03-29 09:06:52
2025-03-29 09:13:54,07:08,GBNOHFKFLITZN57,General Inquiry,DHDIAGAL5D,18:14,Resolved,2025-03-29 09:21:02,2025-03-29 09:39:16
2025-03-29 09:52:01,02:43,196UEP2ZCO16HMA,Technical Support,GPP6YGP8D0,07:22,Resolved,2025-03-29 09:54:44,2025-03-29 10:02:06
2025-03-29 11:02:51,03:47,QTD366M933WWKUW,General Inquiry,VD1D20T3OW,21:05,Escalated,2025-03-29 11:06:38,2025-03-29 11:27:43
2025-03-29 11:06:46,09:18,FZBE9J8N2SLA104,Technical Support,AT7A0210XJ,59:01,Resolved,2025-03-29 11:16:04,2025-03-29 12:15:05
2025-03-29 11:29:43,01:14,3DEYX02L0ZNZUIQ,Technical Support,N7UU5OO1DB,14:21,Resolved,2025-03-29 11:30:57,2025-03-29 11:45:18
2025-03-29 11:30:03,08:36,EGZMBG7GF6CS8Y5,Technical Support,085B1M387E,12:21,Resolved,2025-03-29 11:38:39,2025-03-29 11:51:00
2025-03-29 11:42:18,07:49,BXJ15R4DXXDWF1D,Billing,20I5VYLR6Z,31:48,Resolved,2025-03-29 11:50:07,2025-03-29 12:21:55
2025-03-29 13:08:44,02:18,83F3WA91KT2XXN7,Billing,5VEP98O7UQ,11:01,Pending,2025-03-29 13:11:02,2025-03-29 13:22:03
2025-03-29 13:22:40,08:56,30FETKVN3FU0P2W,Service Outage,V62ER53MJK,58:55,Resolved,2025-03-29 13:31:36,2025-03-29 14:30:31
2025-03-29 15:12:27,06:20,3SO8MHQ5GTLH6N4,Billing,5ZHF59CO65,41:02,Escalated,2025-03-29 15:18:47,2025-03-29 15:59:49
2025-03-29 15:20:02,05:50,8HG6OEXB2IGE17O,Technical Support,OJG75KVJ38,27:14,Resolved,2025-03-29 15:25:52,2025-03-29 15:53:06
2025-03-29 16:06:32,05:46,3TAXFR6ZJ7NLRNQ,Billing,YA1JOJWQND,54:08,Resolved,2025-03-29 16:12:18,2025-03-29 17:06:26
2025-03-29 16:50:27,07:55,7882LLDB0XZ4IG1,Account Management,1LFL7ED7C7,17:20,Resolved,2025-03-29 16:58:22,2025-03-29 17:15:42
2025-03-29 19:23:41,08:30,QZRZTHOMK699NCL,Billing,FCT1GG1XFB,04:48,Resolved,2025-03-29 19:32:11,2025-03-29 19:36:59
2025-03-29 20:54:46,06:08,568V5NYJ0VBYGOP,Billing,HCAJOQF4ID,33:24,Resolved,2025-03-29 21:00:54,2025-03-29 21:34:18
2025-03-30 00:06:29,01:03,WA3T6APDXGGLDMX,Technical Support,BFH41C2K1L,08:36,Resolved,2025-03-30 00:07:32,2025-03-30 00:16:08
2025-03-30 01:04:06,05:28,ZOCN9QSYVZ53TFV,Billing,12DTJCOZP9,29:30,Resolved,2025-03-30 01:09:34,2025-03-30 01:39:04
2025-03-30 01:59:20,02:51,6FSEE69HQQD8YC6,Billing,GVLOFG1PYV,12:21,Resolved,2025-03-30 02:02:11,2025-03-30 02:14:32
2025-03-30 02:31:04,00:28,CV5D3WCW9T991SK,Technical Support,XI049RV3AX,30:26,Resolved,2025-03-30 02:31:32,2025-03-30 03:01:58
2025-03-30 03:05:38,02:52,JH4NXH2NDVRRH5E,General Inquiry,ADYOBJZDW6,05:18,Resolved,2025-03-30 03:08:30,2025-03-30 03:13:48
2025-03-30 03:03:26,06:20,OOKITP9UJX3438C,Technical Support,GNRXZWLKN3,06:15,Pending,2025-03-30 03:09:46,2025-03-30 03:16:01
2025-03-30 05:13:50,06:36,TCV8S6ADZPRKEA7,Billing,1KPQELPP7X,48:54,Resolved,2025-03-30 05:20:26,2025-03-30 06:09:20
2025-03-30 05:34:36,06:33,75VTFEJEKAB4TGQ,Technical Support,4TVJ7VC77N,48:33,Resolved,2025-03-30 05:41:09,2025-03-30 06:29:42
2025-03-30 06:09:19,07:11,E2GSFP25Z6Q323M,General Inquiry,59JLNXQF04,24:33,Resolved,2025-03-30 06:16:30,2025-03-30 06:41:03
2025-03-30 06:42:57,06:28,D3574ZKL5DMSNLX,Technical Support,37DNZDU8U3,08:34,Resolved,2025-03-30 06:49:25,2025-03-30 06:57:59
2025-03-30 07:15:21,09:32,19C360CG3YDOXRS,Billing,2K3P8D3XK4,16:43,Pending,2025-03-30 07:24:53,2025-03-30 07:41:36
2025-03-30 08:49:44,03:25,RS48BSVJWAJTZQG,Billing,8BG1XV1CR5,11:33,Resolved,2025-03-30 08:53:09,2025-03-30 09:04:42
2025-03-30 08:51:47,09:58,7ANHOHLO4C889SY,Technical Support,JTHTSTBZJK,51:10,Resolved,2025-03-30 09:01:45,2025-03-30 09:52:55
2025-03-30 09:41:34,01:04,X8DN20T7M2TRMLJ,Technical Support,WKF6TOLNPJ,22:25,Resolved,2025-03-30 09:42:38,2025-03-30 10:05:03
2025-03-30 09:57:57,09:32,VW8BX6FEGD7CFJX,Billing,4TVJ7VC77N,02:06,Pending,2025-03-30 10:07:29,2025-03-30 10:09:35
2025-03-30 11:05:39,03:27,15XGLWQQOUP2WWT,Billing,FWFIHGPQRA,56:50,Resolved,2025-03-30 11:09:06,2025-03-30 12:05:56
2025-03-30 11:43:14,08:38,I7MO6VY6JVOYSFS,Technical Support,N73YDXWYJP,09:56,Resolved,2025-03-30 11:51:52,2025-03-30 12:01:48
2025-03-30 12:51:04,09:48,VXUXQDXCUEYK2PU,Account Management,2K3P8D3XK4,52:46,Resolved,2025-03-30 13:00:52,2025-03-30 13:53:38
2025-03-30 15:24:19,07:40,31LFNBO0WSV7Y8E,Account Management,YZ3STW1DAX,41:29,Resolved,2025-03-30 15:31:59,2025-03-30 16:13:28
2025-03-30 16:05:00,03:36,B2693BM6TXC6SHH,General Inquiry,HOHX6DGGJB,36:07,Resolved,2025-03-30 16:08:36,2025-03-30 16:44:43
2025-03-30 16:25:54,06:33,NGUOVT2UVG309CN,Technical Support,V20HMRVLGQ,25:10,Resolved,2025-03-30 16:32:27,2025-03-30 16:57:37
2025-03-30 17:02:49,03:44,DS3XH8FES1CUUTP,General Inquiry,N3QX77XZ3T,39:26,Resolved,2025-03-30 17:06:33,2025-03-30 17:45:59
2025-03-30 17:17:33,04:27,U7X1IOWIV237BGM,Billing,609A9M75Q7,34:14,Resolved,2025-03-30 17:22:00,2025-03-30 17:56:14
2025-03-30 17:36:30,04:41,K21JQNFEI0NHK5N,Technical Support,1L5GLHAFEB,14:10,Resolved,2025-03-30 17:41:11,2025-03-30 17:55:21
2025-03-30 18:03:46,02:37,LWL9Y7EH6U1TBLK,Technical Support,HE1LT4J38Z,35:07,Resolved,2025-03-30 18:06:23,2025-03-30 18:41:30
2025-03-30 18:45:28,04:01,57YDNYXRTZHFXZB,Technical Support,COSU7XWCCI,26:00,Resolved,2025-03-30 18:49:29,2025-03-30 19:15:29
2025-03-30 20:18:20,03:54,QXN3X9JIJTO13B8,Technical Support,R6JTPQKMLX,28:10,Escalated,2025-03-30 20:22:14,2025-03-30 20:50:24
2025-03-30 21:32:23,04:29,RKZY2AELWY67FAQ,Technical Support,XDW8DBKKTA,19:09,Resolved,2025-03-30 21:36:52,2025-03-30 21:56:01
2025-03-30 22:49:25,06:49,5ZYBYCIS87ZO0GX,Technical Support,PJDR4E2INL,04:14,Pending,2025-03-30 22:56:14,2025-03-30 23:00:28
2025-03-30 23:59:26,08:25,7FH949MCFSYZPPN,Billing,UQ5NMFD6LQ,08:37,Resolved,2025-03-31 00:07:51,2025-03-31 00:16:28
